show_id,type,country_name
s1,TV Show,Brazil
s2,Movie,Mexico
s3,Movie,Singapore
s4,Movie,United States
s5,Movie,United States
s6,TV Show,Turkey
s7,Movie,Egypt
s8,Movie,United States
s9,Movie,India
s10,Movie,India
s11,Movie,United States
s12,TV Show,Poland
s12,TV Show,United States
s13,TV Show,Mexico
s14,Movie,Thailand
s15,Movie,United States
s16,Movie,Nigeria
s18,Movie,Norway
s18,Movie,Iceland
s18,Movie,United States
s19,Movie,India
s20,Movie,United Kingdom
s21,Movie,India
s22,Movie,India
s23,Movie,India
s24,Movie,India
s25,TV Show,Japan
s26,Movie,United States
s27,TV Show,United States
s28,Movie,South Korea
s29,Movie,Italy
s30,TV Show,United States
s31,Movie,Canada
s32,Movie,Indonesia
s33,Movie,Indonesia
s34,Movie,United States
s35,Movie,Canada
s36,Movie,United States
s37,Movie,Romania
s38,Movie,Romania
s40,Movie,Spain
s41,Movie,Turkey
s42,Movie,Iceland
s43,Movie,Turkey
s44,Movie,Nigeria
s45,Movie,United States
s46,TV Show,Turkey
s47,Movie,United States
s48,Movie,United States
s49,Movie,South Africa
s49,Movie,Nigeria
s50,Movie,France
s51,Movie,United States
s51,Movie,South Africa
s52,TV Show,South Korea
s53,Movie,Spain
s54,TV Show,United States
s55,Movie,Portugal
s55,Movie,Spain
s56,Movie,United States
s57,Movie,United States
s58,Movie,Indonesia
s59,TV Show,United Kingdom
s60,Movie,India
s61,Movie,United States
s62,TV Show,South Korea
s63,Movie,United States
s64,TV Show,United States
s65,TV Show,United States
s66,Movie,United States
s67,Movie,United States
s69,Movie,Hong Kong
s69,Movie,China
s69,Movie,Singapore
s70,Movie,United States
s71,Movie,United States
s72,Movie,United States
s72,Movie,Germany
s73,Movie,United States
s74,Movie,Italy
s75,Movie,Spain
s76,Movie,United States
s77,Movie,United States
s78,Movie,France
s79,Movie,India
s80,Movie,United States
s81,TV Show,Turkey
s82,Movie,South Korea
s83,Movie,United Kingdom
s84,Movie,United States
s85,Movie,United States
s86,TV Show,United Kingdom
s87,TV Show,India
s88,TV Show,Canada
s89,Movie,United States
s90,Movie,South Africa
s90,Movie,China
s90,Movie,United States
s91,Movie,India
s92,Movie,South Korea
s93,Movie,Argentina
s94,Movie,United Kingdom
s95,Movie,United States
s96,TV Show,South Korea
s97,Movie,United States
s97,Movie,France
s97,Movie,Serbia
s99,Movie,United States
s100,Movie,Indonesia
s101,Movie,India
s102,Movie,Canada
s103,Movie,Germany
s104,Movie,Egypt
s105,Movie,United States
s106,Movie,Denmark
s106,Movie,France
s106,Movie,Poland
s107,Movie,Poland
s108,Movie,Japan
s109,TV Show,United States
s110,Movie,Kenya
s111,Movie,United States
s112,TV Show,Italy
s113,TV Show,Spain
s114,Movie,Canada
s115,Movie,Spain
s116,Movie,United States
s117,Movie,Nigeria
s119,Movie,United States
s120,Movie,Italy
s121,Movie,United States
s122,Movie,United States
s123,Movie,United States
s124,Movie,Indonesia
s125,Movie,Romania
s126,Movie,United States
s127,Movie,New Zealand
s127,Movie,United Kingdom
s128,Movie,United States
s129,Movie,United States
s130,Movie,India
s131,TV Show,United States
s132,Movie,United States
s133,TV Show,India
s134,Movie,Spain
s135,TV Show,United States
s136,Movie,Pakistan
s137,Movie,India
s138,TV Show,Australia
s139,TV Show,Australia
s140,TV Show,Australia
s140,TV Show,United States
s141,TV Show,Australia
s143,TV Show,United States
s144,Movie,India
s145,Movie,Nigeria
s146,Movie,Australia
s147,Movie,Mexico
s147,Movie,United States
s148,Movie,United States
s149,Movie,United States
s149,Movie,China
s150,Movie,China
s150,Movie,Hong Kong
s151,Movie,India
s152,Movie,United States
s153,TV Show,Taiwan
s154,Movie,United States
s154,Movie,United Kingdom
s155,Movie,United States
s156,Movie,United States
s157,Movie,Turkey
s158,Movie,Taiwan
s159,Movie,Canada
s160,Movie,United States
s161,Movie,United States
s162,Movie,United States
s163,Movie,France
s163,Movie,South Korea
s163,Movie,Japan
s164,Movie,United States
s164,Movie,Canada
s165,Movie,United States
s166,Movie,United Kingdom
s166,Movie,United States
s167,Movie,United States
s168,Movie,United States
s169,Movie,United States
s170,Movie,Netherlands
s170,Movie,Denmark
s170,Movie,South Africa
s171,Movie,Canada
s171,Movie,United States
s172,Movie,United States
s173,Movie,India
s174,Movie,Denmark
s175,Movie,United States
s176,Movie,United States
s177,Movie,United States
s178,Movie,United States
s181,TV Show,Taiwan
s182,Movie,United Kingdom
s183,Movie,United States
s184,Movie,United States
s185,Movie,United States
s186,Movie,Germany
s187,Movie,United States
s188,Movie,Hong Kong
s189,TV Show,Taiwan
s190,Movie,United States
s190,Movie,China
s191,Movie,United States
s192,TV Show,South Korea
s193,Movie,France
s193,Movie,Netherlands
s193,Movie,Singapore
s194,Movie,United States
s195,Movie,Argentina
s196,TV Show,United States
s197,Movie,United Kingdom
s198,TV Show,United States
s199,TV Show,China
s200,TV Show,South Korea
s201,Movie,United States
s202,Movie,Philippines
s203,TV Show,South Korea
s204,Movie,France
s206,Movie,United Kingdom
s206,Movie,Spain
s206,Movie,United States
s207,Movie,United Arab Emirates
s207,Movie,United States
s208,Movie,United States
s209,Movie,Brazil
s210,Movie,United States
s211,Movie,United States
s212,Movie,Netherlands
s213,Movie,United Kingdom
s214,TV Show,Germany
s215,Movie,United States
s216,Movie,United States
s217,Movie,United Kingdom
s217,Movie,Hong Kong
s218,Movie,United States
s219,TV Show,Brazil
s220,Movie,Spain
s221,Movie,Canada
s222,Movie,India
s223,Movie,Philippines
s224,Movie,United States
s225,Movie,Iran
s225,Movie,France
s226,TV Show,United States
s227,Movie,United States
s227,Movie,United Kingdom
s227,Movie,France
s228,Movie,United Kingdom
s228,Movie,France
s228,Movie,Belgium
s228,Movie,United States
s228,Movie,China
s229,Movie,Japan
s230,Movie,United States
s231,Movie,Argentina
s231,Movie,Brazil
s231,Movie,France
s231,Movie,Poland
s231,Movie,Germany
s231,Movie,Denmark
s232,Movie,United States
s233,Movie,United States
s234,Movie,United States
s235,Movie,Taiwan
s236,TV Show,Taiwan
s237,Movie,Israel
s237,Movie,United States
s238,Movie,United States
s238,Movie,Mexico
s239,Movie,United States
s240,TV Show,Taiwan
s241,Movie,United States
s242,TV Show,Taiwan
s244,Movie,Nigeria
s245,Movie,India
s246,Movie,Uruguay
s246,Movie,Argentina
s246,Movie,Spain
s247,Movie,United States
s247,Movie,Canada
s248,Movie,United States
s249,TV Show,France
s250,Movie,Philippines
s251,Movie,United States
s252,Movie,India
s253,Movie,United States
s254,Movie,Japan
s255,Movie,Canada
s256,Movie,United States
s257,TV Show,United States
s258,Movie,Singapore
s258,Movie,France
s259,TV Show,United Kingdom
s260,TV Show,United States
s261,TV Show,Japan
s262,Movie,Canada
s263,Movie,United States
s264,Movie,Turkey
s265,Movie,India
s266,Movie,India
s267,Movie,India
s268,Movie,India
s269,Movie,India
s270,Movie,India
s271,Movie,India
s272,Movie,India
s273,Movie,India
s274,Movie,India
s275,Movie,India
s276,Movie,India
s277,TV Show,United States
s277,TV Show,Canada
s278,Movie,India
s279,Movie,India
s280,Movie,India
s281,Movie,Egypt
s282,Movie,United States
s283,Movie,Pakistan
s284,Movie,India
s285,TV Show,South Korea
s286,Movie,United States
s287,Movie,United Kingdom
s287,Movie,United States
s287,Movie,France
s287,Movie,Germany
s288,Movie,United Kingdom
s289,TV Show,United States
s290,TV Show,United States
s291,TV Show,South Korea
s292,Movie,Argentina
s293,Movie,Mexico
s294,Movie,Hong Kong
s295,TV Show,China
s296,Movie,United States
s297,Movie,Canada
s298,Movie,United States
s298,Movie,United Kingdom
s299,Movie,United States
s300,Movie,Turkey
s300,Movie,United States
s301,Movie,India
s302,Movie,Bulgaria
s302,Movie,United States
s303,Movie,Canada
s304,TV Show,France
s305,Movie,Spain
s306,Movie,United States
s307,TV Show,United States
s308,Movie,United States
s309,Movie,United States
s310,Movie,France
s311,Movie,United States
s312,Movie,India
s313,Movie,India
s314,Movie,Australia
s314,Movie,France
s315,Movie,Hong Kong
s315,Movie,Iceland
s315,Movie,United States
s316,Movie,India
s317,Movie,United States
s318,Movie,Canada
s318,Movie,United States
s319,Movie,United Arab Emirates
s320,TV Show,United States
s321,Movie,Brazil
s322,TV Show,United Kingdom
s323,TV Show,Brazil
s324,Movie,United States
s325,TV Show,United Kingdom
s326,Movie,United States
s327,Movie,United States
s328,Movie,United States
s329,Movie,United States
s329,Movie,Mexico
s330,Movie,United States
s331,Movie,United Kingdom
s331,Movie,United States
s332,Movie,United States
s333,Movie,United States
s333,Movie,Chile
s334,TV Show,Singapore
s335,Movie,United Kingdom
s336,TV Show,United Kingdom
s338,TV Show,Taiwan
s339,TV Show,Germany
s339,TV Show,France
s339,TV Show,Russia
s340,TV Show,Mauritius
s340,TV Show,South Africa
s341,TV Show,India
s342,TV Show,Japan
s343,Movie,Japan
s344,Movie,India
s345,Movie,Argentina
s346,Movie,India
s347,Movie,India
s348,Movie,United States
s349,TV Show,Japan
s350,TV Show,Japan
s351,TV Show,United Kingdom
s352,Movie,United States
s352,Movie,Japan
s353,Movie,United States
s354,Movie,India
s355,Movie,India
s356,Movie,India
s357,Movie,India
s358,TV Show,United States
s359,Movie,India
s361,TV Show,Japan
s362,Movie,India
s363,Movie,India
s364,TV Show,Japan
s365,TV Show,India
s368,TV Show,Lebanon
s369,Movie,India
s371,Movie,Mexico
s372,Movie,Egypt
s373,Movie,United States
s374,Movie,India
s375,Movie,United States
s375,Movie,Bulgaria
s376,Movie,Colombia
s377,Movie,Spain
s378,Movie,Uruguay
s378,Movie,Argentina
s379,Movie,Mexico
s380,Movie,United States
s381,TV Show,United States
s382,Movie,Egypt
s382,Movie,Algeria
s383,Movie,France
s383,Movie,Egypt
s384,Movie,Uruguay
s385,Movie,United Arab Emirates
s386,Movie,Turkey
s387,Movie,United States
s388,Movie,United States
s389,Movie,Australia
s390,TV Show,Canada
s392,Movie,Soviet Union
s392,Movie,India
s393,Movie,United States
s394,TV Show,Japan
s395,Movie,Brazil
s396,Movie,United States
s398,Movie,United States
s399,TV Show,United Kingdom
s400,Movie,United States
s401,Movie,United States
s402,Movie,Sweden
s402,Movie,United States
s403,Movie,South Africa
s404,Movie,United States
s405,TV Show,United States
s406,TV Show,United States
s407,Movie,Malaysia
s408,Movie,United States
s409,Movie,Ireland
s409,Movie,United Kingdom
s409,Movie,United States
s410,TV Show,Colombia
s411,Movie,Spain
s411,Movie,Italy
s412,TV Show,United States
s414,Movie,United States
s415,Movie,United States
s416,Movie,United States
s417,Movie,Philippines
s418,Movie,United States
s419,Movie,United States
s420,Movie,United Kingdom
s421,Movie,Mexico
s422,Movie,Brazil
s423,Movie,United States
s424,Movie,Hong Kong
s425,Movie,Germany
s426,Movie,United States
s427,TV Show,Argentina
s428,Movie,United States
s430,Movie,United Kingdom
s430,Movie,France
s430,Movie,Germany
s431,Movie,Philippines
s432,Movie,United States
s432,Movie,Germany
s432,Movie,Canada
s433,Movie,United States
s434,Movie,United States
s434,Movie,India
s435,TV Show,United Kingdom
s436,Movie,United States
s438,TV Show,United States
s439,Movie,Japan
s439,Movie,United States
s440,Movie,United States
s441,TV Show,Colombia
s442,Movie,Philippines
s443,Movie,Denmark
s443,Movie,United States
s444,Movie,South Africa
s444,Movie,United States
s445,Movie,Spain
s446,Movie,United Kingdom
s447,Movie,India
s448,Movie,Egypt
s449,Movie,United States
s450,TV Show,United Kingdom
s451,Movie,United Kingdom
s452,TV Show,United States
s453,TV Show,United States
s454,Movie,United States
s455,Movie,United States
s456,Movie,United States
s457,Movie,United States
s458,TV Show,United States
s459,TV Show,United States
s460,Movie,United States
s461,TV Show,United States
s462,Movie,United States
s463,Movie,United States
s464,Movie,United States
s465,Movie,Canada
s466,Movie,Canada
s466,Movie,Luxembourg
s467,Movie,United States
s468,Movie,United Kingdom
s468,Movie,United States
s469,TV Show,United States
s470,Movie,United States
s471,Movie,United States
s472,TV Show,United States
s473,Movie,United States
s474,Movie,United States
s474,Movie,Canada
s475,Movie,United States
s476,TV Show,United States
s477,Movie,United States
s478,Movie,India
s479,TV Show,Philippines
s480,Movie,Turkey
s481,Movie,India
s482,Movie,United Kingdom
s483,Movie,United States
s484,Movie,United States
s485,Movie,India
s486,Movie,United States
s487,Movie,United States
s488,Movie,United States
s489,Movie,United States
s490,Movie,France
s491,Movie,Egypt
s492,Movie,United Kingdom
s492,Movie,United States
s493,Movie,Egypt
s494,Movie,United States
s495,TV Show,Taiwan
s496,Movie,United States
s497,Movie,Serbia
s497,Movie,United States
s498,Movie,Colombia
s499,Movie,Egypt
s500,Movie,Brazil
s501,Movie,India
s502,Movie,India
s503,Movie,Spain
s504,Movie,Canada
s504,Movie,Nigeria
s505,TV Show,United States
s506,Movie,Iceland
s506,Movie,Sweden
s506,Movie,Belgium
s507,Movie,Egypt
s508,Movie,India
s509,Movie,India
s511,Movie,India
s512,Movie,Singapore
s513,Movie,France
s514,Movie,United States
s515,Movie,India
s516,TV Show,Taiwan
s517,TV Show,Japan
s518,Movie,United States
s519,Movie,United States
s520,Movie,Ireland
s520,Movie,Canada
s521,Movie,United States
s522,Movie,United States
s522,Movie,Italy
s523,Movie,United States
s524,TV Show,Finland
s525,Movie,India
s525,Movie,Germany
s527,Movie,India
s528,Movie,United Kingdom
s529,Movie,China
s529,Movie,Spain
s529,Movie,South Korea
s529,Movie,United States
s530,Movie,China
s531,Movie,Spain
s531,Movie,Belgium
s532,TV Show,Brazil
s533,Movie,India
s534,TV Show,India
s535,TV Show,India
s536,Movie,United States
s537,Movie,India
s538,Movie,India
s539,Movie,United States
s540,TV Show,Canada
s541,TV Show,Japan
s542,Movie,United Kingdom
s542,Movie,Canada
s542,Movie,United States
s542,Movie,Germany
s543,Movie,Brazil
s543,Movie,Netherlands
s543,Movie,United States
s543,Movie,Colombia
s543,Movie,Austria
s543,Movie,Germany
s544,TV Show,United States
s545,TV Show,South Korea
s547,Movie,United States
s548,Movie,Egypt
s550,TV Show,United States
s551,Movie,United States
s552,Movie,United States
s553,Movie,India
s554,Movie,United States
s556,Movie,India
s557,TV Show,Japan
s558,Movie,United States
s559,TV Show,Argentina
s560,TV Show,Spain
s561,Movie,India
s562,Movie,United States
s563,Movie,United States
s563,Movie,Canada
s564,Movie,United Kingdom
s564,Movie,United States
s565,Movie,France
s565,Movie,Canada
s565,Movie,Belgium
s566,TV Show,United States
s567,Movie,France
s568,Movie,United States
s569,Movie,Colombia
s570,TV Show,Japan
s572,Movie,India
s572,Movie,United Kingdom
s572,Movie,China
s572,Movie,Canada
s572,Movie,Japan
s572,Movie,South Korea
s572,Movie,United States
s573,Movie,France
s573,Movie,Belgium
s574,Movie,Egypt
s575,TV Show,United States
s576,TV Show,Netherlands
s577,TV Show,South Korea
s578,Movie,Iceland
s579,TV Show,United States
s580,Movie,United States
s581,Movie,Indonesia
s582,Movie,India
s583,Movie,Canada
s583,Movie,United States
s584,TV Show,United States
s585,TV Show,United States
s586,Movie,United States
s587,TV Show,South Korea
s588,Movie,United States
s589,Movie,United Kingdom
s589,Movie,United States
s590,Movie,India
s591,Movie,Indonesia
s591,Movie,South Korea
s591,Movie,Singapore
s592,Movie,United States
s593,Movie,United States
s594,Movie,India
s595,Movie,India
s596,TV Show,United States
s597,TV Show,China
s598,TV Show,Australia
s599,TV Show,United States
s600,Movie,India
s601,Movie,United States
s602,Movie,Norway
s603,Movie,United States
s604,TV Show,United States
s605,Movie,Peru
s606,Movie,India
s607,Movie,South Korea
s608,Movie,United States
s609,Movie,Canada
s610,TV Show,Taiwan
s611,TV Show,Japan
s612,Movie,United States
s613,Movie,France
s613,Movie,Senegal
s613,Movie,Belgium
s614,Movie,United States
s615,Movie,United States
s615,Movie,Canada
s616,TV Show,Canada
s616,TV Show,France
s617,TV Show,Japan
s618,Movie,United Kingdom
s619,Movie,Chile
s620,TV Show,United States
s621,Movie,United States
s622,TV Show,Australia
s623,Movie,Romania
s623,Movie,France
s623,Movie,Switzerland
s623,Movie,Germany
s624,Movie,United Kingdom
s625,TV Show,Australia
s626,Movie,United States
s627,Movie,United States
s628,Movie,United States
s629,Movie,India
s630,Movie,Bulgaria
s630,Movie,United States
s630,Movie,Spain
s630,Movie,Canada
s631,TV Show,Taiwan
s632,Movie,United States
s633,TV Show,United States
s634,Movie,Indonesia
s635,Movie,United Kingdom
s636,Movie,United States
s637,Movie,Sweden
s637,Movie,Netherlands
s638,Movie,United Kingdom
s639,Movie,United States
s640,TV Show,United States
s641,TV Show,United States
s643,Movie,India
s644,Movie,India
s645,Movie,India
s646,Movie,Mexico
s647,Movie,Ghana
s648,Movie,India
s649,Movie,United States
s650,Movie,United States
s651,Movie,United States
s652,TV Show,Japan
s653,Movie,India
s654,Movie,India
s655,Movie,India
s656,Movie,India
s657,Movie,India
s661,Movie,India
s664,Movie,India
s665,Movie,Turkey
s666,Movie,Turkey
s667,Movie,France
s667,Movie,United States
s667,Movie,Mexico
s668,TV Show,United States
s669,TV Show,Italy
s670,TV Show,United Kingdom
s671,Movie,India
s672,Movie,South Africa
s673,TV Show,Germany
s674,Movie,India
s675,Movie,Brazil
s676,Movie,Australia
s677,TV Show,Japan
s678,TV Show,Taiwan
s680,Movie,Thailand
s682,Movie,Canada
s683,Movie,United States
s684,Movie,United States
s685,Movie,Australia
s685,Movie,United Kingdom
s685,Movie,United Arab Emirates
s685,Movie,Canada
s686,TV Show,Canada
s687,TV Show,India
s688,Movie,United States
s689,Movie,United States
s690,Movie,United Kingdom
s691,TV Show,United Kingdom
s692,Movie,Thailand
s693,Movie,United States
s694,TV Show,South Korea
s695,TV Show,South Korea
s696,Movie,Singapore
s696,Movie,United States
s697,Movie,United States
s697,Movie,Canada
s698,Movie,France
s698,Movie,Belgium
s699,TV Show,India
s700,Movie,India
s701,Movie,India
s702,Movie,United States
s704,TV Show,Japan
s706,TV Show,Japan
s706,TV Show,Canada
s706,TV Show,United States
s708,TV Show,Chile
s709,Movie,United States
s710,Movie,United States
s711,Movie,United States
s712,Movie,Pakistan
s713,Movie,Turkey
s714,Movie,Nigeria
s715,Movie,United States
s716,Movie,United States
s717,Movie,United States
s718,Movie,India
s719,Movie,Thailand
s720,Movie,India
s722,TV Show,Thailand
s723,Movie,Thailand
s725,TV Show,Thailand
s726,TV Show,Thailand
s727,TV Show,Thailand
s728,Movie,Thailand
s729,Movie,Spain
s730,Movie,India
s731,Movie,Saudi Arabia
s732,TV Show,Germany
s733,Movie,Australia
s733,Movie,Armenia
s733,Movie,Japan
s733,Movie,Jordan
s733,Movie,Mexico
s733,Movie,Mongolia
s733,Movie,New Zealand
s733,Movie,Philippines
s733,Movie,South Africa
s733,Movie,Sweden
s733,Movie,United States
s733,Movie,Uruguay
s734,Movie,United States
s735,Movie,United States
s735,Movie,Canada
s736,TV Show,United States
s736,TV Show,Canada
s738,Movie,United States
s739,Movie,United States
s740,Movie,United States
s741,TV Show,United States
s741,TV Show,Canada
s742,Movie,United States
s743,Movie,United States
s744,Movie,United States
s745,Movie,United States
s745,Movie,Canada
s746,Movie,United States
s746,Movie,Canada
s747,Movie,United States
s748,Movie,United States
s749,Movie,United States
s750,Movie,Philippines
s751,TV Show,India
s752,Movie,India
s753,Movie,United States
s754,Movie,India
s755,Movie,Chile
s756,Movie,United States
s757,Movie,India
s758,Movie,United States
s759,Movie,United States
s759,Movie,France
s760,TV Show,United States
s761,TV Show,Italy
s762,TV Show,United States
s763,Movie,India
s764,Movie,United States
s765,Movie,United States
s766,Movie,Norway
s766,Movie,Denmark
s766,Movie,Netherlands
s766,Movie,Sweden
s767,TV Show,United States
s768,Movie,United States
s769,TV Show,United Kingdom
s771,Movie,India
s772,Movie,Namibia
s773,Movie,Mexico
s773,Movie,Finland
s774,Movie,India
s775,Movie,India
s776,Movie,United States
s776,Movie,Australia
s777,Movie,United States
s778,TV Show,Taiwan
s779,TV Show,Taiwan
s780,TV Show,Russia
s781,Movie,Germany
s782,Movie,United Kingdom
s782,Movie,United States
s783,Movie,United States
s784,TV Show,Canada
s785,TV Show,Japan
s786,Movie,United States
s787,TV Show,Australia
s787,TV Show,Canada
s788,Movie,Australia
s788,Movie,Canada
s789,TV Show,South Korea
s790,Movie,United States
s791,Movie,Mexico
s792,TV Show,Canada
s793,Movie,Philippines
s795,Movie,United States
s796,Movie,United States
s797,Movie,Indonesia
s798,TV Show,South Korea
s799,Movie,Egypt
s800,Movie,United States
s801,TV Show,Mexico
s802,Movie,United Kingdom
s802,Movie,Ireland
s803,Movie,United States
s804,Movie,United States
s804,Movie,Australia
s806,TV Show,Nigeria
s807,Movie,United States
s808,Movie,United States
s809,Movie,United States
s810,Movie,Egypt
s811,Movie,Japan
s811,Movie,United States
s812,TV Show,United States
s813,Movie,United States
s814,Movie,United States
s816,TV Show,Turkey
s817,Movie,India
s818,Movie,United Kingdom
s819,Movie,United States
s820,TV Show,United States
s821,Movie,Nigeria
s822,Movie,United States
s823,Movie,Lebanon
s824,Movie,Belgium
s824,Movie,France
s825,Movie,New Zealand
s826,TV Show,United States
s827,Movie,Uruguay
s827,Movie,Spain
s827,Movie,Mexico
s828,Movie,Canada
s829,TV Show,United Kingdom
s830,TV Show,United States
s831,Movie,United States
s832,Movie,United States
s833,Movie,United States
s834,Movie,United States
s835,Movie,United Arab Emirates
s835,Movie,United States
s836,Movie,United States
s837,Movie,United States
s838,Movie,United States
s839,Movie,Germany
s840,Movie,Turkey
s841,Movie,Australia
s842,Movie,Germany
s843,Movie,Germany
s844,Movie,Japan
s845,Movie,Japan
s846,Movie,Japan
s847,Movie,United States
s849,Movie,United States
s850,TV Show,United States
s851,TV Show,South Korea
s851,TV Show,China
s854,Movie,Canada
s855,Movie,United States
s856,TV Show,United States
s857,TV Show,India
s858,Movie,United States
s859,TV Show,United States
s860,TV Show,Russia
s861,Movie,United States
s862,Movie,United States
s863,TV Show,Canada
s864,Movie,Philippines
s865,Movie,United States
s866,Movie,Spain
s867,Movie,India
s868,Movie,Egypt
s869,TV Show,Japan
s871,TV Show,Japan
s873,TV Show,Japan
s874,Movie,Turkey
s875,Movie,United States
s875,Movie,India
s876,Movie,United States
s876,Movie,Canada
s876,Movie,Indonesia
s876,Movie,United Kingdom
s876,Movie,China
s876,Movie,Singapore
s877,TV Show,United States
s879,Movie,India
s879,Movie,Iran
s880,TV Show,India
s881,TV Show,India
s882,TV Show,India
s883,Movie,India
s884,Movie,India
s885,Movie,India
s886,Movie,India
s887,Movie,India
s888,Movie,India
s889,Movie,India
s891,Movie,India
s892,Movie,India
s893,Movie,India
s894,Movie,India
s895,Movie,Germany
s896,Movie,Germany
s897,Movie,Germany
s898,Movie,Germany
s900,TV Show,United States
s900,TV Show,France
s900,TV Show,Japan
s901,Movie,United States
s902,Movie,United States
s903,TV Show,United Kingdom
s904,Movie,United States
s904,Movie,Germany
s905,Movie,United States
s906,Movie,United States
s906,Movie,United Kingdom
s907,TV Show,United States
s908,Movie,United States
s909,Movie,Denmark
s910,Movie,United States
s910,Movie,Canada
s911,Movie,France
s912,Movie,United States
s913,Movie,United Kingdom
s914,Movie,United States
s915,Movie,United States
s916,Movie,United States
s917,Movie,United States
s917,Movie,United Kingdom
s918,Movie,United States
s919,Movie,United States
s920,Movie,United Kingdom
s922,Movie,United Kingdom
s923,Movie,United Kingdom
s924,Movie,United States
s925,TV Show,United States
s926,Movie,United States
s927,Movie,India
s928,Movie,United Kingdom
s928,Movie,France
s929,Movie,United States
s930,TV Show,United States
s931,Movie,India
s932,TV Show,Germany
s933,Movie,India
s934,Movie,Turkey
s934,Movie,India
s935,Movie,United States
s936,Movie,United States
s936,Movie,Mexico
s937,Movie,Philippines
s937,Movie,Qatar
s938,Movie,Canada
s939,Movie,United States
s940,Movie,Vietnam
s941,TV Show,Canada
s942,TV Show,Spain
s943,Movie,Egypt
s944,Movie,India
s945,Movie,India
s946,Movie,Ireland
s946,Movie,Luxembourg
s946,Movie,Belgium
s947,Movie,United States
s948,TV Show,Japan
s949,TV Show,Saudi Arabia
s949,TV Show,Syria
s949,TV Show,Egypt
s949,TV Show,Lebanon
s949,TV Show,Kuwait
s950,TV Show,United Kingdom
s951,Movie,India
s952,Movie,United States
s952,Movie,United Kingdom
s953,TV Show,Turkey
s954,TV Show,United States
s955,TV Show,United States
s956,Movie,Spain
s957,TV Show,United Kingdom
s958,Movie,United States
s959,TV Show,Turkey
s960,Movie,United States
s961,Movie,Russia
s961,Movie,United States
s962,Movie,United Kingdom
s962,Movie,Russia
s962,Movie,United States
s963,Movie,United States
s964,Movie,United States
s965,Movie,Argentina
s965,Movie,Spain
s966,TV Show,France
s966,TV Show,Belgium
s967,TV Show,Canada
s967,TV Show,United States
s968,Movie,United States
s969,Movie,United States
s970,Movie,United States
s971,Movie,Japan
s972,Movie,United States
s973,TV Show,Japan
s974,TV Show,Japan
s975,Movie,Japan
s976,Movie,Japan
s977,Movie,United States
s978,Movie,Germany
s978,Movie,Jordan
s978,Movie,Netherlands
s979,Movie,France
s980,Movie,Hong Kong
s980,Movie,China
s982,Movie,Australia
s982,Movie,United States
s983,Movie,South Africa
s984,Movie,France
s985,TV Show,Thailand
s986,TV Show,South Africa
s987,Movie,France
s988,Movie,India
s989,TV Show,United States
s990,TV Show,Brazil
s991,Movie,Argentina
s991,Movie,United States
s992,TV Show,United States
s993,TV Show,Norway
s994,Movie,United States
s995,TV Show,Canada
s996,TV Show,Japan
s997,Movie,France
s997,Movie,Belgium
s997,Movie,Spain
s998,Movie,United States
s999,Movie,United States
s1000,Movie,United States
s1001,TV Show,United Kingdom
s1002,Movie,United States
s1002,Movie,France
s1003,Movie,Germany
s1003,Movie,United States
s1004,Movie,United States
s1005,Movie,India
s1006,Movie,Canada
s1007,TV Show,Japan
s1008,Movie,Thailand
s1009,Movie,United States
s1010,Movie,United States
s1011,TV Show,Canada
s1012,Movie,United States
s1014,Movie,Canada
s1015,Movie,Denmark
s1015,Movie,Sweden
s1015,Movie,Israel
s1015,Movie,United States
s1016,Movie,United States
s1017,Movie,India
s1018,Movie,India
s1020,Movie,United Kingdom
s1021,Movie,Ireland
s1021,Movie,United Kingdom
s1023,Movie,India
s1024,Movie,India
s1025,Movie,Spain
s1026,TV Show,United States
s1027,Movie,United States
s1028,Movie,United States
s1028,Movie,Iceland
s1029,TV Show,Colombia
s1030,Movie,India
s1031,Movie,United States
s1032,Movie,Spain
s1033,Movie,United Arab Emirates
s1033,Movie,United Kingdom
s1033,Movie,India
s1034,Movie,India
s1035,Movie,New Zealand
s1036,Movie,United States
s1037,Movie,Netherlands
s1038,Movie,Canada
s1039,Movie,Canada
s1040,TV Show,Australia
s1041,TV Show,United States
s1042,Movie,United States
s1043,TV Show,Sweden
s1044,TV Show,Russia
s1045,TV Show,United States
s1046,Movie,India
s1048,TV Show,Canada
s1049,TV Show,United Kingdom
s1050,TV Show,Norway
s1050,TV Show,Germany
s1050,TV Show,Sweden
s1051,TV Show,Finland
s1051,TV Show,France
s1052,TV Show,Denmark
s1053,TV Show,Brazil
s1054,Movie,Philippines
s1055,Movie,Spain
s1056,Movie,Denmark
s1056,Movie,Spain
s1057,Movie,New Zealand
s1058,Movie,United States
s1059,Movie,United Kingdom
s1059,Movie,Russia
s1060,Movie,India
s1061,Movie,Lebanon
s1062,TV Show,United Kingdom
s1063,TV Show,United States
s1063,TV Show,United Kingdom
s1063,TV Show,Australia
s1064,Movie,Canada
s1064,Movie,United States
s1065,TV Show,Singapore
s1066,Movie,Egypt
s1067,Movie,Brazil
s1068,Movie,United States
s1069,Movie,Spain
s1070,Movie,Bulgaria
s1070,Movie,United States
s1071,TV Show,South Korea
s1072,Movie,United States
s1073,Movie,India
s1073,Movie,United Kingdom
s1074,TV Show,United States
s1075,Movie,United States
s1075,Movie,Canada
s1075,Movie,Ireland
s1077,Movie,United States
s1078,Movie,United States
s1079,Movie,Canada
s1079,Movie,United Kingdom
s1080,TV Show,United States
s1080,TV Show,Israel
s1080,TV Show,Italy
s1080,TV Show,South Africa
s1081,Movie,United States
s1082,Movie,Canada
s1083,TV Show,United States
s1085,Movie,France
s1085,Movie,Belgium
s1087,Movie,India
s1088,Movie,Hong Kong
s1089,TV Show,United States
s1090,TV Show,United States
s1091,Movie,India
s1092,Movie,United Kingdom
s1094,Movie,Australia
s1096,TV Show,United States
s1097,Movie,United States
s1098,Movie,United States
s1099,Movie,Philippines
s1100,Movie,Indonesia
s1101,TV Show,United States
s1102,Movie,United Kingdom
s1103,Movie,United States
s1105,Movie,India
s1106,TV Show,South Korea
s1107,Movie,United States
s1109,TV Show,United Kingdom
s1110,TV Show,United States
s1111,TV Show,Taiwan
s1112,Movie,United States
s1113,Movie,France
s1114,Movie,Turkey
s1115,Movie,United States
s1116,TV Show,Brazil
s1117,Movie,China
s1118,Movie,India
s1118,Movie,United States
s1119,TV Show,United States
s1120,Movie,Canada
s1121,Movie,Canada
s1122,Movie,Canada
s1123,Movie,India
s1124,Movie,France
s1124,Movie,Belgium
s1126,TV Show,United Kingdom
s1126,TV Show,China
s1127,Movie,Brazil
s1128,TV Show,United States
s1129,Movie,United States
s1130,Movie,India
s1131,Movie,Indonesia
s1131,Movie,Singapore
s1132,Movie,Netherlands
s1132,Movie,Denmark
s1132,Movie,France
s1132,Movie,Germany
s1133,Movie,India
s1134,Movie,India
s1135,Movie,Bulgaria
s1135,Movie,United States
s1136,Movie,United States
s1137,Movie,United States
s1138,Movie,United States
s1139,TV Show,United States
s1140,TV Show,United States
s1142,Movie,United States
s1143,Movie,United States
s1144,Movie,France
s1144,Movie,Belgium
s1145,TV Show,Turkey
s1146,Movie,South Korea
s1146,Movie,Japan
s1147,Movie,United States
s1148,Movie,United States
s1149,TV Show,United Kingdom
s1150,Movie,United States
s1151,TV Show,South Korea
s1152,Movie,United States
s1153,Movie,United States
s1154,Movie,Philippines
s1155,Movie,Philippines
s1155,Movie,Canada
s1155,Movie,United Kingdom
s1155,Movie,United States
s1156,Movie,France
s1156,Movie,Malta
s1156,Movie,United States
s1157,Movie,Kuwait
s1158,Movie,Turkey
s1159,Movie,India
s1160,Movie,India
s1161,Movie,Belgium
s1161,Movie,France
s1162,Movie,United States
s1163,TV Show,United Kingdom
s1164,TV Show,Spain
s1165,Movie,Norway
s1166,TV Show,Japan
s1167,Movie,Indonesia
s1168,Movie,Argentina
s1169,TV Show,South Korea
s1170,Movie,Egypt
s1171,Movie,United Kingdom
s1171,Movie,Pakistan
s1172,Movie,India
s1173,Movie,United Kingdom
s1179,TV Show,Sweden
s1180,TV Show,Italy
s1181,TV Show,France
s1182,TV Show,United Kingdom
s1183,Movie,United States
s1184,Movie,United States
s1186,Movie,Spain
s1187,TV Show,Mexico
s1187,TV Show,United States
s1188,Movie,United States
s1189,Movie,United States
s1190,TV Show,Canada
s1191,Movie,United States
s1192,TV Show,South Korea
s1193,TV Show,Canada
s1194,TV Show,Ireland
s1195,Movie,United States
s1196,Movie,Philippines
s1197,Movie,Egypt
s1198,Movie,United States
s1199,TV Show,Taiwan
s1200,Movie,India
s1201,Movie,United States
s1201,Movie,United Kingdom
s1202,TV Show,France
s1203,TV Show,United States
s1203,TV Show,Japan
s1204,Movie,United States
s1205,Movie,France
s1205,Movie,New Zealand
s1206,Movie,India
s1207,Movie,United States
s1208,Movie,United States
s1209,TV Show,United Kingdom
s1211,Movie,France
s1211,Movie,Belgium
s1212,Movie,Ireland
s1213,TV Show,Japan
s1214,TV Show,United States
s1215,TV Show,United States
s1216,Movie,India
s1217,Movie,Philippines
s1218,Movie,India
s1219,Movie,United States
s1220,Movie,Mexico
s1221,Movie,Mexico
s1222,TV Show,Argentina
s1223,TV Show,United States
s1224,Movie,Canada
s1224,Movie,United States
s1225,Movie,United Kingdom
s1225,Movie,United States
s1225,Movie,Australia
s1226,TV Show,Japan
s1227,Movie,United States
s1228,Movie,United States
s1229,Movie,United States
s1230,Movie,United States
s1230,Movie,Mexico
s1231,Movie,France
s1232,TV Show,Iceland
s1233,Movie,United States
s1233,Movie,Canada
s1234,TV Show,Japan
s1235,Movie,United Kingdom
s1235,Movie,Czech Republic
s1235,Movie,United States
s1235,Movie,Germany
s1235,Movie,Bahamas
s1236,Movie,Hong Kong
s1237,Movie,Hong Kong
s1238,Movie,United States
s1238,Movie,Australia
s1238,Movie,China
s1239,TV Show,Nigeria
s1241,TV Show,United States
s1242,Movie,United States
s1243,Movie,United States
s1243,Movie,Canada
s1244,Movie,South Africa
s1245,Movie,China
s1245,Movie,Germany
s1245,Movie,India
s1245,Movie,United States
s1246,Movie,United States
s1247,TV Show,Spain
s1248,Movie,United States
s1248,Movie,Australia
s1249,Movie,Canada
s1250,TV Show,United Kingdom
s1251,Movie,Norway
s1252,Movie,United States
s1254,TV Show,Japan
s1255,Movie,India
s1256,Movie,Indonesia
s1257,Movie,United States
s1258,Movie,India
s1259,Movie,India
s1260,Movie,India
s1261,Movie,India
s1262,Movie,India
s1263,Movie,India
s1264,Movie,Pakistan
s1265,TV Show,United States
s1266,Movie,India
s1267,Movie,India
s1268,Movie,India
s1269,TV Show,United States
s1270,Movie,India
s1271,TV Show,United States
s1272,Movie,India
s1273,Movie,Germany
s1273,Movie,Sri Lanka
s1274,Movie,United States
s1275,Movie,Indonesia
s1276,Movie,United States
s1276,Movie,Sweden
s1277,Movie,South Africa
s1277,Movie,United States
s1278,TV Show,Germany
s1280,Movie,United Kingdom
s1280,Movie,United States
s1281,Movie,United States
s1281,Movie,Germany
s1282,Movie,United States
s1283,TV Show,United States
s1284,Movie,United States
s1285,TV Show,United States
s1286,Movie,Canada
s1286,Movie,United States
s1286,Movie,Cayman Islands
s1287,Movie,India
s1288,Movie,India
s1289,Movie,United States
s1290,TV Show,United States
s1291,Movie,United States
s1292,TV Show,Canada
s1293,Movie,Hong Kong
s1293,Movie,China
s1294,Movie,United States
s1295,Movie,Brazil
s1296,Movie,India
s1296,Movie,France
s1297,TV Show,Australia
s1298,TV Show,Indonesia
s1299,TV Show,United States
s1300,TV Show,United States
s1301,TV Show,United States
s1302,TV Show,South Korea
s1303,Movie,United States
s1304,TV Show,South Korea
s1305,TV Show,United States
s1306,TV Show,United States
s1308,TV Show,United States
s1309,TV Show,United States
s1310,Movie,United States
s1311,Movie,United States
s1312,Movie,India
s1313,Movie,United States
s1315,TV Show,United Kingdom
s1316,TV Show,United Kingdom
s1317,TV Show,India
s1318,Movie,India
s1323,Movie,India
s1324,TV Show,South Korea
s1325,Movie,India
s1326,Movie,United States
s1327,TV Show,United States
s1329,TV Show,United States
s1330,Movie,Nigeria
s1331,TV Show,South Korea
s1332,Movie,United States
s1333,TV Show,Lebanon
s1334,Movie,United Kingdom
s1335,Movie,Japan
s1336,TV Show,Japan
s1338,Movie,India
s1339,TV Show,United States
s1340,Movie,China
s1342,TV Show,United Kingdom
s1342,TV Show,Canada
s1343,Movie,India
s1344,Movie,United States
s1344,Movie,India
s1344,Movie,Bangladesh
s1345,Movie,United Kingdom
s1345,Movie,United States
s1346,Movie,United States
s1346,Movie,Canada
s1346,Movie,France
s1347,TV Show,South Korea
s1348,Movie,United States
s1349,Movie,India
s1350,Movie,India
s1351,TV Show,China
s1352,Movie,United States
s1353,Movie,United States
s1354,Movie,United States
s1355,Movie,United States
s1357,Movie,United States
s1358,Movie,United States
s1359,Movie,United States
s1360,TV Show,United States
s1361,Movie,United States
s1362,Movie,United Kingdom
s1362,Movie,United States
s1363,Movie,United States
s1364,Movie,Germany
s1365,Movie,Canada
s1365,Movie,United States
s1366,Movie,United States
s1367,Movie,United States
s1368,Movie,United States
s1369,Movie,United Kingdom
s1370,Movie,Canada
s1371,Movie,Canada
s1372,Movie,Canada
s1373,Movie,United States
s1374,Movie,United States
s1375,Movie,United States
s1376,Movie,Argentina
s1378,TV Show,India
s1383,TV Show,Malaysia
s1384,Movie,India
s1385,Movie,Pakistan
s1386,Movie,India
s1387,TV Show,United Kingdom
s1388,Movie,India
s1389,Movie,Turkey
s1390,TV Show,South Korea
s1395,Movie,United States
s1396,Movie,United States
s1397,Movie,United States
s1398,Movie,Nigeria
s1399,Movie,Taiwan
s1399,Movie,China
s1399,Movie,France
s1399,Movie,United States
s1400,TV Show,United Kingdom
s1401,Movie,Brazil
s1401,Movie,France
s1401,Movie,Germany
s1402,Movie,Brazil
s1403,Movie,United States
s1404,Movie,United Kingdom
s1405,TV Show,United Kingdom
s1406,Movie,Turkey
s1406,Movie,France
s1406,Movie,Germany
s1406,Movie,Poland
s1407,TV Show,Japan
s1408,Movie,United States
s1409,Movie,United States
s1409,Movie,United Kingdom
s1409,Movie,Australia
s1410,Movie,United States
s1411,Movie,India
s1412,Movie,United States
s1413,TV Show,India
s1414,TV Show,Spain
s1415,Movie,United States
s1416,TV Show,Australia
s1416,TV Show,New Zealand
s1416,TV Show,United States
s1417,Movie,United States
s1418,TV Show,United Kingdom
s1419,Movie,United States
s1420,Movie,United States
s1421,Movie,United Kingdom
s1421,Movie,United States
s1422,Movie,France
s1422,Movie,Belgium
s1423,TV Show,Taiwan
s1424,Movie,United Kingdom
s1424,Movie,United States
s1425,Movie,Germany
s1425,Movie,United States
s1425,Movie,Hong Kong
s1425,Movie,Singapore
s1426,Movie,France
s1426,Movie,Germany
s1426,Movie,Switzerland
s1427,Movie,United States
s1428,Movie,United States
s1429,Movie,United States
s1430,Movie,Mexico
s1430,Movie,Argentina
s1431,TV Show,United States
s1438,TV Show,Mexico
s1439,Movie,United States
s1439,Movie,Germany
s1440,TV Show,United States
s1441,TV Show,United States
s1442,TV Show,United Kingdom
s1443,TV Show,Spain
s1444,Movie,Mexico
s1445,TV Show,United States
s1446,TV Show,United States
s1447,Movie,Canada
s1448,TV Show,Japan
s1449,TV Show,France
s1449,TV Show,Belgium
s1450,Movie,United States
s1451,Movie,United States
s1452,Movie,Italy
s1452,Movie,United States
s1452,Movie,Argentina
s1453,Movie,India
s1454,Movie,United States
s1455,TV Show,United States
s1456,TV Show,United States
s1457,Movie,Nigeria
s1458,Movie,South Africa
s1460,Movie,United States
s1461,Movie,United States
s1462,Movie,India
s1463,TV Show,United Kingdom
s1463,TV Show,United States
s1464,TV Show,India
s1465,Movie,Germany
s1465,Movie,France
s1465,Movie,Luxembourg
s1465,Movie,United Kingdom
s1465,Movie,United States
s1466,TV Show,United States
s1467,TV Show,South Korea
s1468,Movie,India
s1469,Movie,Canada
s1469,Movie,United States
s1469,Movie,United Kingdom
s1470,Movie,United States
s1471,TV Show,United States
s1472,TV Show,United States
s1473,TV Show,United States
s1475,Movie,United States
s1476,TV Show,United States
s1477,Movie,Mexico
s1478,Movie,India
s1479,Movie,United Kingdom
s1479,Movie,Canada
s1479,Movie,Italy
s1480,TV Show,United States
s1481,Movie,Czech Republic
s1481,Movie,France
s1482,Movie,United States
s1483,Movie,Vietnam
s1484,TV Show,United Kingdom
s1485,Movie,Ireland
s1486,Movie,Turkey
s1487,Movie,Turkey
s1488,TV Show,United Kingdom
s1489,TV Show,United States
s1490,Movie,India
s1491,TV Show,Mexico
s1492,TV Show,United States
s1494,Movie,Zimbabwe
s1495,TV Show,United States
s1496,TV Show,United States
s1497,TV Show,United States
s1498,Movie,United States
s1499,Movie,Canada
s1500,Movie,United States
s1502,Movie,United States
s1503,Movie,United States
s1504,TV Show,United States
s1505,Movie,Netherlands
s1507,Movie,Canada
s1508,Movie,United States
s1509,TV Show,United States
s1510,Movie,Nigeria
s1511,Movie,Brazil
s1512,TV Show,Australia
s1513,Movie,United States
s1514,Movie,United States
s1515,Movie,United States
s1516,Movie,United States
s1517,Movie,United States
s1518,Movie,United States
s1518,Movie,Germany
s1519,TV Show,South Korea
s1520,TV Show,United Kingdom
s1521,Movie,Indonesia
s1522,Movie,Philippines
s1523,TV Show,United Kingdom
s1524,TV Show,United States
s1525,Movie,Nigeria
s1526,TV Show,Nigeria
s1527,TV Show,United Kingdom
s1528,Movie,India
s1530,TV Show,Argentina
s1531,Movie,United States
s1532,Movie,United States
s1533,TV Show,United Kingdom
s1533,TV Show,Canada
s1534,TV Show,India
s1535,TV Show,Mexico
s1536,TV Show,Mexico
s1537,TV Show,France
s1538,TV Show,United States
s1538,TV Show,Canada
s1540,TV Show,Germany
s1541,TV Show,Spain
s1542,TV Show,United Kingdom
s1542,TV Show,France
s1542,TV Show,Germany
s1542,TV Show,Spain
s1543,Movie,United States
s1544,Movie,United States
s1545,Movie,United States
s1546,Movie,Malaysia
s1547,Movie,Taiwan
s1547,Movie,Hong Kong
s1547,Movie,United States
s1547,Movie,China
s1548,Movie,China
s1548,Movie,United States
s1549,Movie,United States
s1550,TV Show,United Kingdom
s1551,Movie,Philippines
s1552,Movie,United States
s1554,TV Show,Canada
s1554,TV Show,Brazil
s1555,TV Show,Italy
s1556,TV Show,United Kingdom
s1556,TV Show,Australia
s1557,Movie,Hungary
s1558,Movie,United States
s1559,Movie,United States
s1560,Movie,France
s1561,TV Show,Japan
s1561,TV Show,United States
s1562,TV Show,Japan
s1563,Movie,India
s1564,Movie,United States
s1565,Movie,United States
s1568,Movie,Turkey
s1569,Movie,Turkey
s1570,Movie,United States
s1571,Movie,Australia
s1572,Movie,India
s1573,Movie,Turkey
s1574,Movie,Turkey
s1575,Movie,Turkey
s1576,Movie,United States
s1577,Movie,Mexico
s1578,TV Show,United Kingdom
s1579,Movie,United States
s1580,Movie,United States
s1581,Movie,Argentina
s1582,Movie,India
s1583,Movie,United States
s1583,Movie,India
s1584,Movie,United States
s1585,TV Show,United States
s1586,Movie,United States
s1588,TV Show,Australia
s1589,Movie,Germany
s1589,Movie,Australia
s1590,Movie,United States
s1593,Movie,Germany
s1594,Movie,United States
s1595,TV Show,Mexico
s1596,Movie,India
s1597,TV Show,United Kingdom
s1598,TV Show,United Kingdom
s1599,Movie,United States
s1600,TV Show,United Kingdom
s1601,TV Show,United States
s1602,Movie,Mexico
s1603,Movie,Mexico
s1604,Movie,United States
s1605,Movie,United States
s1606,Movie,Indonesia
s1607,Movie,France
s1608,Movie,United States
s1609,TV Show,United States
s1610,Movie,Ireland
s1611,TV Show,Germany
s1611,TV Show,United States
s1612,Movie,India
s1613,Movie,United Kingdom
s1613,Movie,Poland
s1613,Movie,United States
s1614,TV Show,Mexico
s1615,Movie,Mexico
s1616,Movie,United States
s1617,TV Show,Canada
s1618,Movie,United States
s1618,Movie,United Kingdom
s1618,Movie,France
s1619,Movie,United States
s1620,TV Show,New Zealand
s1621,Movie,Egypt
s1622,Movie,India
s1623,TV Show,India
s1624,Movie,India
s1625,TV Show,United States
s1627,TV Show,Brazil
s1628,TV Show,United States
s1629,Movie,United Kingdom
s1629,Movie,United States
s1630,TV Show,United States
s1631,TV Show,United States
s1632,Movie,United States
s1633,Movie,United States
s1634,Movie,United States
s1634,Movie,United Kingdom
s1635,Movie,Sweden
s1636,Movie,United Kingdom
s1636,Movie,United States
s1637,Movie,United States
s1638,Movie,Canada
s1640,TV Show,United States
s1641,TV Show,United States
s1642,TV Show,China
s1643,Movie,Bulgaria
s1644,TV Show,United States
s1645,TV Show,Taiwan
s1646,Movie,United States
s1647,TV Show,United States
s1648,TV Show,United States
s1649,Movie,Netherlands
s1650,Movie,United States
s1651,Movie,United Kingdom
s1652,Movie,Philippines
s1652,Movie,United States
s1653,TV Show,United Kingdom
s1654,TV Show,United States
s1655,Movie,United States
s1656,Movie,India
s1657,Movie,United States
s1658,Movie,United States
s1659,TV Show,Finland
s1659,TV Show,Germany
s1660,TV Show,United States
s1661,Movie,United States
s1662,Movie,India
s1663,Movie,United States
s1664,Movie,Taiwan
s1665,TV Show,South Korea
s1666,Movie,Canada
s1667,TV Show,United States
s1668,Movie,India
s1669,Movie,United States
s1670,TV Show,United States
s1671,Movie,Colombia
s1672,Movie,United States
s1673,Movie,United States
s1674,Movie,United States
s1674,Movie,Thailand
s1675,Movie,United States
s1675,Movie,Bulgaria
s1676,Movie,United States
s1677,Movie,United Kingdom
s1678,Movie,Turkey
s1679,Movie,India
s1680,Movie,Spain
s1680,Movie,Belgium
s1680,Movie,Switzerland
s1680,Movie,United States
s1680,Movie,China
s1680,Movie,United Kingdom
s1681,TV Show,United States
s1682,TV Show,Australia
s1683,Movie,India
s1684,Movie,India
s1685,Movie,United States
s1686,Movie,United States
s1687,Movie,United States
s1688,TV Show,Canada
s1689,Movie,United States
s1690,Movie,India
s1691,Movie,India
s1692,TV Show,India
s1693,Movie,Turkey
s1694,Movie,Turkey
s1695,Movie,United States
s1696,TV Show,United States
s1697,Movie,United States
s1698,Movie,United States
s1699,Movie,Denmark
s1699,Movie,Zimbabwe
s1701,Movie,United States
s1702,Movie,United States
s1703,Movie,United States
s1704,TV Show,United Kingdom
s1705,Movie,United States
s1706,Movie,United States
s1707,TV Show,United Kingdom
s1708,Movie,United Kingdom
s1710,Movie,United Kingdom
s1711,TV Show,United Kingdom
s1712,TV Show,United States
s1713,TV Show,South Korea
s1714,Movie,Argentina
s1716,Movie,United States
s1717,Movie,United States
s1718,Movie,Argentina
s1718,Movie,Spain
s1719,Movie,Spain
s1720,Movie,France
s1720,Movie,Egypt
s1721,TV Show,Taiwan
s1722,Movie,Egypt
s1723,Movie,United Kingdom
s1723,Movie,South Africa
s1724,Movie,United States
s1725,Movie,India
s1726,Movie,United States
s1727,Movie,Finland
s1727,Movie,Sweden
s1727,Movie,Norway
s1727,Movie,Latvia
s1727,Movie,Germany
s1728,Movie,Canada
s1729,TV Show,Japan
s1730,TV Show,India
s1731,Movie,India
s1732,TV Show,United States
s1733,Movie,India
s1734,Movie,United Kingdom
s1734,Movie,India
s1735,Movie,India
s1736,Movie,India
s1737,TV Show,India
s1738,Movie,India
s1739,TV Show,Malaysia
s1740,Movie,India
s1741,Movie,India
s1742,Movie,China
s1742,Movie,Hong Kong
s1743,TV Show,Mexico
s1744,TV Show,United States
s1746,TV Show,China
s1748,Movie,United Kingdom
s1749,Movie,United Kingdom
s1750,Movie,France
s1750,Movie,Belgium
s1751,Movie,United States
s1752,Movie,United Kingdom
s1752,Movie,United States
s1753,Movie,South Africa
s1754,Movie,Germany
s1757,Movie,India
s1758,Movie,India
s1759,Movie,India
s1760,Movie,India
s1761,Movie,India
s1762,Movie,India
s1763,Movie,Indonesia
s1764,Movie,Indonesia
s1765,Movie,India
s1766,TV Show,United States
s1767,Movie,United States
s1768,TV Show,United States
s1768,TV Show,Japan
s1769,TV Show,Canada
s1770,TV Show,Japan
s1771,TV Show,United States
s1773,TV Show,United States
s1774,TV Show,United States
s1775,TV Show,Egypt
s1776,Movie,Hong Kong
s1777,Movie,United States
s1778,Movie,India
s1779,Movie,Kenya
s1780,Movie,United States
s1781,TV Show,United States
s1782,TV Show,United States
s1783,Movie,United States
s1784,Movie,South Africa
s1784,Movie,United States
s1784,Movie,New Zealand
s1784,Movie,Canada
s1786,Movie,France
s1786,Movie,Qatar
s1787,Movie,Brazil
s1788,Movie,United States
s1789,Movie,France
s1789,Movie,Algeria
s1790,TV Show,South Korea
s1791,Movie,India
s1792,Movie,India
s1793,TV Show,United Kingdom
s1794,Movie,United States
s1794,Movie,Italy
s1794,Movie,United Kingdom
s1794,Movie,Liechtenstein
s1795,TV Show,United States
s1796,Movie,United States
s1797,TV Show,United States
s1798,TV Show,Germany
s1799,Movie,United States
s1800,TV Show,Lebanon
s1801,Movie,India
s1802,Movie,United Kingdom
s1803,TV Show,United States
s1804,Movie,United States
s1805,Movie,United States
s1806,Movie,United States
s1807,Movie,Denmark
s1807,Movie,France
s1807,Movie,Belgium
s1807,Movie,Italy
s1807,Movie,Netherlands
s1807,Movie,United States
s1807,Movie,United Kingdom
s1808,Movie,India
s1809,Movie,India
s1809,Movie,Germany
s1810,Movie,United States
s1811,Movie,United States
s1812,Movie,United States
s1812,Movie,Australia
s1812,Movie,Mexico
s1813,Movie,France
s1814,Movie,France
s1815,Movie,France
s1816,TV Show,United Kingdom
s1816,TV Show,United States
s1817,Movie,Hong Kong
s1818,Movie,Hong Kong
s1818,Movie,China
s1819,Movie,United Kingdom
s1820,Movie,United Kingdom
s1821,Movie,United States
s1822,Movie,Spain
s1823,Movie,United States
s1824,Movie,United States
s1825,Movie,United Kingdom
s1825,Movie,Czech Republic
s1825,Movie,Germany
s1825,Movie,United States
s1826,Movie,United States
s1827,TV Show,United States
s1828,Movie,India
s1829,TV Show,United States
s1830,Movie,India
s1831,TV Show,Japan
s1832,Movie,India
s1832,Movie,United States
s1833,Movie,Brazil
s1834,Movie,United States
s1834,Movie,Germany
s1834,Movie,Canada
s1835,Movie,China
s1836,Movie,Hong Kong
s1837,Movie,United States
s1838,Movie,Russia
s1838,Movie,Poland
s1838,Movie,Serbia
s1839,Movie,United States
s1840,TV Show,United States
s1842,Movie,United States
s1843,Movie,France
s1843,Movie,China
s1843,Movie,Japan
s1843,Movie,United States
s1844,Movie,United States
s1844,Movie,France
s1845,TV Show,United Kingdom
s1846,TV Show,Japan
s1847,Movie,Japan
s1848,Movie,Hong Kong
s1848,Movie,China
s1850,Movie,United States
s1851,Movie,United States
s1852,Movie,United States
s1853,Movie,United States
s1854,Movie,United States
s1856,Movie,United States
s1857,TV Show,United States
s1858,TV Show,United States
s1859,Movie,United States
s1860,Movie,United States
s1861,Movie,United States
s1862,TV Show,United States
s1862,TV Show,South Korea
s1862,TV Show,China
s1863,Movie,United States
s1864,Movie,Germany
s1865,TV Show,United States
s1866,Movie,United States
s1867,TV Show,United States
s1868,TV Show,United States
s1869,Movie,United States
s1870,TV Show,United States
s1871,TV Show,United States
s1872,TV Show,United States
s1873,TV Show,United States
s1875,Movie,Germany
s1875,Movie,Belgium
s1876,TV Show,Japan
s1877,Movie,Hong Kong
s1878,Movie,India
s1879,Movie,India
s1880,Movie,United States
s1881,TV Show,United States
s1882,TV Show,United States
s1883,TV Show,Spain
s1884,TV Show,United States
s1885,Movie,United States
s1886,Movie,Chile
s1886,Movie,Argentina
s1887,Movie,Japan
s1888,Movie,United States
s1889,Movie,China
s1889,Movie,United States
s1889,Movie,United Kingdom
s1890,Movie,United States
s1891,TV Show,United States
s1891,TV Show,Chile
s1892,Movie,Pakistan
s1892,Movie,Norway
s1892,Movie,United States
s1893,Movie,India
s1894,Movie,United States
s1895,Movie,United States
s1896,Movie,India
s1897,Movie,India
s1898,TV Show,Japan
s1900,Movie,Spain
s1901,TV Show,United States
s1902,Movie,United Kingdom
s1903,Movie,United States
s1904,Movie,France
s1904,Movie,Belgium
s1905,Movie,United States
s1906,TV Show,Brazil
s1907,TV Show,United Kingdom
s1909,Movie,United Kingdom
s1909,Movie,Japan
s1909,Movie,United States
s1910,Movie,United States
s1911,TV Show,United States
s1912,TV Show,United States
s1913,Movie,United States
s1914,TV Show,Taiwan
s1915,Movie,United States
s1916,Movie,India
s1917,Movie,United States
s1918,Movie,United Kingdom
s1919,Movie,United States
s1920,Movie,United States
s1922,Movie,United States
s1923,Movie,United States
s1924,TV Show,United Kingdom
s1925,TV Show,Argentina
s1926,Movie,Brazil
s1927,Movie,Italy
s1928,Movie,India
s1929,Movie,India
s1930,Movie,Philippines
s1930,Movie,Singapore
s1931,Movie,United Kingdom
s1932,Movie,Indonesia
s1933,Movie,India
s1934,TV Show,France
s1935,Movie,Egypt
s1936,Movie,India
s1937,Movie,India
s1938,Movie,India
s1939,Movie,India
s1940,Movie,India
s1941,Movie,India
s1942,Movie,Turkey
s1943,Movie,United States
s1943,Movie,Canada
s1943,Movie,Belgium
s1943,Movie,United Kingdom
s1944,TV Show,Spain
s1945,Movie,United States
s1946,Movie,United States
s1947,TV Show,Colombia
s1948,TV Show,Colombia
s1949,TV Show,Mexico
s1949,TV Show,United States
s1950,TV Show,Mexico
s1951,Movie,Venezuela
s1952,TV Show,United States
s1953,Movie,Spain
s1954,Movie,Mexico
s1956,TV Show,Mexico
s1957,Movie,Mexico
s1958,Movie,Spain
s1960,TV Show,Argentina
s1961,Movie,Argentina
s1961,Movie,Uruguay
s1961,Movie,Serbia
s1963,TV Show,Chile
s1964,TV Show,United States
s1964,TV Show,Mexico
s1964,TV Show,Colombia
s1965,Movie,Colombia
s1966,Movie,Mexico
s1967,Movie,Colombia
s1967,Movie,Peru
s1967,Movie,United Kingdom
s1968,TV Show,United States
s1970,Movie,Egypt
s1971,Movie,India
s1972,Movie,Brazil
s1972,Movie,United States
s1973,Movie,Netherlands
s1974,Movie,Nigeria
s1975,Movie,United States
s1976,Movie,United States
s1977,Movie,United States
s1978,Movie,Spain
s1979,TV Show,Spain
s1980,Movie,United Kingdom
s1981,Movie,United States
s1982,TV Show,United States
s1983,Movie,France
s1986,Movie,Canada
s1987,Movie,United Kingdom
s1988,Movie,United States
s1989,Movie,India
s1990,Movie,Brazil
s1991,TV Show,United States
s1992,TV Show,United States
s1993,Movie,Indonesia
s1994,Movie,Australia
s1995,TV Show,United States
s1996,TV Show,Czech Republic
s1996,TV Show,United States
s1997,Movie,Canada
s1997,Movie,France
s1997,Movie,Italy
s1997,Movie,Morocco
s1997,Movie,United States
s1998,Movie,United States
s2000,Movie,India
s2001,TV Show,United Kingdom
s2002,Movie,United States
s2003,Movie,United States
s2005,Movie,Canada
s2005,Movie,Spain
s2005,Movie,France
s2006,TV Show,India
s2007,Movie,India
s2008,Movie,Germany
s2009,Movie,United States
s2010,Movie,United Kingdom
s2011,TV Show,South Korea
s2012,Movie,Canada
s2013,Movie,United States
s2013,Movie,Japan
s2014,Movie,Hong Kong
s2014,Movie,United States
s2015,Movie,France
s2015,Movie,Canada
s2015,Movie,China
s2015,Movie,Cambodia
s2016,TV Show,United Kingdom
s2016,TV Show,United States
s2017,Movie,United States
s2017,Movie,Indonesia
s2018,TV Show,United States
s2018,TV Show,Canada
s2019,Movie,United States
s2020,TV Show,Denmark
s2020,TV Show,United States
s2021,TV Show,Japan
s2022,Movie,United States
s2023,Movie,United States
s2024,Movie,Spain
s2024,Movie,France
s2025,Movie,United States
s2026,Movie,Poland
s2027,Movie,Egypt
s2029,Movie,Argentina
s2030,Movie,Mexico
s2031,TV Show,China
s2032,Movie,India
s2033,TV Show,Turkey
s2034,TV Show,Egypt
s2035,Movie,Italy
s2037,Movie,United States
s2038,Movie,United States
s2039,Movie,Japan
s2040,Movie,Spain
s2041,Movie,United Kingdom
s2042,Movie,Spain
s2042,Movie,Mexico
s2042,Movie,France
s2043,Movie,India
s2044,Movie,United Kingdom
s2044,Movie,United States
s2045,TV Show,Canada
s2046,Movie,United States
s2047,Movie,Spain
s2047,Movie,France
s2047,Movie,Italy
s2048,Movie,Philippines
s2049,TV Show,United Kingdom
s2050,Movie,Philippines
s2051,TV Show,United States
s2052,TV Show,United States
s2053,TV Show,United States
s2054,Movie,United States
s2055,Movie,India
s2056,Movie,United Kingdom
s2057,TV Show,China
s2058,TV Show,Spain
s2060,Movie,United States
s2061,Movie,Philippines
s2062,TV Show,United States
s2063,Movie,Norway
s2064,Movie,United States
s2065,Movie,United States
s2067,Movie,Germany
s2068,Movie,Japan
s2069,TV Show,United States
s2070,Movie,United States
s2071,Movie,United States
s2072,Movie,United States
s2073,TV Show,South Korea
s2074,TV Show,United Kingdom
s2074,TV Show,United States
s2076,Movie,United States
s2077,Movie,United States
s2078,Movie,Spain
s2078,Movie,France
s2078,Movie,United States
s2079,Movie,Turkey
s2080,Movie,Turkey
s2081,Movie,Turkey
s2082,TV Show,Turkey
s2084,TV Show,United States
s2084,TV Show,France
s2084,TV Show,Canada
s2085,Movie,United States
s2086,Movie,United States
s2087,Movie,Chile
s2088,TV Show,India
s2089,Movie,United States
s2090,Movie,France
s2091,TV Show,Japan
s2092,Movie,United States
s2093,TV Show,United Kingdom
s2094,Movie,Singapore
s2095,Movie,India
s2096,Movie,United States
s2097,TV Show,Taiwan
s2098,Movie,United States
s2099,TV Show,Sweden
s2100,Movie,United States
s2101,TV Show,Mexico
s2101,TV Show,United States
s2103,TV Show,South Korea
s2104,Movie,Germany
s2105,Movie,United States
s2106,TV Show,France
s2107,TV Show,United States
s2108,Movie,India
s2109,Movie,United Arab Emirates
s2110,Movie,United States
s2111,Movie,Poland
s2112,Movie,India
s2113,TV Show,Canada
s2114,Movie,Philippines
s2115,Movie,Australia
s2116,Movie,Egypt
s2117,TV Show,Russia
s2118,TV Show,France
s2119,Movie,France
s2120,Movie,India
s2121,TV Show,United States
s2122,TV Show,United States
s2123,Movie,United States
s2124,Movie,United States
s2126,TV Show,Japan
s2127,TV Show,Japan
s2128,Movie,Japan
s2129,TV Show,Japan
s2130,TV Show,Japan
s2131,TV Show,United Kingdom
s2132,Movie,United States
s2133,Movie,United States
s2134,Movie,India
s2135,TV Show,Israel
s2136,Movie,United States
s2137,TV Show,United States
s2138,TV Show,India
s2139,Movie,Canada
s2140,TV Show,United Kingdom
s2141,Movie,United States
s2142,Movie,United States
s2143,TV Show,United States
s2144,Movie,United States
s2145,Movie,Brazil
s2146,Movie,Germany
s2147,Movie,United States
s2148,Movie,Colombia
s2149,Movie,Argentina
s2150,Movie,India
s2151,Movie,United States
s2152,Movie,India
s2153,Movie,United States
s2154,Movie,Poland
s2155,Movie,Nigeria
s2157,TV Show,Nigeria
s2158,Movie,United Kingdom
s2160,Movie,United States
s2161,TV Show,Turkey
s2162,Movie,United States
s2163,Movie,Indonesia
s2164,Movie,United States
s2165,Movie,United States
s2165,Movie,Canada
s2166,Movie,United States
s2166,Movie,Germany
s2167,TV Show,Japan
s2168,Movie,Philippines
s2170,Movie,Philippines
s2171,Movie,Italy
s2171,Movie,France
s2172,TV Show,United States
s2173,Movie,United States
s2174,Movie,India
s2175,Movie,India
s2176,Movie,India
s2177,TV Show,United Kingdom
s2180,Movie,Japan
s2182,Movie,United States
s2183,Movie,United Kingdom
s2183,Movie,Canada
s2183,Movie,United States
s2184,Movie,Netherlands
s2185,Movie,Philippines
s2186,Movie,United States
s2187,TV Show,United States
s2188,Movie,Cambodia
s2188,Movie,United States
s2189,Movie,United Kingdom
s2190,Movie,United Kingdom
s2192,Movie,United States
s2193,Movie,Brazil
s2195,Movie,India
s2196,Movie,United Arab Emirates
s2197,TV Show,United States
s2198,Movie,Hong Kong
s2199,Movie,United States
s2200,TV Show,United States
s2201,Movie,India
s2202,TV Show,United States
s2203,Movie,Canada
s2203,Movie,United States
s2204,TV Show,China
s2205,Movie,China
s2205,Movie,Japan
s2206,Movie,Egypt
s2207,TV Show,United Kingdom
s2208,TV Show,United States
s2209,Movie,United States
s2210,TV Show,United States
s2211,TV Show,South Korea
s2212,TV Show,United Kingdom
s2213,Movie,Hong Kong
s2214,Movie,United Arab Emirates
s2214,Movie,United States
s2214,Movie,United Kingdom
s2215,TV Show,United States
s2216,TV Show,Japan
s2217,Movie,Argentina
s2217,Movie,Italy
s2218,TV Show,Japan
s2220,TV Show,United States
s2221,Movie,Spain
s2222,Movie,United States
s2223,Movie,United States
s2224,Movie,Mexico
s2225,Movie,United States
s2225,Movie,India
s2226,Movie,United Kingdom
s2227,Movie,United States
s2228,Movie,Philippines
s2229,Movie,United States
s2230,Movie,Canada
s2230,Movie,United States
s2231,TV Show,United States
s2232,Movie,Spain
s2233,Movie,United Kingdom
s2234,Movie,United States
s2235,Movie,India
s2236,TV Show,United Kingdom
s2237,Movie,India
s2238,TV Show,United States
s2239,TV Show,Japan
s2240,Movie,Brazil
s2241,Movie,United Kingdom
s2241,Movie,Israel
s2241,Movie,Russia
s2242,TV Show,United States
s2243,TV Show,United Kingdom
s2244,Movie,Italy
s2244,Movie,Switzerland
s2244,Movie,Albania
s2244,Movie,Poland
s2245,Movie,South Korea
s2246,Movie,United States
s2247,TV Show,United Kingdom
s2248,Movie,United States
s2249,Movie,Germany
s2249,Movie,United States
s2250,TV Show,Spain
s2250,TV Show,Cuba
s2251,Movie,Philippines
s2252,Movie,United Kingdom
s2253,Movie,United States
s2253,Movie,Germany
s2254,Movie,United States
s2255,Movie,United States
s2255,Movie,Italy
s2256,Movie,United States
s2256,Movie,Brazil
s2257,Movie,Italy
s2258,Movie,Mexico
s2259,Movie,Mexico
s2260,Movie,United States
s2261,Movie,United States
s2262,TV Show,Germany
s2263,Movie,United States
s2264,TV Show,United States
s2265,Movie,United States
s2266,Movie,United States
s2267,Movie,United States
s2267,Movie,Canada
s2268,Movie,Germany
s2270,Movie,United States
s2271,Movie,United Kingdom
s2272,TV Show,United States
s2274,Movie,United States
s2275,Movie,United States
s2276,Movie,United States
s2276,Movie,France
s2276,Movie,Mexico
s2278,Movie,United Arab Emirates
s2279,Movie,United States
s2279,Movie,Nicaragua
s2280,Movie,Egypt
s2281,Movie,United States
s2282,Movie,South Africa
s2283,TV Show,United States
s2284,Movie,United States
s2285,TV Show,Austria
s2285,TV Show,Germany
s2286,TV Show,United States
s2287,Movie,United States
s2288,Movie,Germany
s2289,TV Show,United States
s2290,TV Show,United States
s2291,Movie,India
s2292,Movie,United Arab Emirates
s2292,Movie,Jordan
s2292,Movie,Lebanon
s2293,TV Show,United States
s2294,Movie,Egypt
s2295,Movie,United States
s2296,Movie,France
s2296,Movie,United Kingdom
s2296,Movie,United States
s2297,Movie,United States
s2298,Movie,United States
s2299,TV Show,Canada
s2300,TV Show,United Kingdom
s2300,TV Show,United States
s2300,TV Show,Spain
s2300,TV Show,Germany
s2300,TV Show,Greece
s2300,TV Show,Canada
s2301,Movie,United Kingdom
s2301,Movie,United States
s2301,Movie,Spain
s2301,Movie,Germany
s2301,Movie,Greece
s2301,Movie,Canada
s2302,Movie,United Kingdom
s2302,Movie,United States
s2302,Movie,Spain
s2302,Movie,Germany
s2302,Movie,Greece
s2302,Movie,Canada
s2303,Movie,United States
s2304,Movie,United States
s2305,TV Show,Spain
s2306,Movie,India
s2308,Movie,India
s2309,Movie,United States
s2310,Movie,Canada
s2310,Movie,United States
s2311,Movie,United States
s2312,TV Show,United States
s2313,Movie,Japan
s2314,TV Show,Japan
s2315,Movie,United States
s2316,Movie,France
s2316,Movie,Belgium
s2316,Movie,Luxembourg
s2316,Movie,Cambodia
s2317,Movie,United States
s2318,Movie,Canada
s2318,Movie,United States
s2319,Movie,Vietnam
s2320,Movie,United States
s2320,Movie,United Kingdom
s2322,Movie,United States
s2323,Movie,Italy
s2323,Movie,Turkey
s2324,Movie,United States
s2325,Movie,Turkey
s2326,Movie,Turkey
s2327,Movie,India
s2330,Movie,Brazil
s2330,Movie,France
s2331,Movie,United States
s2332,TV Show,India
s2333,Movie,United States
s2334,Movie,France
s2335,Movie,India
s2336,Movie,United States
s2337,Movie,Russia
s2338,TV Show,United States
s2339,Movie,Indonesia
s2340,Movie,India
s2341,TV Show,United States
s2342,Movie,Egypt
s2344,Movie,India
s2344,Movie,Turkey
s2346,Movie,United States
s2347,TV Show,Taiwan
s2349,Movie,France
s2350,Movie,India
s2351,TV Show,India
s2352,Movie,United States
s2352,Movie,Italy
s2353,Movie,Japan
s2354,Movie,India
s2355,Movie,Kenya
s2355,Movie,United States
s2356,Movie,United States
s2357,Movie,United States
s2357,Movie,South Korea
s2358,Movie,South Korea
s2358,Movie,United States
s2359,Movie,United States
s2360,TV Show,Japan
s2361,TV Show,United States
s2362,Movie,Indonesia
s2363,Movie,Indonesia
s2364,Movie,Taiwan
s2365,Movie,Nigeria
s2366,Movie,Japan
s2366,Movie,United States
s2367,Movie,India
s2368,Movie,India
s2370,Movie,United States
s2371,Movie,United States
s2372,Movie,United States
s2373,Movie,India
s2374,TV Show,United Kingdom
s2375,TV Show,United Kingdom
s2376,TV Show,United States
s2377,TV Show,Sweden
s2378,Movie,United States
s2379,Movie,United States
s2379,Movie,Australia
s2380,Movie,United States
s2381,TV Show,Italy
s2381,TV Show,Canada
s2381,TV Show,France
s2382,TV Show,United Kingdom
s2383,Movie,United States
s2384,Movie,France
s2384,Movie,Belgium
s2385,Movie,United States
s2386,TV Show,United States
s2387,Movie,United Kingdom
s2387,Movie,United States
s2388,TV Show,United States
s2389,Movie,United States
s2390,Movie,Spain
s2391,Movie,United States
s2392,Movie,Lebanon
s2393,Movie,India
s2394,Movie,India
s2395,Movie,Thailand
s2395,Movie,United States
s2396,TV Show,Japan
s2396,TV Show,United States
s2397,Movie,United States
s2398,Movie,Japan
s2399,Movie,Canada
s2400,Movie,United States
s2400,Movie,Australia
s2401,Movie,India
s2402,Movie,Japan
s2403,TV Show,United States
s2404,Movie,Japan
s2405,Movie,United States
s2406,Movie,United Kingdom
s2407,TV Show,India
s2408,Movie,India
s2409,Movie,Indonesia
s2410,TV Show,United States
s2411,Movie,United States
s2412,TV Show,United States
s2413,TV Show,United States
s2414,Movie,United States
s2415,Movie,France
s2417,Movie,United Kingdom
s2418,Movie,United Kingdom
s2418,Movie,Denmark
s2418,Movie,Canada
s2418,Movie,Croatia
s2419,Movie,India
s2420,TV Show,United Kingdom
s2421,Movie,Netherlands
s2421,Movie,Belgium
s2422,TV Show,Thailand
s2423,Movie,United States
s2424,Movie,Philippines
s2425,Movie,Taiwan
s2426,TV Show,United States
s2427,Movie,United States
s2428,TV Show,United States
s2429,TV Show,United States
s2430,TV Show,India
s2431,TV Show,United States
s2432,TV Show,Japan
s2433,Movie,Japan
s2434,Movie,France
s2434,Movie,Belgium
s2435,Movie,United States
s2436,TV Show,United States
s2437,TV Show,Australia
s2438,TV Show,United States
s2439,TV Show,Japan
s2440,TV Show,Japan
s2441,TV Show,United States
s2442,TV Show,United Kingdom
s2443,Movie,United States
s2445,Movie,United Kingdom
s2445,Movie,Canada
s2445,Movie,United States
s2445,Movie,Cayman Islands
s2446,Movie,Australia
s2447,TV Show,United States
s2448,Movie,United States
s2449,TV Show,Argentina
s2450,Movie,Argentina
s2451,Movie,United States
s2452,TV Show,Japan
s2453,Movie,United States
s2454,Movie,China
s2454,Movie,Hong Kong
s2455,Movie,United States
s2456,Movie,United States
s2457,Movie,United Kingdom
s2458,TV Show,United States
s2459,TV Show,Japan
s2460,Movie,Japan
s2461,Movie,Japan
s2462,TV Show,South Korea
s2463,Movie,Australia
s2464,Movie,India
s2465,Movie,Japan
s2466,Movie,United Kingdom
s2466,Movie,United States
s2467,Movie,United States
s2468,TV Show,United States
s2469,Movie,Australia
s2470,Movie,India
s2471,Movie,India
s2472,Movie,India
s2473,TV Show,Italy
s2473,TV Show,Germany
s2474,Movie,United States
s2475,TV Show,Turkey
s2476,Movie,Egypt
s2477,Movie,United States
s2478,Movie,Turkey
s2479,TV Show,United States
s2480,Movie,United States
s2481,Movie,United States
s2482,Movie,United States
s2483,Movie,United States
s2484,Movie,Egypt
s2485,Movie,United States
s2485,Movie,Canada
s2486,TV Show,Japan
s2487,TV Show,Brazil
s2488,Movie,United States
s2488,Movie,France
s2488,Movie,United Kingdom
s2488,Movie,Japan
s2489,Movie,United States
s2489,Movie,United Kingdom
s2489,Movie,Denmark
s2489,Movie,Sweden
s2490,Movie,United States
s2491,Movie,United States
s2492,TV Show,United States
s2492,TV Show,Canada
s2493,TV Show,South Korea
s2494,Movie,United States
s2496,Movie,United States
s2497,Movie,United States
s2497,Movie,Canada
s2498,Movie,Canada
s2499,TV Show,Canada
s2500,Movie,United States
s2500,Movie,United Kingdom
s2501,Movie,India
s2502,TV Show,Spain
s2502,TV Show,Italy
s2503,Movie,United States
s2503,Movie,United Kingdom
s2503,Movie,Italy
s2504,TV Show,United States
s2505,TV Show,United States
s2506,Movie,United States
s2506,Movie,France
s2506,Movie,Canada
s2506,Movie,Spain
s2507,Movie,India
s2508,Movie,Philippines
s2509,TV Show,United States
s2510,TV Show,South Korea
s2511,Movie,Germany
s2511,Movie,United States
s2512,TV Show,Japan
s2513,TV Show,United States
s2514,TV Show,United Kingdom
s2515,TV Show,Spain
s2516,Movie,India
s2517,Movie,United States
s2518,Movie,India
s2519,Movie,United Arab Emirates
s2520,Movie,United Arab Emirates
s2521,Movie,United States
s2523,Movie,United States
s2524,TV Show,United Kingdom
s2525,TV Show,United States
s2526,TV Show,Japan
s2527,TV Show,United Kingdom
s2528,Movie,United States
s2529,TV Show,United Kingdom
s2530,TV Show,Taiwan
s2531,TV Show,United Kingdom
s2531,TV Show,Canada
s2531,TV Show,United States
s2532,TV Show,Colombia
s2533,Movie,United States
s2534,Movie,Nigeria
s2535,TV Show,United States
s2536,TV Show,United States
s2537,Movie,United Kingdom
s2538,Movie,Argentina
s2539,TV Show,United States
s2540,Movie,Canada
s2541,Movie,Italy
s2542,Movie,United States
s2543,Movie,Canada
s2544,TV Show,France
s2545,Movie,United States
s2546,Movie,United States
s2547,Movie,Uruguay
s2547,Movie,Guatemala
s2548,Movie,United States
s2549,Movie,Argentina
s2550,Movie,India
s2551,Movie,India
s2552,Movie,Spain
s2552,Movie,France
s2553,Movie,Canada
s2554,Movie,India
s2555,Movie,India
s2556,TV Show,Japan
s2557,Movie,India
s2558,TV Show,Japan
s2559,Movie,India
s2561,Movie,United Kingdom
s2562,Movie,India
s2563,TV Show,United States
s2563,TV Show,United Kingdom
s2564,TV Show,France
s2565,Movie,Chile
s2566,Movie,Turkey
s2567,Movie,Turkey
s2568,TV Show,Australia
s2569,TV Show,Germany
s2569,TV Show,Australia
s2569,TV Show,France
s2569,TV Show,China
s2571,Movie,India
s2572,Movie,India
s2573,Movie,Indonesia
s2573,Movie,Singapore
s2574,TV Show,Spain
s2575,Movie,Turkey
s2576,Movie,India
s2577,TV Show,Japan
s2578,Movie,United States
s2578,Movie,United Kingdom
s2578,Movie,Japan
s2579,Movie,United States
s2579,Movie,United Kingdom
s2579,Movie,Canada
s2580,Movie,United Arab Emirates
s2581,Movie,United Arab Emirates
s2582,Movie,Nigeria
s2583,TV Show,United States
s2584,Movie,India
s2585,Movie,India
s2586,Movie,United States
s2586,Movie,Japan
s2587,Movie,United States
s2588,TV Show,United States
s2589,Movie,India
s2590,Movie,United States
s2591,Movie,India
s2592,Movie,Egypt
s2593,Movie,Ireland
s2594,TV Show,China
s2595,Movie,United States
s2597,Movie,United States
s2598,Movie,United States
s2599,Movie,Australia
s2600,Movie,Australia
s2601,TV Show,United States
s2602,Movie,United States
s2603,Movie,Netherlands
s2604,Movie,United Kingdom
s2605,Movie,Malaysia
s2606,TV Show,United States
s2607,TV Show,Taiwan
s2608,TV Show,South Korea
s2609,Movie,United States
s2610,Movie,Italy
s2610,Movie,Switzerland
s2610,Movie,France
s2610,Movie,Germany
s2611,Movie,India
s2612,Movie,United States
s2614,Movie,India
s2615,Movie,Thailand
s2616,Movie,Mexico
s2617,TV Show,United Kingdom
s2618,TV Show,United States
s2619,TV Show,United States
s2620,Movie,India
s2621,Movie,India
s2622,Movie,United States
s2623,Movie,United States
s2624,Movie,United Kingdom
s2625,Movie,Russia
s2625,Movie,United States
s2625,Movie,China
s2626,TV Show,Ireland
s2627,Movie,United States
s2628,Movie,India
s2629,Movie,United States
s2631,Movie,United States
s2632,Movie,United States
s2632,Movie,Canada
s2632,Movie,Germany
s2633,Movie,United States
s2634,TV Show,United Kingdom
s2635,Movie,United States
s2635,Movie,Canada
s2636,TV Show,Malaysia
s2637,Movie,United States
s2638,Movie,United States
s2639,TV Show,United States
s2640,Movie,India
s2641,TV Show,United States
s2643,Movie,India
s2644,Movie,India
s2645,TV Show,Israel
s2646,TV Show,India
s2647,Movie,Mexico
s2648,TV Show,United States
s2649,TV Show,United States
s2650,TV Show,Indonesia
s2651,Movie,India
s2652,TV Show,United States
s2652,TV Show,Czech Republic
s2654,Movie,United States
s2655,Movie,United States
s2656,Movie,United States
s2658,Movie,Australia
s2659,TV Show,Canada
s2659,TV Show,United States
s2660,Movie,United States
s2661,Movie,India
s2662,Movie,Turkey
s2663,Movie,Ireland
s2663,Movie,United States
s2664,Movie,India
s2664,Movie,France
s2665,Movie,Germany
s2666,Movie,France
s2666,Movie,Belgium
s2667,Movie,United States
s2667,Movie,United Arab Emirates
s2668,Movie,Canada
s2669,Movie,United States
s2670,Movie,United States
s2671,Movie,Australia
s2672,Movie,Indonesia
s2673,TV Show,United States
s2674,Movie,France
s2674,Movie,Belgium
s2675,Movie,United States
s2677,TV Show,Australia
s2678,Movie,United States
s2679,TV Show,Canada
s2680,Movie,United States
s2681,Movie,Lebanon
s2682,TV Show,South Korea
s2683,TV Show,Canada
s2684,Movie,United States
s2684,Movie,China
s2685,TV Show,France
s2685,TV Show,Australia
s2685,TV Show,Germany
s2686,TV Show,Argentina
s2687,Movie,Hong Kong
s2687,Movie,China
s2687,Movie,United States
s2688,TV Show,United States
s2688,TV Show,Canada
s2689,Movie,United States
s2690,TV Show,Canada
s2690,TV Show,United Kingdom
s2691,Movie,United States
s2692,Movie,United States
s2693,Movie,India
s2694,TV Show,United States
s2695,Movie,Philippines
s2696,TV Show,South Korea
s2697,Movie,United States
s2698,TV Show,United States
s2699,Movie,Philippines
s2700,TV Show,United States
s2701,Movie,United States
s2702,TV Show,Colombia
s2703,Movie,United States
s2704,Movie,India
s2705,Movie,United States
s2706,TV Show,China
s2707,Movie,Lebanon
s2707,Movie,United Arab Emirates
s2707,Movie,France
s2707,Movie,Switzerland
s2707,Movie,Germany
s2708,Movie,Hong Kong
s2708,Movie,China
s2710,Movie,Spain
s2711,Movie,United States
s2712,Movie,India
s2713,TV Show,Denmark
s2714,Movie,United States
s2714,Movie,South Korea
s2714,Movie,Japan
s2715,TV Show,South Korea
s2716,TV Show,Japan
s2717,TV Show,Japan
s2718,Movie,United States
s2719,Movie,United States
s2720,TV Show,South Korea
s2721,TV Show,Egypt
s2722,Movie,India
s2723,Movie,China
s2724,Movie,Japan
s2725,Movie,Japan
s2726,Movie,Japan
s2727,Movie,Japan
s2729,Movie,India
s2730,Movie,United States
s2731,TV Show,United States
s2732,TV Show,United States
s2733,TV Show,Spain
s2734,Movie,South Korea
s2735,Movie,Romania
s2735,Movie,United States
s2736,TV Show,Thailand
s2737,Movie,Australia
s2738,Movie,India
s2739,TV Show,Canada
s2740,TV Show,United States
s2741,Movie,Japan
s2742,TV Show,United Kingdom
s2742,TV Show,Canada
s2742,TV Show,United States
s2743,Movie,United States
s2744,Movie,India
s2745,TV Show,United Kingdom
s2746,TV Show,Canada
s2747,Movie,United Kingdom
s2748,Movie,United Kingdom
s2749,Movie,India
s2749,Movie,United States
s2750,TV Show,Argentina
s2751,TV Show,United States
s2752,TV Show,United Kingdom
s2753,Movie,India
s2754,TV Show,United States
s2755,TV Show,Australia
s2756,Movie,United States
s2757,Movie,United States
s2758,Movie,West Germany
s2759,TV Show,United Kingdom
s2760,Movie,United Kingdom
s2761,Movie,France
s2762,TV Show,Denmark
s2763,Movie,Pakistan
s2765,TV Show,United Kingdom
s2766,TV Show,United States
s2767,Movie,Turkey
s2768,Movie,United States
s2769,Movie,Australia
s2770,Movie,South Africa
s2771,Movie,United States
s2772,TV Show,United States
s2773,Movie,United States
s2774,Movie,United States
s2775,TV Show,Germany
s2776,Movie,United States
s2776,Movie,Ireland
s2777,Movie,United States
s2778,TV Show,United States
s2779,Movie,Spain
s2781,Movie,Spain
s2782,Movie,United States
s2783,Movie,Thailand
s2784,Movie,Thailand
s2785,Movie,India
s2786,TV Show,Norway
s2787,TV Show,United States
s2788,Movie,United States
s2789,TV Show,United States
s2792,TV Show,Chile
s2792,TV Show,Italy
s2793,Movie,Canada
s2794,Movie,United States
s2795,Movie,United States
s2796,Movie,India
s2797,Movie,United Kingdom
s2798,TV Show,Hong Kong
s2799,Movie,United States
s2800,Movie,United States
s2801,TV Show,United States
s2802,Movie,United States
s2803,Movie,India
s2804,Movie,Thailand
s2804,Movie,United States
s2805,Movie,United States
s2806,Movie,United States
s2806,Movie,South Africa
s2807,TV Show,Thailand
s2808,Movie,United States
s2808,Movie,Canada
s2809,TV Show,United Kingdom
s2810,Movie,United Kingdom
s2811,TV Show,United Kingdom
s2812,Movie,India
s2813,Movie,United States
s2814,TV Show,South Korea
s2815,Movie,Ireland
s2815,Movie,United Kingdom
s2815,Movie,Italy
s2815,Movie,United States
s2817,Movie,United States
s2818,Movie,United States
s2819,TV Show,United States
s2820,Movie,Japan
s2821,Movie,United States
s2822,TV Show,United States
s2823,Movie,United Kingdom
s2824,Movie,United States
s2825,Movie,Turkey
s2826,TV Show,Belgium
s2827,Movie,Germany
s2827,Movie,United States
s2828,Movie,Poland
s2829,TV Show,United States
s2829,TV Show,Canada
s2830,Movie,United States
s2831,Movie,India
s2832,Movie,United States
s2832,Movie,Canada
s2833,TV Show,United States
s2834,Movie,United States
s2835,Movie,United States
s2835,Movie,Canada
s2836,Movie,Slovenia
s2836,Movie,Croatia
s2836,Movie,Germany
s2836,Movie,Czech Republic
s2836,Movie,Qatar
s2837,Movie,United States
s2838,Movie,United States
s2839,Movie,United States
s2839,Movie,United Kingdom
s2840,Movie,United States
s2841,Movie,Mexico
s2841,Movie,United States
s2842,Movie,United States
s2843,Movie,Canada
s2843,Movie,United Kingdom
s2843,Movie,Netherlands
s2844,TV Show,United States
s2845,TV Show,United States
s2846,Movie,Peru
s2848,Movie,United States
s2849,TV Show,South Africa
s2850,TV Show,Germany
s2851,Movie,United Kingdom
s2852,Movie,United States
s2853,Movie,United States
s2854,Movie,United Kingdom
s2854,Movie,Japan
s2854,Movie,United States
s2855,Movie,India
s2856,Movie,United States
s2857,TV Show,United States
s2858,Movie,United Kingdom
s2858,Movie,United States
s2858,Movie,France
s2859,Movie,United States
s2860,Movie,India
s2861,Movie,India
s2862,Movie,United States
s2863,Movie,India
s2864,Movie,India
s2865,TV Show,Pakistan
s2866,Movie,United Kingdom
s2867,Movie,New Zealand
s2868,Movie,Canada
s2869,Movie,Indonesia
s2869,Movie,United Kingdom
s2870,TV Show,Japan
s2871,Movie,United States
s2871,Movie,Spain
s2871,Movie,Germany
s2872,Movie,India
s2873,TV Show,United Kingdom
s2874,TV Show,United States
s2874,TV Show,Italy
s2875,Movie,United States
s2876,Movie,United States
s2877,Movie,India
s2878,Movie,United States
s2879,Movie,United States
s2880,TV Show,South Korea
s2881,TV Show,South Korea
s2884,TV Show,United States
s2885,Movie,Argentina
s2886,Movie,India
s2886,Movie,Japan
s2887,TV Show,United Kingdom
s2888,TV Show,United Kingdom
s2888,TV Show,United States
s2889,Movie,United Kingdom
s2890,Movie,United States
s2891,Movie,United States
s2892,Movie,France
s2893,Movie,India
s2894,Movie,United States
s2895,TV Show,Mexico
s2896,Movie,United States
s2897,Movie,Australia
s2898,Movie,France
s2899,Movie,China
s2900,TV Show,United States
s2901,Movie,Switzerland
s2901,Movie,France
s2901,Movie,Belgium
s2901,Movie,United States
s2902,Movie,China
s2902,Movie,South Korea
s2902,Movie,United States
s2903,Movie,Canada
s2903,Movie,United States
s2904,Movie,United Kingdom
s2905,Movie,United Kingdom
s2906,Movie,Australia
s2907,Movie,United States
s2908,Movie,Sweden
s2908,Movie,United States
s2909,Movie,United States
s2910,Movie,United States
s2912,Movie,Thailand
s2913,Movie,India
s2916,Movie,France
s2917,Movie,Spain
s2918,TV Show,United States
s2919,Movie,United States
s2920,Movie,United Kingdom
s2920,Movie,France
s2920,Movie,Belgium
s2921,Movie,United States
s2922,Movie,United States
s2923,Movie,United States
s2924,Movie,United States
s2925,Movie,United States
s2925,Movie,Mexico
s2926,Movie,Mexico
s2926,Movie,United States
s2927,TV Show,United States
s2928,Movie,United States
s2929,TV Show,United States
s2930,Movie,South Korea
s2931,Movie,United States
s2932,Movie,United Kingdom
s2933,Movie,United States
s2934,TV Show,China
s2935,Movie,Canada
s2935,Movie,Ireland
s2935,Movie,United States
s2936,Movie,China
s2936,Movie,Hong Kong
s2937,TV Show,Japan
s2938,Movie,India
s2939,TV Show,United States
s2940,Movie,United States
s2941,TV Show,Spain
s2943,Movie,United States
s2943,Movie,France
s2944,Movie,India
s2945,Movie,United States
s2946,Movie,United States
s2948,Movie,United States
s2949,Movie,United States
s2950,Movie,South Korea
s2951,Movie,United States
s2951,Movie,Germany
s2952,Movie,India
s2953,TV Show,United States
s2954,Movie,France
s2955,TV Show,South Korea
s2956,TV Show,Turkey
s2957,Movie,Singapore
s2958,Movie,United States
s2959,TV Show,United States
s2960,Movie,United States
s2961,TV Show,Taiwan
s2962,Movie,United Kingdom
s2962,Movie,United States
s2963,Movie,United States
s2964,Movie,Spain
s2965,TV Show,Thailand
s2967,Movie,Nigeria
s2969,Movie,Kuwait
s2970,Movie,United States
s2971,TV Show,Kuwait
s2972,TV Show,United States
s2973,Movie,United Kingdom
s2973,Movie,United States
s2973,Movie,Dominican Republic
s2974,Movie,France
s2974,Movie,Belgium
s2975,Movie,United States
s2975,Movie,Canada
s2976,Movie,Canada
s2976,Movie,United States
s2977,Movie,Japan
s2978,TV Show,Taiwan
s2979,Movie,United States
s2980,Movie,United States
s2980,Movie,United Kingdom
s2981,Movie,Turkey
s2982,Movie,Serbia
s2982,Movie,United States
s2983,Movie,India
s2984,Movie,United Kingdom
s2984,Movie,United States
s2985,Movie,United States
s2985,Movie,Senegal
s2986,Movie,United States
s2987,Movie,India
s2988,TV Show,United Kingdom
s2989,Movie,Canada
s2990,TV Show,United States
s2990,TV Show,India
s2991,Movie,United States
s2992,Movie,United States
s2993,Movie,United States
s2994,Movie,United States
s2995,Movie,United States
s2996,Movie,United States
s2997,Movie,United Kingdom
s2998,Movie,Germany
s2998,Movie,United States
s2999,TV Show,Mexico
s3000,TV Show,Japan
s3001,TV Show,South Korea
s3002,Movie,Thailand
s3003,TV Show,France
s3004,Movie,China
s3004,Movie,Hong Kong
s3005,TV Show,United States
s3006,Movie,India
s3007,Movie,Germany
s3007,Movie,United Kingdom
s3007,Movie,United States
s3008,TV Show,India
s3009,TV Show,Turkey
s3010,Movie,India
s3011,TV Show,United States
s3012,TV Show,United States
s3013,Movie,United States
s3014,TV Show,United States
s3014,TV Show,Czech Republic
s3015,TV Show,United Kingdom
s3016,TV Show,United States
s3017,TV Show,Israel
s3019,TV Show,United Kingdom
s3020,Movie,United States
s3020,Movie,Canada
s3020,Movie,United Kingdom
s3021,TV Show,Canada
s3021,TV Show,United States
s3021,TV Show,France
s3022,TV Show,United Kingdom
s3023,TV Show,Australia
s3024,Movie,Mexico
s3025,TV Show,Canada
s3026,TV Show,United Kingdom
s3027,Movie,United States
s3028,Movie,India
s3029,TV Show,Turkey
s3030,Movie,United States
s3031,TV Show,United States
s3032,Movie,Canada
s3033,Movie,United Kingdom
s3033,Movie,Germany
s3033,Movie,Canada
s3034,TV Show,Belgium
s3035,Movie,United States
s3036,Movie,Argentina
s3037,TV Show,Japan
s3038,Movie,Japan
s3039,Movie,Japan
s3040,Movie,Japan
s3041,Movie,Japan
s3042,Movie,South Korea
s3042,Movie,United States
s3043,Movie,United States
s3044,Movie,Argentina
s3044,Movie,France
s3045,Movie,Canada
s3046,Movie,South Africa
s3046,Movie,Germany
s3046,Movie,Netherlands
s3046,Movie,France
s3047,Movie,United States
s3048,Movie,Hong Kong
s3048,Movie,China
s3049,Movie,Hong Kong
s3049,Movie,China
s3050,Movie,China
s3050,Movie,Hong Kong
s3051,Movie,Hong Kong
s3051,Movie,China
s3052,Movie,India
s3053,Movie,India
s3054,TV Show,South Korea
s3055,Movie,United States
s3056,Movie,Australia
s3057,TV Show,Taiwan
s3058,Movie,United States
s3059,TV Show,Canada
s3059,TV Show,United States
s3059,TV Show,United Kingdom
s3059,TV Show,France
s3059,TV Show,Luxembourg
s3060,Movie,Finland
s3060,Movie,Germany
s3060,Movie,Belgium
s3061,Movie,United States
s3062,TV Show,Japan
s3063,Movie,India
s3063,Movie,France
s3064,Movie,Philippines
s3065,Movie,India
s3066,Movie,India
s3067,Movie,India
s3068,Movie,Germany
s3069,Movie,Indonesia
s3070,TV Show,United Kingdom
s3071,Movie,Nigeria
s3072,TV Show,South Korea
s3073,Movie,India
s3074,Movie,United States
s3075,Movie,United States
s3075,Movie,United Kingdom
s3075,Movie,Germany
s3076,Movie,Philippines
s3077,Movie,United States
s3078,TV Show,United States
s3080,Movie,Nigeria
s3081,Movie,Spain
s3082,TV Show,South Korea
s3083,Movie,Egypt
s3084,TV Show,South Korea
s3085,Movie,India
s3086,Movie,United States
s3087,Movie,Nigeria
s3088,TV Show,United States
s3089,TV Show,Australia
s3091,TV Show,Taiwan
s3091,TV Show,China
s3092,Movie,India
s3093,Movie,India
s3094,Movie,India
s3095,Movie,India
s3096,Movie,India
s3097,Movie,France
s3097,Movie,Belgium
s3098,Movie,Canada
s3099,TV Show,United States
s3099,TV Show,Ireland
s3100,Movie,United Kingdom
s3101,Movie,United Kingdom
s3102,Movie,United Kingdom
s3103,TV Show,United Kingdom
s3104,Movie,United States
s3105,Movie,United Kingdom
s3106,Movie,Vietnam
s3107,Movie,United States
s3108,Movie,India
s3109,Movie,Sweden
s3110,Movie,Malaysia
s3111,Movie,India
s3112,Movie,India
s3113,Movie,India
s3115,Movie,Cambodia
s3117,Movie,India
s3118,Movie,India
s3119,TV Show,United Kingdom
s3120,TV Show,India
s3121,Movie,Pakistan
s3122,Movie,United Kingdom
s3123,TV Show,United States
s3124,Movie,Chile
s3125,Movie,India
s3126,TV Show,Japan
s3127,TV Show,Japan
s3128,Movie,Israel
s3128,Movie,United States
s3129,Movie,India
s3130,Movie,India
s3131,Movie,United States
s3132,Movie,Poland
s3133,Movie,Spain
s3133,Movie,Portugal
s3134,Movie,United States
s3135,Movie,United States
s3136,Movie,United States
s3137,Movie,United States
s3138,Movie,United States
s3139,Movie,United States
s3140,Movie,United States
s3141,Movie,United States
s3142,Movie,United States
s3143,Movie,United States
s3144,TV Show,United States
s3145,Movie,United States
s3146,Movie,United States
s3147,Movie,United States
s3148,TV Show,United States
s3149,Movie,United States
s3150,TV Show,United States
s3151,Movie,Mexico
s3151,Movie,United States
s3152,Movie,United States
s3153,TV Show,United States
s3154,Movie,United States
s3155,Movie,United States
s3156,Movie,United States
s3157,Movie,United States
s3158,Movie,United States
s3159,Movie,United States
s3160,Movie,Ireland
s3160,Movie,United States
s3160,Movie,France
s3161,Movie,United States
s3162,Movie,United States
s3163,Movie,United Kingdom
s3164,Movie,India
s3165,TV Show,India
s3166,Movie,Canada
s3166,Movie,United States
s3167,Movie,United States
s3168,Movie,United States
s3169,Movie,United States
s3170,Movie,United States
s3171,Movie,United States
s3172,Movie,United States
s3173,Movie,United States
s3175,Movie,United States
s3176,Movie,United States
s3177,Movie,United States
s3178,Movie,United Kingdom
s3180,Movie,United States
s3181,TV Show,Japan
s3182,Movie,India
s3183,Movie,United States
s3184,TV Show,Russia
s3185,TV Show,Jordan
s3186,Movie,United States
s3186,Movie,Canada
s3187,Movie,United States
s3189,Movie,United States
s3190,Movie,United States
s3191,Movie,United States
s3192,Movie,South Korea
s3193,Movie,United States
s3194,Movie,United States
s3196,Movie,India
s3197,Movie,United Kingdom
s3198,Movie,United States
s3200,Movie,United States
s3201,Movie,India
s3202,Movie,United Kingdom
s3203,Movie,United States
s3204,Movie,India
s3205,Movie,United States
s3206,Movie,United States
s3208,Movie,United States
s3209,Movie,United States
s3210,Movie,United States
s3211,Movie,United States
s3212,Movie,United States
s3213,TV Show,United States
s3213,TV Show,Canada
s3214,TV Show,Japan
s3215,TV Show,Taiwan
s3216,Movie,India
s3217,Movie,India
s3218,Movie,Brazil
s3219,Movie,United States
s3220,TV Show,United Kingdom
s3221,Movie,India
s3222,Movie,United States
s3223,Movie,United States
s3225,Movie,France
s3226,Movie,Austria
s3227,TV Show,Japan
s3228,TV Show,Chile
s3229,TV Show,Mexico
s3230,Movie,United States
s3231,Movie,United States
s3232,Movie,United States
s3233,Movie,India
s3234,Movie,India
s3235,Movie,India
s3236,Movie,United States
s3238,Movie,United States
s3239,TV Show,United States
s3240,TV Show,United States
s3241,TV Show,United States
s3242,TV Show,Kuwait
s3243,TV Show,South Korea
s3244,Movie,United States
s3245,Movie,United States
s3246,Movie,United States
s3246,Movie,Australia
s3247,TV Show,United States
s3248,Movie,Brazil
s3249,Movie,Denmark
s3250,Movie,Germany
s3250,Movie,United States
s3250,Movie,Canada
s3251,Movie,Argentina
s3252,Movie,Philippines
s3253,TV Show,Taiwan
s3254,Movie,United States
s3256,Movie,Hong Kong
s3257,Movie,United States
s3258,Movie,United States
s3259,TV Show,Canada
s3261,Movie,United States
s3262,TV Show,Japan
s3263,Movie,United Kingdom
s3263,Movie,Germany
s3263,Movie,Canada
s3263,Movie,United States
s3264,TV Show,Japan
s3265,Movie,Japan
s3266,TV Show,South Korea
s3268,TV Show,Taiwan
s3269,Movie,Turkey
s3270,TV Show,Turkey
s3271,Movie,India
s3272,Movie,India
s3273,Movie,India
s3274,Movie,India
s3275,Movie,India
s3276,Movie,India
s3277,Movie,India
s3278,Movie,India
s3279,Movie,India
s3280,TV Show,Japan
s3281,Movie,India
s3282,Movie,India
s3283,Movie,India
s3284,Movie,India
s3285,Movie,India
s3286,Movie,India
s3287,Movie,United States
s3287,Movie,France
s3287,Movie,Canada
s3287,Movie,Lebanon
s3287,Movie,Qatar
s3288,Movie,India
s3289,Movie,India
s3291,Movie,India
s3292,Movie,India
s3293,Movie,United Kingdom
s3294,Movie,United Arab Emirates
s3295,Movie,Philippines
s3296,Movie,India
s3297,Movie,South Africa
s3298,Movie,India
s3299,Movie,India
s3300,Movie,South Africa
s3301,Movie,India
s3302,Movie,India
s3303,TV Show,Japan
s3304,Movie,India
s3305,Movie,India
s3306,Movie,Turkey
s3307,Movie,Brazil
s3308,Movie,Egypt
s3310,Movie,India
s3311,Movie,Indonesia
s3311,Movie,Netherlands
s3312,Movie,India
s3313,Movie,Nigeria
s3315,Movie,United States
s3316,Movie,Australia
s3317,TV Show,Australia
s3318,Movie,India
s3319,Movie,United States
s3320,Movie,United Kingdom
s3321,Movie,United States
s3322,Movie,United States
s3323,Movie,United States
s3324,Movie,United States
s3325,Movie,United States
s3326,Movie,United States
s3327,Movie,India
s3329,Movie,India
s3330,Movie,India
s3331,TV Show,Australia
s3332,Movie,India
s3333,Movie,United States
s3334,TV Show,United States
s3335,TV Show,United States
s3336,TV Show,United States
s3337,TV Show,United States
s3338,Movie,United States
s3339,TV Show,United States
s3339,TV Show,Japan
s3340,Movie,India
s3341,TV Show,United States
s3342,Movie,United States
s3343,Movie,United States
s3344,Movie,United States
s3345,Movie,United States
s3346,Movie,United States
s3347,Movie,United States
s3348,Movie,United States
s3349,Movie,United States
s3350,Movie,United States
s3351,Movie,United States
s3352,Movie,United States
s3353,TV Show,Pakistan
s3354,Movie,India
s3355,TV Show,India
s3356,TV Show,India
s3357,Movie,India
s3358,Movie,India
s3359,Movie,India
s3360,Movie,India
s3361,TV Show,India
s3362,Movie,India
s3363,Movie,India
s3364,Movie,India
s3365,TV Show,China
s3366,Movie,United States
s3367,Movie,United States
s3368,Movie,United States
s3370,Movie,Philippines
s3371,TV Show,Russia
s3372,Movie,Netherlands
s3372,Movie,Belgium
s3372,Movie,United Kingdom
s3372,Movie,United States
s3373,Movie,Germany
s3374,Movie,Turkey
s3376,Movie,United States
s3376,Movie,Japan
s3377,Movie,United States
s3378,Movie,United Kingdom
s3379,Movie,France
s3380,TV Show,Japan
s3381,Movie,Turkey
s3382,Movie,United States
s3383,Movie,United States
s3384,Movie,United States
s3385,Movie,India
s3386,Movie,United States
s3387,TV Show,United States
s3388,Movie,United States
s3390,TV Show,United Kingdom
s3391,Movie,United States
s3392,Movie,United States
s3393,Movie,United States
s3394,Movie,Hungary
s3395,Movie,United Kingdom
s3396,TV Show,Canada
s3397,Movie,United States
s3398,Movie,Nigeria
s3399,Movie,China
s3399,Movie,United States
s3399,Movie,Australia
s3400,Movie,United States
s3400,Movie,Canada
s3401,TV Show,China
s3402,TV Show,United States
s3403,Movie,United Kingdom
s3405,Movie,United States
s3406,Movie,France
s3406,Movie,Belgium
s3406,Movie,China
s3406,Movie,United States
s3407,TV Show,South Africa
s3408,TV Show,United States
s3409,Movie,India
s3410,Movie,India
s3411,Movie,India
s3412,Movie,Canada
s3413,TV Show,United Kingdom
s3413,TV Show,United States
s3414,Movie,United States
s3415,Movie,United States
s3417,TV Show,Brazil
s3418,Movie,Philippines
s3419,TV Show,United Kingdom
s3420,Movie,Malaysia
s3421,Movie,Spain
s3421,Movie,United Kingdom
s3422,TV Show,United States
s3423,TV Show,Japan
s3424,Movie,United States
s3425,Movie,United States
s3425,Movie,Chile
s3425,Movie,Israel
s3426,Movie,United States
s3427,Movie,United States
s3427,Movie,United Kingdom
s3427,Movie,Australia
s3428,TV Show,Taiwan
s3430,Movie,Turkey
s3431,Movie,Turkey
s3432,Movie,Canada
s3432,Movie,United States
s3433,Movie,India
s3434,Movie,United Kingdom
s3435,Movie,India
s3436,Movie,Bangladesh
s3438,Movie,United Kingdom
s3438,Movie,Norway
s3438,Movie,Denmark
s3438,Movie,Germany
s3438,Movie,Sweden
s3439,TV Show,United States
s3439,TV Show,Japan
s3439,TV Show,Canada
s3441,TV Show,Malaysia
s3443,Movie,India
s3444,Movie,Norway
s3444,Movie,Denmark
s3444,Movie,Sweden
s3449,Movie,India
s3453,Movie,United States
s3454,Movie,India
s3456,Movie,India
s3457,Movie,United States
s3458,Movie,India
s3459,Movie,United States
s3460,Movie,India
s3461,Movie,India
s3462,Movie,India
s3463,TV Show,United States
s3465,Movie,Hong Kong
s3465,Movie,China
s3465,Movie,United States
s3466,Movie,Mexico
s3466,Movie,United States
s3467,Movie,United States
s3468,Movie,United States
s3469,Movie,China
s3469,Movie,India
s3469,Movie,Nepal
s3470,Movie,Indonesia
s3472,Movie,India
s3473,TV Show,Japan
s3474,TV Show,Japan
s3475,Movie,United Kingdom
s3476,TV Show,Turkey
s3477,Movie,Turkey
s3478,Movie,India
s3479,Movie,India
s3480,Movie,India
s3481,Movie,United States
s3482,Movie,India
s3483,Movie,India
s3484,TV Show,United States
s3486,Movie,Argentina
s3487,Movie,United States
s3488,Movie,United States
s3489,TV Show,Spain
s3490,Movie,Italy
s3491,TV Show,United States
s3491,TV Show,Mexico
s3492,TV Show,Colombia
s3493,TV Show,United States
s3496,TV Show,Taiwan
s3497,TV Show,Spain
s3498,Movie,Mexico
s3499,TV Show,France
s3500,TV Show,Colombia
s3501,Movie,United States
s3501,Movie,Argentina
s3502,TV Show,Mexico
s3503,TV Show,France
s3504,TV Show,Mexico
s3504,TV Show,United States
s3504,TV Show,Spain
s3504,TV Show,Colombia
s3505,TV Show,Taiwan
s3506,TV Show,Mexico
s3507,TV Show,Colombia
s3507,TV Show,Mexico
s3507,TV Show,United States
s3508,Movie,India
s3509,Movie,India
s3510,Movie,Thailand
s3511,Movie,India
s3512,TV Show,India
s3513,Movie,United States
s3514,Movie,Hong Kong
s3515,Movie,United States
s3516,TV Show,United States
s3517,Movie,United States
s3518,Movie,France
s3519,Movie,United States
s3520,TV Show,Colombia
s3521,Movie,Brazil
s3522,Movie,India
s3524,Movie,India
s3525,Movie,India
s3526,Movie,India
s3527,Movie,India
s3528,TV Show,United Kingdom
s3529,Movie,Singapore
s3530,Movie,Nigeria
s3531,Movie,United States
s3531,Movie,Mexico
s3533,Movie,United States
s3534,TV Show,Russia
s3536,TV Show,Colombia
s3537,TV Show,South Korea
s3538,Movie,United Kingdom
s3538,Movie,Belgium
s3538,Movie,Sweden
s3539,TV Show,United States
s3540,Movie,United States
s3541,Movie,Nigeria
s3541,Movie,United Kingdom
s3542,TV Show,Japan
s3543,Movie,United Kingdom
s3543,Movie,South Korea
s3544,Movie,United States
s3544,Movie,France
s3545,TV Show,United Kingdom
s3546,Movie,United States
s3546,Movie,Taiwan
s3547,Movie,Germany
s3548,Movie,United States
s3549,TV Show,Taiwan
s3550,Movie,United States
s3552,Movie,United Kingdom
s3553,Movie,Netherlands
s3553,Movie,Belgium
s3553,Movie,Germany
s3553,Movie,Jordan
s3554,Movie,France
s3555,Movie,France
s3556,Movie,United States
s3557,TV Show,United States
s3558,Movie,United States
s3558,Movie,Ireland
s3559,Movie,France
s3559,Movie,Canada
s3560,Movie,United States
s3561,Movie,United States
s3562,Movie,United States
s3565,TV Show,United Kingdom
s3566,Movie,India
s3567,Movie,United States
s3568,Movie,United States
s3568,Movie,Canada
s3569,TV Show,United States
s3570,Movie,United Kingdom
s3570,Movie,France
s3570,Movie,United States
s3571,Movie,United States
s3571,Movie,Australia
s3572,Movie,China
s3573,TV Show,Mexico
s3574,TV Show,Mexico
s3575,Movie,Hong Kong
s3576,TV Show,United States
s3577,Movie,United States
s3578,Movie,United States
s3579,TV Show,United States
s3580,Movie,United States
s3581,TV Show,United States
s3583,TV Show,Denmark
s3584,TV Show,Denmark
s3586,TV Show,United States
s3587,TV Show,United States
s3588,Movie,United States
s3589,Movie,United States
s3590,Movie,United States
s3591,Movie,United States
s3592,TV Show,Canada
s3593,TV Show,Denmark
s3593,TV Show,Singapore
s3593,TV Show,Canada
s3593,TV Show,United States
s3594,Movie,Denmark
s3594,Movie,China
s3595,TV Show,United States
s3595,TV Show,France
s3596,Movie,United States
s3597,TV Show,India
s3599,TV Show,United States
s3600,Movie,India
s3602,Movie,United States
s3602,Movie,Italy
s3603,Movie,France
s3604,Movie,United Kingdom
s3604,Movie,United States
s3605,Movie,United States
s3606,Movie,United States
s3607,Movie,United States
s3608,Movie,United States
s3609,Movie,United States
s3610,Movie,Egypt
s3611,TV Show,Malaysia
s3611,TV Show,Singapore
s3611,TV Show,Hong Kong
s3612,TV Show,South Korea
s3613,TV Show,Japan
s3614,TV Show,Turkey
s3615,Movie,Turkey
s3616,Movie,United States
s3617,Movie,United States
s3618,Movie,India
s3619,Movie,United States
s3619,Movie,Mexico
s3620,TV Show,Canada
s3621,Movie,South Africa
s3622,TV Show,South Korea
s3623,Movie,United States
s3624,Movie,United States
s3625,Movie,India
s3626,Movie,United States
s3627,Movie,India
s3628,Movie,India
s3629,TV Show,United States
s3630,Movie,Sweden
s3630,Movie,United States
s3631,TV Show,Taiwan
s3632,TV Show,United States
s3633,TV Show,United Kingdom
s3634,Movie,Egypt
s3635,Movie,Canada
s3636,Movie,Hong Kong
s3637,Movie,Nigeria
s3638,Movie,United States
s3639,Movie,United States
s3640,Movie,Mexico
s3641,Movie,United States
s3642,Movie,United States
s3643,Movie,India
s3644,TV Show,Norway
s3644,TV Show,United States
s3645,Movie,India
s3646,TV Show,United Kingdom
s3647,Movie,United States
s3647,Movie,India
s3648,Movie,China
s3648,Movie,Hong Kong
s3649,Movie,United States
s3649,Movie,Philippines
s3650,TV Show,Taiwan
s3651,Movie,Egypt
s3652,Movie,Nigeria
s3653,Movie,Brazil
s3654,Movie,Lebanon
s3657,TV Show,United Kingdom
s3658,Movie,United States
s3659,Movie,Hong Kong
s3660,Movie,United States
s3661,TV Show,Australia
s3662,Movie,Australia
s3663,Movie,Australia
s3664,Movie,United States
s3664,Movie,Greece
s3664,Movie,Brazil
s3665,Movie,United Kingdom
s3666,Movie,United States
s3667,Movie,United States
s3668,TV Show,India
s3676,Movie,United States
s3677,TV Show,India
s3678,TV Show,Japan
s3679,TV Show,United States
s3680,TV Show,United States
s3681,TV Show,South Korea
s3682,Movie,Spain
s3683,TV Show,South Korea
s3684,Movie,Nigeria
s3685,TV Show,United States
s3686,TV Show,United States
s3687,Movie,United States
s3688,TV Show,United States
s3689,Movie,United States
s3690,Movie,Mexico
s3691,TV Show,Spain
s3692,TV Show,Mexico
s3693,TV Show,United Kingdom
s3694,Movie,India
s3696,Movie,United Kingdom
s3697,Movie,United Kingdom
s3697,Movie,United States
s3698,TV Show,Canada
s3698,TV Show,United States
s3699,Movie,Turkey
s3700,TV Show,Spain
s3701,Movie,France
s3701,Movie,United States
s3702,Movie,Mexico
s3703,TV Show,Russia
s3704,Movie,India
s3705,Movie,United States
s3706,Movie,Philippines
s3707,TV Show,South Korea
s3707,TV Show,France
s3708,Movie,United Kingdom
s3708,Movie,United States
s3709,Movie,Germany
s3710,Movie,United Kingdom
s3711,Movie,United States
s3712,TV Show,United Kingdom
s3713,Movie,United States
s3714,Movie,Canada
s3715,TV Show,United States
s3717,Movie,Hong Kong
s3718,Movie,Hong Kong
s3719,Movie,Germany
s3720,Movie,India
s3721,Movie,Mexico
s3723,Movie,Mexico
s3725,TV Show,Colombia
s3726,Movie,United States
s3728,Movie,United States
s3728,Movie,Australia
s3728,Movie,Samoa
s3728,Movie,United Kingdom
s3729,TV Show,Canada
s3730,Movie,France
s3731,TV Show,Canada
s3732,Movie,United States
s3733,Movie,Nigeria
s3734,TV Show,United States
s3735,TV Show,Japan
s3737,Movie,United States
s3738,Movie,United States
s3739,Movie,United States
s3740,TV Show,United States
s3741,TV Show,Taiwan
s3742,TV Show,Sweden
s3743,TV Show,Turkey
s3744,Movie,India
s3745,TV Show,South Korea
s3746,TV Show,Japan
s3747,TV Show,Japan
s3748,Movie,India
s3749,TV Show,Taiwan
s3750,Movie,United States
s3751,TV Show,Taiwan
s3752,TV Show,Taiwan
s3753,Movie,United States
s3754,TV Show,Taiwan
s3755,Movie,Indonesia
s3756,Movie,Indonesia
s3757,TV Show,South Korea
s3758,Movie,Hong Kong
s3759,Movie,Romania
s3760,Movie,United States
s3761,TV Show,United Kingdom
s3762,Movie,Nigeria
s3763,Movie,Canada
s3763,Movie,South Africa
s3764,Movie,United States
s3765,Movie,Indonesia
s3766,TV Show,Turkey
s3767,TV Show,Taiwan
s3768,Movie,India
s3769,TV Show,Taiwan
s3770,Movie,China
s3771,Movie,China
s3771,Movie,Hong Kong
s3772,Movie,Hong Kong
s3773,TV Show,Australia
s3774,Movie,India
s3775,TV Show,South Korea
s3777,Movie,United States
s3778,Movie,Egypt
s3780,Movie,United Kingdom
s3780,Movie,Italy
s3781,Movie,Philippines
s3782,Movie,Indonesia
s3783,TV Show,United Kingdom
s3784,TV Show,Japan
s3785,TV Show,United States
s3786,Movie,United States
s3787,Movie,Germany
s3787,Movie,United Kingdom
s3788,Movie,Turkey
s3789,Movie,Brazil
s3791,Movie,United States
s3792,TV Show,South Korea
s3793,Movie,United States
s3794,Movie,United Kingdom
s3794,Movie,United States
s3795,Movie,United States
s3796,Movie,Colombia
s3797,Movie,Hong Kong
s3798,Movie,India
s3799,Movie,Japan
s3800,Movie,United States
s3801,Movie,Brazil
s3803,Movie,Brazil
s3804,Movie,Brazil
s3805,Movie,Argentina
s3806,Movie,Argentina
s3807,Movie,South Korea
s3808,TV Show,United States
s3809,Movie,India
s3810,Movie,India
s3811,Movie,India
s3812,TV Show,China
s3813,Movie,India
s3814,Movie,India
s3815,TV Show,Brazil
s3816,TV Show,Mexico
s3817,Movie,India
s3818,TV Show,Italy
s3819,TV Show,United States
s3820,TV Show,Canada
s3820,TV Show,United States
s3821,TV Show,Australia
s3822,TV Show,China
s3822,TV Show,United Kingdom
s3823,TV Show,United States
s3824,Movie,Japan
s3825,Movie,India
s3826,Movie,Argentina
s3826,Movie,Chile
s3826,Movie,Peru
s3827,Movie,India
s3828,Movie,India
s3829,Movie,United States
s3830,Movie,India
s3831,Movie,United States
s3833,Movie,India
s3833,Movie,France
s3834,Movie,United States
s3835,Movie,India
s3836,Movie,United States
s3836,Movie,Russia
s3837,Movie,Mexico
s3838,Movie,Australia
s3838,Movie,United States
s3839,TV Show,United States
s3840,Movie,United States
s3841,Movie,United States
s3842,Movie,Hong Kong
s3843,Movie,India
s3844,Movie,United States
s3845,TV Show,United States
s3846,Movie,United States
s3847,Movie,India
s3848,TV Show,United States
s3849,Movie,India
s3850,Movie,India
s3851,Movie,Chile
s3852,TV Show,Italy
s3853,TV Show,Japan
s3854,TV Show,Japan
s3855,TV Show,United States
s3856,TV Show,South Korea
s3857,Movie,France
s3857,Movie,Belgium
s3858,TV Show,Uruguay
s3858,TV Show,Germany
s3859,Movie,France
s3860,Movie,India
s3861,Movie,United States
s3862,Movie,Norway
s3863,Movie,India
s3865,TV Show,India
s3866,TV Show,India
s3867,Movie,United Kingdom
s3868,TV Show,India
s3869,Movie,Hong Kong
s3870,TV Show,Turkey
s3870,TV Show,Azerbaijan
s3871,TV Show,Japan
s3872,Movie,India
s3873,Movie,India
s3874,Movie,India
s3875,Movie,India
s3876,Movie,India
s3878,TV Show,United States
s3879,Movie,United States
s3880,Movie,Germany
s3881,TV Show,Australia
s3882,Movie,Israel
s3883,Movie,India
s3884,Movie,India
s3885,Movie,India
s3886,Movie,Argentina
s3887,Movie,United Kingdom
s3888,Movie,United States
s3889,Movie,United States
s3890,TV Show,United States
s3891,Movie,United States
s3892,Movie,India
s3893,Movie,Egypt
s3894,TV Show,United Kingdom
s3895,TV Show,United Kingdom
s3896,Movie,United States
s3896,Movie,China
s3896,Movie,Hong Kong
s3897,TV Show,South Korea
s3898,Movie,United Kingdom
s3898,Movie,France
s3900,TV Show,United States
s3901,Movie,India
s3902,Movie,India
s3903,Movie,United States
s3904,Movie,United States
s3905,Movie,United States
s3906,Movie,China
s3906,Movie,Hong Kong
s3908,TV Show,United States
s3909,Movie,India
s3910,Movie,India
s3911,Movie,United States
s3912,Movie,India
s3913,Movie,India
s3914,Movie,United Kingdom
s3915,Movie,India
s3916,Movie,India
s3917,Movie,United Kingdom
s3918,Movie,United States
s3919,Movie,India
s3920,Movie,India
s3921,Movie,India
s3922,Movie,India
s3923,Movie,India
s3924,Movie,Canada
s3924,Movie,Germany
s3924,Movie,France
s3924,Movie,United States
s3925,TV Show,Spain
s3926,Movie,United Kingdom
s3927,TV Show,Argentina
s3927,TV Show,United States
s3927,TV Show,Mexico
s3928,Movie,Canada
s3928,Movie,United States
s3929,Movie,United States
s3930,Movie,United States
s3931,Movie,United States
s3932,TV Show,United Kingdom
s3933,TV Show,Japan
s3934,TV Show,United States
s3935,Movie,Brazil
s3936,TV Show,United States
s3937,Movie,United States
s3938,Movie,Philippines
s3939,Movie,United States
s3940,Movie,United States
s3941,Movie,United States
s3942,TV Show,France
s3945,TV Show,United States
s3946,Movie,United States
s3947,TV Show,United States
s3948,Movie,India
s3949,Movie,India
s3950,Movie,United Kingdom
s3950,Movie,United States
s3951,TV Show,United States
s3952,TV Show,United States
s3953,TV Show,France
s3954,Movie,Hong Kong
s3954,Movie,China
s3955,Movie,United States
s3956,Movie,United States
s3957,Movie,Canada
s3958,Movie,India
s3960,TV Show,United States
s3960,TV Show,Japan
s3961,TV Show,Japan
s3962,Movie,United States
s3963,TV Show,United States
s3964,TV Show,United States
s3965,Movie,United States
s3966,TV Show,United States
s3967,Movie,United States
s3968,TV Show,United States
s3969,TV Show,United States
s3970,TV Show,United States
s3971,TV Show,United States
s3972,Movie,Japan
s3973,Movie,India
s3974,Movie,United States
s3974,Movie,United Kingdom
s3975,TV Show,United Kingdom
s3976,TV Show,India
s3977,Movie,Saudi Arabia
s3978,TV Show,Saudi Arabia
s3979,Movie,United States
s3980,TV Show,Russia
s3981,TV Show,United States
s3981,TV Show,Russia
s3983,Movie,India
s3984,Movie,India
s3985,Movie,South Korea
s3986,TV Show,United States
s3987,Movie,Hong Kong
s3987,Movie,China
s3989,Movie,Argentina
s3990,Movie,South Africa
s3991,Movie,India
s3992,Movie,Mexico
s3993,Movie,India
s3994,Movie,Brazil
s3995,Movie,United States
s3996,Movie,Indonesia
s3997,Movie,Hong Kong
s3998,Movie,Egypt
s3999,Movie,United States
s4000,Movie,France
s4000,Movie,United Kingdom
s4000,Movie,India
s4001,Movie,China
s4001,Movie,Taiwan
s4002,Movie,United States
s4004,Movie,India
s4005,Movie,Mexico
s4006,Movie,Mexico
s4007,Movie,Canada
s4008,Movie,United States
s4009,Movie,United States
s4010,TV Show,United States
s4011,TV Show,United States
s4012,TV Show,United States
s4013,TV Show,Italy
s4013,TV Show,United Kingdom
s4013,TV Show,France
s4014,Movie,Canada
s4015,Movie,Poland
s4015,Movie,West Germany
s4016,TV Show,United Kingdom
s4017,Movie,Nigeria
s4018,Movie,United Kingdom
s4019,TV Show,United Kingdom
s4020,TV Show,Japan
s4021,TV Show,Australia
s4022,Movie,India
s4023,Movie,India
s4024,Movie,India
s4026,Movie,United States
s4027,Movie,South Korea
s4028,Movie,Argentina
s4029,TV Show,South Korea
s4030,Movie,Germany
s4030,Movie,United States
s4030,Movie,Sweden
s4032,Movie,United States
s4033,Movie,United States
s4034,TV Show,South Korea
s4035,Movie,Saudi Arabia
s4036,Movie,United States
s4037,Movie,Canada
s4037,Movie,Spain
s4038,Movie,Indonesia
s4039,Movie,New Zealand
s4040,Movie,France
s4041,Movie,United States
s4042,Movie,United States
s4043,Movie,United States
s4045,Movie,India
s4046,Movie,India
s4047,TV Show,Spain
s4048,TV Show,United Kingdom
s4049,TV Show,United States
s4050,Movie,Nigeria
s4051,Movie,Nigeria
s4052,Movie,India
s4053,Movie,United Kingdom
s4053,Movie,France
s4053,Movie,Belgium
s4053,Movie,United States
s4054,TV Show,United States
s4055,Movie,United States
s4056,TV Show,United States
s4057,TV Show,China
s4058,Movie,India
s4059,Movie,Mexico
s4060,TV Show,United States
s4061,Movie,France
s4061,Movie,Japan
s4062,Movie,Chile
s4063,Movie,Argentina
s4063,Movie,Spain
s4064,Movie,India
s4065,Movie,United Kingdom
s4066,TV Show,Netherlands
s4066,TV Show,Germany
s4066,TV Show,Italy
s4066,TV Show,Canada
s4067,Movie,India
s4068,Movie,United States
s4069,Movie,United States
s4070,Movie,Canada
s4070,Movie,United States
s4071,Movie,United Kingdom
s4072,Movie,United States
s4073,Movie,United States
s4074,Movie,United States
s4075,Movie,United States
s4075,Movie,Cambodia
s4076,TV Show,United States
s4077,Movie,Canada
s4078,TV Show,Japan
s4079,TV Show,Japan
s4080,TV Show,India
s4081,Movie,United States
s4081,Movie,Greece
s4082,TV Show,United States
s4082,TV Show,Canada
s4083,Movie,Canada
s4085,TV Show,India
s4086,TV Show,India
s4087,TV Show,India
s4089,TV Show,United States
s4089,TV Show,Japan
s4090,Movie,India
s4091,Movie,United States
s4092,Movie,United States
s4093,Movie,United States
s4094,Movie,United States
s4095,Movie,United States
s4096,Movie,United States
s4097,Movie,Czech Republic
s4097,Movie,United States
s4098,Movie,United States
s4098,Movie,China
s4098,Movie,Colombia
s4099,Movie,Indonesia
s4100,Movie,United States
s4101,Movie,France
s4101,Movie,Belgium
s4102,Movie,United States
s4103,TV Show,Argentina
s4104,TV Show,United States
s4105,TV Show,United Kingdom
s4106,TV Show,Japan
s4107,TV Show,Singapore
s4108,Movie,Austria
s4109,Movie,United Kingdom
s4110,TV Show,United States
s4111,Movie,United States
s4111,Movie,Spain
s4111,Movie,Italy
s4112,Movie,United States
s4113,TV Show,United States
s4113,TV Show,Sweden
s4114,TV Show,France
s4116,TV Show,South Korea
s4117,Movie,United States
s4118,Movie,India
s4119,TV Show,United States
s4120,Movie,Canada
s4120,Movie,United States
s4121,Movie,Turkey
s4122,TV Show,France
s4122,TV Show,South Korea
s4122,TV Show,Japan
s4123,Movie,Spain
s4124,Movie,Japan
s4125,Movie,United States
s4126,Movie,United States
s4126,Movie,Canada
s4127,Movie,India
s4128,TV Show,South Korea
s4129,Movie,India
s4130,Movie,Netherlands
s4131,Movie,Netherlands
s4132,TV Show,India
s4133,Movie,United States
s4135,TV Show,Mexico
s4136,Movie,Japan
s4137,TV Show,Taiwan
s4138,Movie,India
s4139,Movie,Singapore
s4140,Movie,Norway
s4140,Movie,United Kingdom
s4140,Movie,France
s4140,Movie,Ireland
s4141,Movie,United States
s4142,TV Show,South Korea
s4143,Movie,United States
s4144,TV Show,Taiwan
s4145,Movie,United States
s4146,Movie,United States
s4147,Movie,United States
s4148,Movie,United States
s4148,Movie,Bermuda
s4148,Movie,Ecuador
s4149,Movie,United States
s4149,Movie,United Kingdom
s4150,Movie,India
s4151,Movie,United Kingdom
s4151,Movie,Poland
s4152,Movie,Malaysia
s4153,Movie,United States
s4154,Movie,United States
s4155,Movie,United States
s4156,Movie,United Kingdom
s4157,TV Show,Japan
s4158,TV Show,Japan
s4159,TV Show,Japan
s4160,Movie,Japan
s4161,TV Show,United States
s4162,Movie,India
s4163,Movie,Egypt
s4164,Movie,United States
s4165,Movie,India
s4166,Movie,United States
s4167,Movie,Nigeria
s4168,TV Show,France
s4169,Movie,China
s4169,Movie,Canada
s4169,Movie,United States
s4170,Movie,India
s4171,TV Show,South Korea
s4172,Movie,Nigeria
s4173,Movie,United States
s4174,TV Show,Mexico
s4175,Movie,United States
s4175,Movie,Spain
s4177,Movie,Spain
s4178,Movie,United States
s4179,Movie,Turkey
s4181,TV Show,United Kingdom
s4182,TV Show,Thailand
s4183,Movie,Canada
s4184,Movie,Egypt
s4185,Movie,Germany
s4185,Movie,United Kingdom
s4186,Movie,United States
s4187,Movie,United States
s4189,Movie,United States
s4190,Movie,United States
s4191,Movie,United States
s4192,Movie,United States
s4193,Movie,United States
s4194,Movie,United States
s4195,Movie,United States
s4196,Movie,United States
s4197,Movie,United States
s4198,Movie,United States
s4199,Movie,United States
s4200,Movie,United States
s4201,Movie,India
s4201,Movie,Mexico
s4202,TV Show,Canada
s4203,Movie,United States
s4203,Movie,Germany
s4204,Movie,United Kingdom
s4205,TV Show,Japan
s4206,TV Show,United Kingdom
s4207,TV Show,United Kingdom
s4208,Movie,United Kingdom
s4209,TV Show,United Kingdom
s4211,Movie,United Kingdom
s4212,Movie,United Kingdom
s4213,Movie,United States
s4214,Movie,United Kingdom
s4215,Movie,United Kingdom
s4216,TV Show,United Kingdom
s4217,TV Show,United Kingdom
s4217,TV Show,West Germany
s4218,TV Show,United Kingdom
s4219,Movie,United Kingdom
s4220,TV Show,United States
s4220,TV Show,United Kingdom
s4221,TV Show,Argentina
s4222,Movie,United Kingdom
s4222,Movie,United States
s4223,Movie,United States
s4224,Movie,France
s4224,Movie,Belgium
s4225,Movie,Pakistan
s4225,Movie,United States
s4226,TV Show,Egypt
s4227,TV Show,Netherlands
s4228,Movie,Germany
s4228,Movie,United States
s4229,TV Show,France
s4230,Movie,United States
s4231,Movie,India
s4232,Movie,United States
s4233,TV Show,Israel
s4234,TV Show,Brazil
s4235,Movie,Canada
s4236,Movie,United States
s4237,Movie,Japan
s4238,TV Show,United States
s4239,Movie,India
s4240,Movie,India
s4241,TV Show,Australia
s4241,TV Show,United States
s4242,Movie,India
s4243,Movie,Australia
s4244,TV Show,United States
s4245,Movie,United States
s4246,TV Show,United States
s4248,Movie,United Kingdom
s4248,Movie,United States
s4249,Movie,India
s4250,Movie,United States
s4251,Movie,United States
s4252,Movie,Israel
s4252,Movie,Sweden
s4252,Movie,Germany
s4252,Movie,Netherlands
s4253,TV Show,United States
s4254,Movie,United States
s4255,Movie,Mexico
s4256,Movie,United States
s4258,Movie,United States
s4259,TV Show,South Korea
s4260,Movie,Hong Kong
s4261,Movie,United States
s4262,TV Show,Canada
s4263,Movie,India
s4264,Movie,Egypt
s4265,Movie,India
s4266,Movie,Chile
s4266,Movie,United States
s4266,Movie,France
s4267,Movie,France
s4267,Movie,Morocco
s4268,Movie,United States
s4269,Movie,Turkey
s4270,Movie,United States
s4271,Movie,United States
s4272,Movie,India
s4273,Movie,Chile
s4274,Movie,India
s4275,Movie,India
s4276,Movie,Malaysia
s4277,Movie,India
s4278,Movie,India
s4279,Movie,India
s4280,Movie,India
s4281,Movie,Malaysia
s4282,Movie,India
s4283,Movie,France
s4284,Movie,United States
s4285,Movie,India
s4286,Movie,India
s4287,Movie,India
s4288,TV Show,United Kingdom
s4289,TV Show,United States
s4290,Movie,United States
s4291,Movie,United States
s4292,Movie,United States
s4293,TV Show,United States
s4294,TV Show,Taiwan
s4295,Movie,India
s4296,Movie,Philippines
s4297,Movie,United States
s4298,TV Show,Spain
s4299,Movie,United Kingdom
s4299,Movie,Germany
s4300,Movie,Mexico
s4301,Movie,United States
s4302,Movie,India
s4303,Movie,Philippines
s4304,TV Show,Canada
s4305,Movie,Canada
s4306,Movie,United Kingdom
s4307,Movie,Spain
s4308,Movie,India
s4309,Movie,India
s4310,TV Show,South Korea
s4311,Movie,United States
s4312,TV Show,Taiwan
s4313,TV Show,Thailand
s4314,Movie,Egypt
s4315,Movie,United States
s4316,Movie,Philippines
s4317,Movie,Canada
s4318,TV Show,South Korea
s4319,Movie,India
s4320,Movie,Germany
s4321,Movie,United States
s4322,Movie,Georgia
s4322,Movie,Germany
s4322,Movie,France
s4324,Movie,Italy
s4325,Movie,Egypt
s4326,TV Show,United Kingdom
s4327,TV Show,Japan
s4328,Movie,Switzerland
s4328,Movie,France
s4330,TV Show,South Korea
s4331,Movie,United States
s4331,Movie,Canada
s4332,Movie,United States
s4332,Movie,Canada
s4333,Movie,United States
s4333,Movie,Canada
s4334,Movie,United States
s4334,Movie,Canada
s4335,Movie,United States
s4335,Movie,Canada
s4336,Movie,United States
s4337,TV Show,United States
s4337,TV Show,Canada
s4338,TV Show,South Korea
s4340,TV Show,Taiwan
s4341,TV Show,United States
s4343,Movie,South Africa
s4344,TV Show,South Korea
s4346,Movie,United States
s4347,TV Show,Canada
s4348,Movie,Canada
s4350,TV Show,South Korea
s4351,TV Show,South Korea
s4352,Movie,Hong Kong
s4353,Movie,United Kingdom
s4354,TV Show,South Korea
s4355,TV Show,South Korea
s4356,Movie,United States
s4357,Movie,Egypt
s4358,Movie,Turkey
s4358,Movie,South Korea
s4359,Movie,Indonesia
s4360,Movie,Indonesia
s4361,Movie,United States
s4362,TV Show,United Kingdom
s4363,Movie,United States
s4364,Movie,Turkey
s4365,Movie,Thailand
s4366,Movie,Italy
s4367,Movie,United Kingdom
s4367,Movie,United States
s4368,Movie,South Africa
s4370,TV Show,Brazil
s4371,TV Show,United States
s4372,TV Show,United States
s4373,Movie,United States
s4374,TV Show,South Korea
s4375,Movie,United States
s4375,Movie,Australia
s4376,TV Show,Singapore
s4377,Movie,India
s4378,TV Show,France
s4379,TV Show,United Kingdom
s4380,Movie,India
s4381,Movie,India
s4382,Movie,India
s4383,Movie,United States
s4383,Movie,Mexico
s4384,TV Show,United Kingdom
s4385,Movie,Italy
s4385,Movie,India
s4386,TV Show,Japan
s4387,TV Show,United States
s4388,TV Show,France
s4389,TV Show,Germany
s4390,TV Show,United States
s4391,TV Show,Mexico
s4391,TV Show,United States
s4392,TV Show,Spain
s4393,Movie,Ireland
s4394,Movie,United States
s4395,Movie,United States
s4395,Movie,Botswana
s4396,Movie,India
s4397,Movie,India
s4398,Movie,United States
s4399,Movie,Thailand
s4400,Movie,United States
s4401,Movie,United States
s4402,TV Show,United States
s4402,TV Show,Colombia
s4402,TV Show,Mexico
s4403,TV Show,Mexico
s4403,TV Show,United States
s4404,TV Show,United States
s4405,TV Show,Japan
s4406,Movie,Japan
s4407,Movie,Japan
s4408,Movie,Japan
s4409,Movie,Japan
s4410,Movie,Japan
s4411,Movie,Japan
s4412,Movie,Japan
s4413,Movie,Japan
s4414,Movie,India
s4415,Movie,Uruguay
s4416,Movie,Chile
s4417,Movie,United States
s4418,Movie,United States
s4419,Movie,United States
s4420,Movie,United States
s4421,Movie,India
s4422,Movie,United States
s4424,Movie,United States
s4425,Movie,United States
s4426,Movie,India
s4427,Movie,United States
s4428,Movie,United States
s4429,TV Show,United Kingdom
s4429,TV Show,United States
s4430,TV Show,United States
s4431,Movie,United States
s4432,TV Show,United States
s4432,TV Show,United Kingdom
s4433,TV Show,United States
s4433,TV Show,United Kingdom
s4434,TV Show,United Kingdom
s4435,TV Show,United Kingdom
s4436,Movie,India
s4437,Movie,United States
s4438,TV Show,United States
s4439,TV Show,United States
s4440,Movie,China
s4441,Movie,United States
s4443,Movie,India
s4444,Movie,India
s4445,TV Show,United States
s4446,TV Show,Japan
s4447,Movie,Chile
s4447,Movie,Argentina
s4447,Movie,France
s4447,Movie,Spain
s4447,Movie,United States
s4448,Movie,Turkey
s4449,TV Show,United States
s4450,TV Show,United States
s4451,Movie,United States
s4452,TV Show,United States
s4453,Movie,Nigeria
s4454,Movie,United States
s4455,Movie,United States
s4456,Movie,United States
s4457,Movie,United States
s4458,Movie,India
s4459,Movie,China
s4459,Movie,Canada
s4459,Movie,United States
s4460,TV Show,United States
s4461,Movie,India
s4462,TV Show,Puerto Rico
s4462,TV Show,United States
s4462,TV Show,Colombia
s4463,Movie,United States
s4463,Movie,Nigeria
s4464,Movie,United States
s4465,Movie,United States
s4466,Movie,Turkey
s4467,TV Show,United Kingdom
s4468,Movie,United Kingdom
s4470,Movie,United States
s4471,TV Show,United States
s4472,TV Show,South Korea
s4474,Movie,United States
s4474,Movie,Australia
s4475,Movie,United States
s4476,Movie,India
s4477,Movie,Nigeria
s4478,Movie,Germany
s4478,Movie,United States
s4478,Movie,France
s4479,TV Show,Japan
s4480,TV Show,Canada
s4480,TV Show,United States
s4481,Movie,Japan
s4482,TV Show,Spain
s4482,TV Show,Germany
s4482,TV Show,Denmark
s4482,TV Show,United States
s4483,Movie,Turkey
s4484,Movie,India
s4485,Movie,United Kingdom
s4485,Movie,United States
s4485,Movie,Japan
s4486,Movie,India
s4487,Movie,Chile
s4488,TV Show,Japan
s4489,Movie,Japan
s4490,TV Show,United States
s4491,Movie,Egypt
s4492,Movie,India
s4493,Movie,Mexico
s4494,Movie,Philippines
s4495,Movie,United States
s4496,TV Show,Argentina
s4497,TV Show,United States
s4498,TV Show,Norway
s4499,Movie,India
s4500,Movie,Chile
s4501,Movie,Poland
s4502,Movie,Netherlands
s4502,Movie,United States
s4503,TV Show,Brazil
s4504,Movie,United States
s4505,TV Show,France
s4505,TV Show,United Kingdom
s4505,TV Show,United States
s4506,TV Show,United States
s4507,Movie,United States
s4508,Movie,United States
s4509,Movie,India
s4509,Movie,United States
s4510,Movie,United States
s4510,Movie,India
s4510,Movie,South Korea
s4510,Movie,China
s4511,Movie,United States
s4512,TV Show,Norway
s4513,TV Show,United Kingdom
s4514,TV Show,Canada
s4515,Movie,United States
s4516,Movie,Argentina
s4517,Movie,United Kingdom
s4518,Movie,France
s4518,Movie,Belgium
s4519,Movie,Brazil
s4520,Movie,Brazil
s4521,Movie,United States
s4522,Movie,United States
s4523,Movie,United States
s4524,Movie,United States
s4525,Movie,United States
s4526,Movie,United States
s4527,Movie,United States
s4528,Movie,United States
s4529,Movie,United States
s4530,Movie,United States
s4531,Movie,United States
s4532,Movie,United States
s4533,Movie,United States
s4534,Movie,United States
s4535,Movie,United States
s4536,Movie,United States
s4537,Movie,United States
s4538,Movie,United States
s4539,Movie,United States
s4540,Movie,United States
s4541,TV Show,France
s4542,Movie,United States
s4543,Movie,United States
s4544,Movie,United States
s4545,Movie,United Kingdom
s4545,Movie,Canada
s4546,TV Show,Taiwan
s4547,TV Show,Germany
s4549,TV Show,United Kingdom
s4550,Movie,Israel
s4551,Movie,Italy
s4552,TV Show,Japan
s4553,TV Show,United States
s4554,TV Show,United Kingdom
s4555,Movie,Denmark
s4555,Movie,Germany
s4555,Movie,Belgium
s4555,Movie,United Kingdom
s4555,Movie,France
s4556,Movie,Denmark
s4556,Movie,Germany
s4556,Movie,Belgium
s4556,Movie,United Kingdom
s4556,Movie,France
s4556,Movie,Sweden
s4557,Movie,Brazil
s4559,Movie,United Kingdom
s4560,Movie,United States
s4561,Movie,France
s4561,Movie,Switzerland
s4561,Movie,Spain
s4561,Movie,United States
s4561,Movie,United Arab Emirates
s4562,Movie,Australia
s4563,TV Show,Norway
s4563,TV Show,Sweden
s4564,Movie,United States
s4565,Movie,United States
s4566,Movie,United States
s4567,TV Show,Hong Kong
s4568,TV Show,United States
s4569,TV Show,United States
s4569,TV Show,Ireland
s4569,TV Show,United Kingdom
s4569,TV Show,India
s4570,Movie,United Kingdom
s4571,Movie,United Kingdom
s4572,TV Show,United Kingdom
s4572,TV Show,Singapore
s4575,Movie,India
s4576,TV Show,United States
s4577,Movie,Spain
s4578,Movie,Spain
s4578,Movie,Germany
s4579,TV Show,Taiwan
s4580,Movie,United States
s4581,Movie,Germany
s4582,TV Show,Australia
s4583,TV Show,France
s4584,Movie,India
s4585,TV Show,South Korea
s4586,Movie,Thailand
s4587,Movie,Thailand
s4589,Movie,India
s4590,TV Show,Canada
s4591,TV Show,Canada
s4592,Movie,United States
s4593,Movie,Romania
s4594,Movie,India
s4597,TV Show,Nigeria
s4598,Movie,Nigeria
s4599,Movie,South Korea
s4599,Movie,United States
s4600,Movie,Japan
s4601,Movie,United States
s4602,TV Show,Germany
s4602,TV Show,Czech Republic
s4603,Movie,Brazil
s4604,TV Show,United States
s4605,TV Show,United States
s4606,TV Show,France
s4607,Movie,Denmark
s4607,Movie,Brazil
s4607,Movie,France
s4607,Movie,Portugal
s4607,Movie,Sweden
s4608,Movie,United States
s4609,Movie,India
s4610,Movie,Egypt
s4611,Movie,Egypt
s4612,TV Show,Brazil
s4613,Movie,Hungary
s4614,TV Show,Taiwan
s4615,TV Show,United States
s4616,Movie,Italy
s4617,TV Show,Nigeria
s4618,Movie,Hong Kong
s4619,Movie,Brazil
s4619,Movie,India
s4619,Movie,China
s4619,Movie,United States
s4620,Movie,India
s4621,Movie,Hong Kong
s4622,Movie,India
s4622,Movie,Germany
s4622,Movie,Austria
s4623,Movie,United States
s4624,Movie,United States
s4625,Movie,United States
s4626,Movie,United States
s4627,Movie,United States
s4628,Movie,United States
s4629,Movie,United States
s4630,Movie,United States
s4631,TV Show,Egypt
s4632,TV Show,China
s4633,Movie,United Kingdom
s4634,Movie,India
s4635,Movie,India
s4636,Movie,Italy
s4636,Movie,United States
s4637,Movie,India
s4638,Movie,India
s4639,Movie,Thailand
s4640,TV Show,United States
s4641,Movie,Indonesia
s4642,Movie,India
s4643,Movie,United States
s4644,Movie,India
s4645,Movie,United States
s4646,Movie,Canada
s4647,Movie,United States
s4648,Movie,United States
s4649,TV Show,South Korea
s4650,Movie,Philippines
s4651,Movie,India
s4652,Movie,United States
s4653,TV Show,United States
s4654,TV Show,Japan
s4655,TV Show,South Korea
s4656,TV Show,United States
s4657,Movie,Thailand
s4658,TV Show,Japan
s4659,Movie,Turkey
s4660,Movie,United States
s4661,Movie,Denmark
s4661,Movie,France
s4661,Movie,United States
s4661,Movie,Sweden
s4662,Movie,United States
s4663,Movie,Australia
s4663,Movie,Iraq
s4664,Movie,United States
s4665,Movie,United States
s4666,Movie,Brazil
s4667,Movie,United States
s4668,Movie,South Korea
s4669,TV Show,United Kingdom
s4670,Movie,China
s4670,Movie,Hong Kong
s4672,TV Show,United Kingdom
s4673,TV Show,South Korea
s4674,Movie,China
s4674,Movie,Morocco
s4674,Movie,Hong Kong
s4675,Movie,United States
s4676,Movie,Hong Kong
s4677,Movie,United States
s4678,TV Show,United States
s4679,Movie,Spain
s4679,Movie,Colombia
s4681,Movie,Philippines
s4682,Movie,United States
s4683,Movie,Turkey
s4684,TV Show,United States
s4685,Movie,India
s4686,TV Show,France
s4687,TV Show,France
s4688,Movie,United States
s4689,Movie,United Kingdom
s4689,Movie,United States
s4690,Movie,Australia
s4690,Movie,United Arab Emirates
s4691,Movie,India
s4692,Movie,India
s4693,Movie,United Kingdom
s4694,Movie,Canada
s4694,Movie,United States
s4694,Movie,Germany
s4695,Movie,United States
s4696,Movie,Spain
s4697,TV Show,United States
s4697,TV Show,United Kingdom
s4698,Movie,United Kingdom
s4699,Movie,China
s4700,Movie,United States
s4701,TV Show,Japan
s4702,Movie,France
s4702,Movie,Belgium
s4702,Movie,Italy
s4703,Movie,United States
s4705,TV Show,Australia
s4706,TV Show,United States
s4707,TV Show,United States
s4708,Movie,United Kingdom
s4708,Movie,United States
s4709,Movie,United Kingdom
s4710,Movie,United States
s4712,TV Show,Germany
s4713,Movie,China
s4713,Movie,United States
s4714,Movie,Turkey
s4715,Movie,Thailand
s4716,Movie,India
s4717,TV Show,United States
s4718,Movie,United Kingdom
s4718,Movie,Thailand
s4719,Movie,India
s4720,TV Show,United States
s4721,Movie,United States
s4722,Movie,India
s4724,Movie,India
s4725,TV Show,India
s4726,TV Show,United Kingdom
s4727,TV Show,Colombia
s4728,Movie,Venezuela
s4728,Movie,Colombia
s4729,TV Show,United States
s4729,TV Show,Japan
s4729,TV Show,Canada
s4731,Movie,France
s4731,Movie,Luxembourg
s4731,Movie,Canada
s4732,TV Show,Australia
s4733,Movie,Peru
s4734,Movie,India
s4736,Movie,United States
s4737,Movie,Philippines
s4738,Movie,India
s4739,Movie,India
s4740,Movie,India
s4740,Movie,Nepal
s4741,Movie,Thailand
s4742,Movie,United States
s4743,Movie,United States
s4744,Movie,Hong Kong
s4745,TV Show,United States
s4747,Movie,Argentina
s4748,Movie,United Kingdom
s4749,Movie,Spain
s4750,Movie,Mexico
s4750,Movie,Spain
s4751,TV Show,United States
s4752,Movie,India
s4753,Movie,South Korea
s4754,Movie,United States
s4755,Movie,India
s4756,Movie,Lebanon
s4757,Movie,Canada
s4758,Movie,India
s4759,Movie,Canada
s4761,TV Show,Spain
s4762,Movie,France
s4763,Movie,Brazil
s4764,TV Show,United States
s4765,Movie,United States
s4766,TV Show,United Kingdom
s4767,TV Show,Egypt
s4768,Movie,United States
s4769,Movie,United States
s4769,Movie,France
s4770,TV Show,Canada
s4771,Movie,United States
s4772,TV Show,Japan
s4773,Movie,Spain
s4774,Movie,India
s4775,Movie,India
s4776,Movie,Pakistan
s4777,Movie,United States
s4778,Movie,France
s4779,Movie,South Korea
s4780,TV Show,United States
s4781,Movie,India
s4782,Movie,United Kingdom
s4784,Movie,United States
s4785,TV Show,Colombia
s4785,TV Show,United States
s4786,Movie,Malaysia
s4787,Movie,United States
s4790,Movie,India
s4791,Movie,United States
s4792,Movie,Mexico
s4793,Movie,United Kingdom
s4794,TV Show,United States
s4795,Movie,United States
s4796,Movie,Turkey
s4797,Movie,United States
s4798,TV Show,United States
s4799,Movie,United States
s4800,Movie,United States
s4801,TV Show,United Kingdom
s4802,Movie,India
s4803,TV Show,United States
s4804,Movie,Nigeria
s4805,Movie,India
s4806,Movie,India
s4806,Movie,United States
s4807,TV Show,United Kingdom
s4808,TV Show,Lebanon
s4809,Movie,Germany
s4810,Movie,Thailand
s4811,Movie,United States
s4812,TV Show,United States
s4813,Movie,United States
s4814,Movie,India
s4815,Movie,China
s4816,Movie,Turkey
s4817,Movie,Malaysia
s4818,Movie,India
s4819,Movie,Colombia
s4819,Movie,Mexico
s4820,Movie,United Kingdom
s4820,Movie,United States
s4822,TV Show,Ireland
s4822,TV Show,United Kingdom
s4822,TV Show,United States
s4823,TV Show,United Kingdom
s4824,Movie,United States
s4824,Movie,Spain
s4825,Movie,Hong Kong
s4825,Movie,United States
s4826,Movie,Uruguay
s4827,Movie,Argentina
s4827,Movie,Spain
s4828,Movie,Canada
s4829,Movie,United States
s4830,TV Show,Germany
s4831,Movie,United States
s4832,TV Show,United States
s4833,TV Show,South Korea
s4834,Movie,France
s4834,Movie,Germany
s4834,Movie,Czech Republic
s4834,Movie,Belgium
s4835,Movie,United States
s4836,Movie,United States
s4837,Movie,United States
s4837,Movie,Australia
s4838,Movie,Germany
s4838,Movie,China
s4838,Movie,United Kingdom
s4839,Movie,India
s4841,Movie,Germany
s4843,Movie,India
s4844,Movie,France
s4844,Movie,Belgium
s4845,Movie,United States
s4846,Movie,India
s4847,Movie,India
s4848,Movie,India
s4849,Movie,Thailand
s4850,Movie,Nigeria
s4851,Movie,India
s4852,Movie,India
s4853,Movie,United States
s4854,Movie,Colombia
s4855,Movie,Canada
s4855,Movie,Hungary
s4855,Movie,United States
s4856,Movie,United States
s4857,Movie,United States
s4858,Movie,India
s4860,Movie,India
s4861,TV Show,Australia
s4862,Movie,United States
s4863,Movie,India
s4865,TV Show,United States
s4866,Movie,Pakistan
s4866,Movie,United Arab Emirates
s4867,TV Show,United States
s4869,Movie,India
s4870,Movie,India
s4871,Movie,Argentina
s4872,TV Show,France
s4872,TV Show,United Kingdom
s4873,Movie,India
s4874,Movie,France
s4875,Movie,Spain
s4875,Movie,United Kingdom
s4875,Movie,United States
s4876,TV Show,United Kingdom
s4877,TV Show,United Kingdom
s4878,Movie,United States
s4879,Movie,France
s4879,Movie,Belgium
s4880,Movie,United States
s4880,Movie,United Kingdom
s4881,Movie,India
s4882,Movie,United States
s4883,Movie,United States
s4884,Movie,Canada
s4884,Movie,United States
s4885,TV Show,United States
s4887,Movie,United Kingdom
s4887,Movie,Kenya
s4888,TV Show,Spain
s4888,TV Show,United Kingdom
s4890,Movie,Spain
s4892,Movie,United States
s4895,Movie,France
s4895,Movie,United States
s4897,Movie,Japan
s4898,Movie,Japan
s4900,TV Show,Japan
s4901,Movie,Japan
s4902,Movie,United States
s4902,Movie,Germany
s4903,Movie,United States
s4903,Movie,Norway
s4903,Movie,Canada
s4904,TV Show,Canada
s4904,TV Show,United States
s4904,TV Show,Ireland
s4905,TV Show,Canada
s4906,Movie,India
s4907,TV Show,Japan
s4908,Movie,South Africa
s4909,Movie,Switzerland
s4909,Movie,Vatican City
s4909,Movie,Italy
s4909,Movie,Germany
s4909,Movie,France
s4910,Movie,United States
s4911,TV Show,United States
s4911,TV Show,France
s4912,TV Show,South Korea
s4913,TV Show,United States
s4914,Movie,Portugal
s4914,Movie,France
s4914,Movie,Poland
s4914,Movie,United States
s4915,TV Show,United States
s4916,Movie,United States
s4917,Movie,Indonesia
s4918,Movie,India
s4919,TV Show,South Korea
s4920,Movie,United Kingdom
s4921,Movie,India
s4922,Movie,Ghana
s4923,Movie,United States
s4924,TV Show,India
s4926,Movie,India
s4927,TV Show,United States
s4927,TV Show,France
s4928,TV Show,United States
s4929,TV Show,United States
s4931,TV Show,United States
s4932,TV Show,United States
s4932,TV Show,France
s4932,TV Show,Japan
s4933,TV Show,United States
s4934,TV Show,France
s4934,TV Show,Japan
s4934,TV Show,United States
s4935,TV Show,United States
s4935,TV Show,France
s4935,TV Show,Japan
s4936,TV Show,United States
s4937,TV Show,United States
s4938,TV Show,United States
s4938,TV Show,New Zealand
s4939,TV Show,United States
s4939,TV Show,New Zealand
s4939,TV Show,Japan
s4940,TV Show,United States
s4941,TV Show,United States
s4941,TV Show,New Zealand
s4942,TV Show,United States
s4943,Movie,United States
s4944,Movie,United States
s4945,Movie,United States
s4947,Movie,United States
s4949,Movie,United States
s4950,Movie,United States
s4951,TV Show,United States
s4952,TV Show,United States
s4952,TV Show,France
s4952,TV Show,Japan
s4953,TV Show,United States
s4953,TV Show,Netherlands
s4953,TV Show,Japan
s4953,TV Show,France
s4954,TV Show,United States
s4954,TV Show,France
s4954,TV Show,Japan
s4955,TV Show,United States
s4956,Movie,United States
s4957,Movie,United States
s4958,Movie,India
s4958,Movie,Switzerland
s4959,Movie,India
s4960,TV Show,United States
s4961,Movie,United States
s4962,Movie,India
s4963,Movie,India
s4964,Movie,United States
s4965,TV Show,South Korea
s4966,TV Show,United States
s4967,Movie,United States
s4969,Movie,South Africa
s4970,Movie,United States
s4971,Movie,India
s4972,Movie,Hong Kong
s4974,TV Show,United States
s4975,Movie,United States
s4976,Movie,United States
s4977,Movie,United States
s4978,TV Show,South Korea
s4979,Movie,United States
s4980,TV Show,South Korea
s4981,TV Show,United States
s4982,Movie,India
s4983,Movie,United States
s4984,TV Show,United States
s4985,Movie,India
s4986,TV Show,United States
s4987,Movie,India
s4988,Movie,United States
s4989,TV Show,Thailand
s4990,Movie,United States
s4990,Movie,Canada
s4991,Movie,Canada
s4992,Movie,Canada
s4992,Movie,United States
s4993,TV Show,Argentina
s4994,Movie,India
s4995,Movie,South Korea
s4997,TV Show,Japan
s4998,TV Show,Argentina
s4999,Movie,United States
s5000,TV Show,Ireland
s5001,Movie,India
s5002,Movie,Malaysia
s5003,Movie,United States
s5004,Movie,Canada
s5004,Movie,India
s5005,TV Show,United States
s5006,Movie,Canada
s5007,Movie,Canada
s5008,Movie,Canada
s5008,Movie,Japan
s5008,Movie,United States
s5009,Movie,United States
s5010,Movie,India
s5011,Movie,United Kingdom
s5012,Movie,United States
s5013,Movie,United States
s5014,TV Show,China
s5015,Movie,India
s5016,Movie,India
s5017,Movie,India
s5018,TV Show,India
s5019,Movie,India
s5020,Movie,United States
s5021,Movie,India
s5022,TV Show,United States
s5023,Movie,India
s5024,TV Show,China
s5025,Movie,India
s5026,Movie,Netherlands
s5027,TV Show,United States
s5028,TV Show,United States
s5029,Movie,United Kingdom
s5029,Movie,United States
s5030,Movie,United Kingdom
s5031,Movie,India
s5032,TV Show,Taiwan
s5033,Movie,United States
s5033,Movie,Morocco
s5034,TV Show,United States
s5034,TV Show,Mexico
s5034,TV Show,Spain
s5034,TV Show,Malta
s5035,TV Show,South Africa
s5038,TV Show,United States
s5039,TV Show,United States
s5039,TV Show,Japan
s5040,Movie,Spain
s5040,Movie,France
s5041,TV Show,Sweden
s5042,Movie,United States
s5043,Movie,Australia
s5043,Movie,United States
s5044,Movie,United States
s5046,Movie,India
s5047,Movie,United States
s5048,Movie,India
s5049,Movie,India
s5051,TV Show,France
s5052,Movie,Malaysia
s5053,Movie,India
s5054,Movie,India
s5055,Movie,United States
s5056,Movie,United States
s5057,Movie,Brazil
s5058,Movie,United States
s5059,Movie,India
s5060,Movie,United States
s5061,Movie,India
s5063,Movie,Brazil
s5064,Movie,United States
s5065,Movie,India
s5066,Movie,India
s5067,TV Show,Norway
s5067,TV Show,Denmark
s5068,Movie,India
s5069,Movie,United States
s5070,Movie,China
s5071,Movie,United States
s5072,Movie,India
s5073,TV Show,South Korea
s5073,TV Show,Canada
s5073,TV Show,United States
s5073,TV Show,China
s5074,Movie,United States
s5075,TV Show,United States
s5076,Movie,Australia
s5077,Movie,France
s5077,Movie,United States
s5078,Movie,India
s5079,Movie,India
s5080,TV Show,India
s5081,Movie,India
s5082,Movie,India
s5083,TV Show,Australia
s5084,Movie,India
s5085,Movie,United States
s5086,Movie,United States
s5087,Movie,United States
s5088,Movie,United States
s5089,Movie,India
s5090,Movie,India
s5091,Movie,India
s5092,TV Show,India
s5093,Movie,Singapore
s5093,Movie,Japan
s5093,Movie,France
s5094,Movie,India
s5095,Movie,Canada
s5096,Movie,South Korea
s5097,Movie,India
s5098,Movie,India
s5099,Movie,United States
s5100,Movie,India
s5101,Movie,Pakistan
s5102,TV Show,United States
s5103,TV Show,United States
s5105,Movie,United States
s5106,Movie,United States
s5107,Movie,Canada
s5108,Movie,United States
s5110,TV Show,India
s5111,TV Show,Japan
s5112,TV Show,Japan
s5113,Movie,Egypt
s5114,Movie,India
s5115,Movie,Mexico
s5116,Movie,United Kingdom
s5117,Movie,United Kingdom
s5118,TV Show,United States
s5119,Movie,United States
s5119,Movie,India
s5121,TV Show,Brazil
s5122,Movie,United Kingdom
s5123,Movie,United States
s5124,TV Show,Mexico
s5125,TV Show,Ireland
s5126,Movie,United States
s5127,TV Show,Canada
s5128,Movie,Canada
s5129,TV Show,Australia
s5129,TV Show,United States
s5130,TV Show,Japan
s5131,TV Show,South Korea
s5132,Movie,United States
s5133,TV Show,United States
s5134,Movie,Australia
s5135,Movie,United States
s5136,Movie,India
s5137,Movie,United Kingdom
s5138,TV Show,United States
s5139,Movie,United Kingdom
s5139,Movie,United States
s5140,TV Show,Taiwan
s5142,Movie,Egypt
s5143,Movie,United States
s5144,TV Show,United Kingdom
s5145,TV Show,India
s5146,Movie,India
s5147,TV Show,United States
s5148,Movie,United States
s5149,Movie,United States
s5150,Movie,United States
s5152,Movie,United States
s5153,Movie,United States
s5154,Movie,United States
s5156,Movie,United States
s5157,Movie,Malaysia
s5158,Movie,Canada
s5158,Movie,Mexico
s5158,Movie,Germany
s5158,Movie,South Africa
s5159,Movie,United States
s5160,Movie,United Kingdom
s5160,Movie,United States
s5160,Movie,Canada
s5161,Movie,Mexico
s5162,TV Show,South Korea
s5163,TV Show,South Korea
s5164,TV Show,South Korea
s5165,TV Show,Canada
s5166,TV Show,United Kingdom
s5167,Movie,Germany
s5167,Movie,France
s5167,Movie,United States
s5167,Movie,Canada
s5167,Movie,United Kingdom
s5168,Movie,United States
s5169,Movie,United States
s5170,TV Show,Canada
s5171,Movie,United States
s5172,Movie,United States
s5173,Movie,United States
s5174,TV Show,Turkey
s5175,Movie,Peru
s5175,Movie,Germany
s5175,Movie,Norway
s5176,TV Show,United Kingdom
s5177,Movie,Egypt
s5178,Movie,Hong Kong
s5179,Movie,India
s5181,Movie,Hong Kong
s5181,Movie,United States
s5182,Movie,Singapore
s5182,Movie,Malaysia
s5183,Movie,South Korea
s5184,Movie,United States
s5185,TV Show,Japan
s5186,Movie,United Kingdom
s5187,TV Show,United Kingdom
s5188,TV Show,South Korea
s5189,Movie,United States
s5189,Movie,United Kingdom
s5190,Movie,Mexico
s5192,TV Show,United States
s5193,Movie,United Kingdom
s5194,TV Show,United States
s5195,TV Show,United States
s5196,Movie,Mexico
s5197,Movie,Mexico
s5198,Movie,Colombia
s5200,Movie,Brazil
s5201,Movie,United States
s5202,TV Show,United States
s5203,Movie,United Kingdom
s5204,Movie,Australia
s5206,Movie,United States
s5207,Movie,Germany
s5208,Movie,United States
s5209,TV Show,Japan
s5209,TV Show,United States
s5210,Movie,United States
s5211,TV Show,Malaysia
s5212,Movie,India
s5214,Movie,Australia
s5214,Movie,United Arab Emirates
s5215,Movie,Netherlands
s5216,TV Show,United Kingdom
s5216,TV Show,Ireland
s5218,Movie,India
s5219,Movie,Malaysia
s5220,TV Show,India
s5221,Movie,Germany
s5222,Movie,United Kingdom
s5223,TV Show,Denmark
s5224,Movie,India
s5225,Movie,Argentina
s5226,Movie,Japan
s5227,TV Show,United States
s5228,Movie,United States
s5228,Movie,United Kingdom
s5229,Movie,Japan
s5230,Movie,Mexico
s5231,Movie,India
s5232,Movie,Nigeria
s5233,Movie,United States
s5234,Movie,United States
s5235,Movie,Italy
s5236,Movie,United Kingdom
s5237,TV Show,South Korea
s5238,TV Show,South Korea
s5239,TV Show,United States
s5239,TV Show,Japan
s5240,TV Show,United Kingdom
s5241,Movie,France
s5242,Movie,Germany
s5243,Movie,India
s5244,Movie,United States
s5245,Movie,United States
s5246,Movie,India
s5247,Movie,United States
s5248,Movie,United States
s5249,Movie,United States
s5250,Movie,United States
s5251,Movie,United States
s5252,Movie,United States
s5253,Movie,United States
s5254,Movie,France
s5255,Movie,United States
s5256,Movie,United States
s5257,Movie,Egypt
s5258,Movie,United States
s5259,Movie,United States
s5260,Movie,United States
s5260,Movie,Uruguay
s5261,Movie,United States
s5262,Movie,Mexico
s5262,Movie,United States
s5263,TV Show,Canada
s5263,TV Show,United States
s5264,Movie,Japan
s5265,TV Show,South Korea
s5266,Movie,Turkey
s5267,Movie,Turkey
s5268,Movie,India
s5269,Movie,India
s5269,Movie,Canada
s5270,Movie,Mexico
s5271,Movie,United States
s5272,Movie,United States
s5273,Movie,United States
s5274,TV Show,South Korea
s5275,Movie,Ireland
s5275,Movie,Canada
s5275,Movie,United Kingdom
s5275,Movie,United States
s5276,TV Show,France
s5277,Movie,Canada
s5278,Movie,United Kingdom
s5278,Movie,Germany
s5279,TV Show,Thailand
s5280,Movie,India
s5282,Movie,United States
s5283,Movie,United States
s5284,TV Show,Mexico
s5285,Movie,Italy
s5286,Movie,United States
s5287,TV Show,United States
s5288,TV Show,United States
s5289,Movie,United States
s5290,Movie,India
s5291,Movie,United States
s5292,TV Show,United States
s5293,TV Show,Mexico
s5294,Movie,Indonesia
s5295,TV Show,South Korea
s5296,Movie,Germany
s5296,Movie,United States
s5297,Movie,India
s5298,Movie,Mexico
s5299,Movie,Hong Kong
s5300,Movie,United States
s5300,Movie,Germany
s5300,Movie,Australia
s5301,Movie,India
s5302,TV Show,South Korea
s5303,Movie,United States
s5304,Movie,United States
s5306,Movie,United States
s5307,Movie,India
s5308,TV Show,Japan
s5309,Movie,Canada
s5311,Movie,United Kingdom
s5312,Movie,United States
s5313,TV Show,United States
s5314,Movie,United States
s5315,Movie,United States
s5316,TV Show,United States
s5317,Movie,United States
s5318,TV Show,Canada
s5319,Movie,India
s5320,Movie,United States
s5321,Movie,Italy
s5322,Movie,Hong Kong
s5322,Movie,China
s5323,Movie,United States
s5325,Movie,India
s5326,Movie,India
s5327,Movie,India
s5328,Movie,India
s5329,Movie,Pakistan
s5330,TV Show,India
s5331,Movie,Indonesia
s5332,TV Show,India
s5332,TV Show,United States
s5333,Movie,Italy
s5333,Movie,France
s5334,Movie,Spain
s5335,Movie,Turkey
s5336,Movie,Canada
s5337,Movie,India
s5338,TV Show,Pakistan
s5339,Movie,India
s5340,TV Show,United Kingdom
s5341,Movie,United States
s5342,Movie,France
s5342,Movie,Canada
s5343,Movie,India
s5344,Movie,India
s5345,TV Show,Japan
s5346,TV Show,Japan
s5347,Movie,India
s5348,Movie,Philippines
s5349,Movie,India
s5350,TV Show,Senegal
s5351,Movie,India
s5352,Movie,Egypt
s5353,Movie,United States
s5354,Movie,Egypt
s5356,TV Show,United States
s5357,Movie,United States
s5358,Movie,United States
s5359,Movie,United States
s5360,Movie,United States
s5361,Movie,United States
s5362,Movie,India
s5363,TV Show,Brazil
s5364,Movie,India
s5365,Movie,United States
s5366,Movie,Egypt
s5367,TV Show,France
s5368,Movie,United States
s5369,Movie,South Africa
s5369,Movie,United States
s5371,TV Show,Japan
s5372,Movie,United States
s5373,Movie,India
s5374,Movie,United States
s5375,Movie,Israel
s5375,Movie,Germany
s5375,Movie,France
s5376,Movie,United States
s5377,Movie,India
s5378,Movie,India
s5379,TV Show,Italy
s5380,Movie,India
s5381,TV Show,United States
s5382,Movie,United States
s5383,Movie,United States
s5385,Movie,Australia
s5385,Movie,France
s5385,Movie,Ireland
s5386,Movie,South Africa
s5386,Movie,Angola
s5387,Movie,Colombia
s5388,Movie,Spain
s5389,Movie,United States
s5390,Movie,United States
s5391,Movie,France
s5392,Movie,Austria
s5392,Movie,Czech Republic
s5393,Movie,Canada
s5394,Movie,Australia
s5394,Movie,India
s5395,Movie,India
s5398,Movie,India
s5399,Movie,India
s5400,Movie,India
s5401,Movie,India
s5402,Movie,United States
s5404,Movie,India
s5405,Movie,Indonesia
s5406,Movie,India
s5408,Movie,United States
s5409,Movie,India
s5410,Movie,United Kingdom
s5411,Movie,United States
s5412,Movie,Egypt
s5413,TV Show,South Korea
s5414,TV Show,United States
s5415,Movie,Italy
s5416,Movie,United States
s5417,Movie,United States
s5417,Movie,United Kingdom
s5417,Movie,Australia
s5418,Movie,United States
s5419,Movie,India
s5420,TV Show,United States
s5421,Movie,United States
s5423,Movie,United States
s5424,TV Show,Japan
s5425,TV Show,United States
s5426,Movie,Italy
s5426,Movie,France
s5427,TV Show,United States
s5428,Movie,Egypt
s5429,Movie,United States
s5430,Movie,United States
s5431,Movie,United States
s5432,TV Show,Canada
s5432,TV Show,United States
s5433,Movie,United States
s5434,Movie,France
s5435,Movie,Germany
s5436,TV Show,United States
s5437,TV Show,China
s5438,Movie,United States
s5439,TV Show,United States
s5440,Movie,United States
s5441,Movie,United States
s5441,Movie,United Kingdom
s5441,Movie,Canada
s5441,Movie,Japan
s5442,TV Show,United States
s5443,Movie,United States
s5444,Movie,United States
s5445,Movie,United States
s5446,Movie,Hong Kong
s5447,TV Show,Mexico
s5447,TV Show,United States
s5448,Movie,United States
s5449,Movie,United States
s5450,Movie,United States
s5451,Movie,Sweden
s5451,Movie,United Kingdom
s5451,Movie,Finland
s5452,Movie,United States
s5453,Movie,Argentina
s5454,Movie,United States
s5455,Movie,United States
s5456,Movie,United States
s5457,TV Show,South Korea
s5458,Movie,Hong Kong
s5458,Movie,Taiwan
s5459,TV Show,South Korea
s5460,TV Show,Australia
s5461,Movie,United States
s5461,Movie,United Kingdom
s5461,Movie,Spain
s5461,Movie,South Korea
s5462,Movie,United States
s5464,TV Show,Egypt
s5465,Movie,India
s5466,TV Show,Argentina
s5467,Movie,Taiwan
s5468,Movie,United States
s5469,Movie,United States
s5470,TV Show,United Kingdom
s5471,Movie,United States
s5472,Movie,United Kingdom
s5473,Movie,United States
s5474,Movie,United Kingdom
s5475,Movie,United States
s5476,Movie,United States
s5477,Movie,United Kingdom
s5478,Movie,United Kingdom
s5479,Movie,United States
s5479,Movie,United Kingdom
s5480,Movie,United States
s5482,Movie,United States
s5483,Movie,United States
s5484,Movie,India
s5485,TV Show,United States
s5486,TV Show,India
s5487,TV Show,Mexico
s5487,TV Show,United States
s5488,TV Show,United States
s5489,Movie,United States
s5491,Movie,Mexico
s5492,Movie,Turkey
s5493,Movie,United Kingdom
s5493,Movie,France
s5493,Movie,United States
s5494,TV Show,United States
s5495,TV Show,Canada
s5496,Movie,South Korea
s5496,Movie,China
s5496,Movie,United States
s5497,Movie,United States
s5498,Movie,Guatemala
s5499,Movie,United States
s5500,TV Show,United Kingdom
s5501,Movie,India
s5502,Movie,South Africa
s5503,TV Show,Ukraine
s5504,Movie,United States
s5505,Movie,China
s5506,Movie,United States
s5507,Movie,United States
s5508,Movie,United States
s5509,Movie,India
s5510,Movie,India
s5511,Movie,India
s5514,TV Show,France
s5515,Movie,United States
s5516,Movie,United States
s5517,TV Show,United States
s5518,Movie,Philippines
s5519,Movie,Spain
s5520,Movie,United States
s5520,Movie,United Kingdom
s5520,Movie,Canada
s5520,Movie,China
s5521,Movie,United States
s5522,Movie,United States
s5523,Movie,United Kingdom
s5523,Movie,France
s5524,Movie,United States
s5525,TV Show,United Kingdom
s5526,TV Show,United States
s5527,Movie,Mexico
s5528,Movie,United States
s5529,TV Show,Hong Kong
s5530,Movie,United States
s5531,Movie,France
s5532,Movie,India
s5533,Movie,China
s5533,Movie,Hong Kong
s5534,TV Show,Israel
s5535,Movie,India
s5536,Movie,India
s5537,TV Show,Italy
s5537,TV Show,South Africa
s5537,TV Show,West Germany
s5537,TV Show,Australia
s5537,TV Show,United States
s5538,Movie,India
s5539,TV Show,United States
s5540,Movie,India
s5541,Movie,China
s5542,Movie,India
s5543,Movie,Hong Kong
s5544,Movie,United States
s5545,Movie,United States
s5546,TV Show,United Kingdom
s5546,TV Show,Finland
s5546,TV Show,Germany
s5547,TV Show,United Kingdom
s5548,Movie,United Kingdom
s5549,Movie,India
s5550,Movie,United States
s5551,Movie,United Kingdom
s5551,Movie,United States
s5552,TV Show,India
s5553,Movie,United States
s5554,Movie,Egypt
s5555,TV Show,United States
s5556,Movie,Philippines
s5557,TV Show,United States
s5558,Movie,United States
s5559,Movie,Philippines
s5560,Movie,United States
s5561,Movie,United States
s5562,Movie,South Africa
s5562,Movie,United States
s5562,Movie,Germany
s5563,TV Show,United Kingdom
s5563,TV Show,United States
s5564,Movie,United States
s5564,Movie,Germany
s5564,Movie,United Kingdom
s5564,Movie,Australia
s5565,Movie,India
s5565,Movie,Soviet Union
s5566,Movie,India
s5567,Movie,Canada
s5567,Movie,United States
s5568,TV Show,United States
s5569,Movie,Brazil
s5569,Movie,France
s5570,Movie,United States
s5570,Movie,United Kingdom
s5571,Movie,India
s5572,Movie,India
s5573,TV Show,United States
s5574,Movie,India
s5575,TV Show,United States
s5576,Movie,United States
s5577,Movie,Australia
s5578,Movie,Australia
s5579,Movie,India
s5580,Movie,India
s5581,Movie,United States
s5582,Movie,India
s5583,Movie,United States
s5583,Movie,United Arab Emirates
s5584,Movie,United States
s5585,TV Show,United States
s5586,Movie,United Kingdom
s5586,Movie,United States
s5588,Movie,United States
s5589,TV Show,Israel
s5590,Movie,India
s5591,Movie,India
s5591,Movie,United States
s5592,Movie,Thailand
s5593,Movie,Indonesia
s5594,Movie,Indonesia
s5595,Movie,Indonesia
s5596,Movie,Colombia
s5597,Movie,Italy
s5597,Movie,France
s5597,Movie,Switzerland
s5598,TV Show,United Kingdom
s5599,TV Show,United States
s5600,Movie,India
s5601,Movie,United States
s5602,Movie,India
s5603,TV Show,South Korea
s5604,TV Show,Poland
s5605,Movie,United States
s5606,Movie,United States
s5607,Movie,Canada
s5607,Movie,France
s5607,Movie,United States
s5608,Movie,United States
s5609,Movie,India
s5610,TV Show,United States
s5611,Movie,United States
s5612,TV Show,Russia
s5613,TV Show,France
s5614,Movie,United Kingdom
s5615,Movie,United States
s5615,Movie,France
s5616,Movie,Mexico
s5618,TV Show,Colombia
s5618,TV Show,Mexico
s5618,TV Show,United States
s5619,TV Show,United States
s5619,TV Show,Colombia
s5620,TV Show,United States
s5621,Movie,Bangladesh
s5622,TV Show,United States
s5623,TV Show,Germany
s5624,TV Show,Spain
s5625,Movie,India
s5625,Movie,Malaysia
s5626,TV Show,Singapore
s5626,TV Show,United States
s5627,Movie,India
s5628,Movie,India
s5629,Movie,Indonesia
s5631,TV Show,Australia
s5632,TV Show,China
s5633,Movie,Switzerland
s5633,Movie,United States
s5634,Movie,United States
s5634,Movie,United Kingdom
s5635,Movie,Peru
s5636,TV Show,Brazil
s5637,Movie,United States
s5638,TV Show,Japan
s5639,Movie,United States
s5640,Movie,United States
s5641,TV Show,United States
s5642,Movie,Philippines
s5643,TV Show,Australia
s5644,Movie,Pakistan
s5644,Movie,United States
s5645,TV Show,Saudi Arabia
s5646,Movie,Nigeria
s5647,TV Show,United States
s5648,Movie,Thailand
s5648,Movie,Canada
s5648,Movie,United States
s5649,TV Show,United States
s5650,TV Show,United States
s5651,Movie,Spain
s5652,Movie,China
s5652,Movie,Hong Kong
s5652,Movie,United States
s5653,Movie,United States
s5654,Movie,China
s5654,Movie,Hong Kong
s5655,Movie,Vietnam
s5656,Movie,United States
s5656,Movie,France
s5657,TV Show,South Korea
s5657,TV Show,United States
s5658,Movie,United States
s5659,TV Show,Germany
s5660,Movie,Italy
s5661,TV Show,Canada
s5662,Movie,United States
s5664,TV Show,Thailand
s5665,TV Show,Thailand
s5666,TV Show,Thailand
s5667,Movie,United States
s5668,Movie,United States
s5669,Movie,United States
s5670,TV Show,United States
s5671,Movie,Nigeria
s5672,Movie,United Kingdom
s5672,Movie,New Zealand
s5673,Movie,Canada
s5673,Movie,United States
s5674,Movie,United States
s5675,Movie,United States
s5676,Movie,United States
s5677,Movie,United States
s5678,Movie,Spain
s5679,TV Show,Japan
s5680,Movie,United States
s5681,TV Show,United States
s5682,Movie,United States
s5683,Movie,United States
s5684,Movie,United Kingdom
s5684,Movie,France
s5684,Movie,Germany
s5684,Movie,United States
s5685,Movie,South Korea
s5685,Movie,Czech Republic
s5686,Movie,Argentina
s5687,Movie,India
s5688,Movie,United States
s5689,TV Show,United States
s5690,Movie,Indonesia
s5691,Movie,Mexico
s5692,Movie,Mexico
s5693,TV Show,United States
s5694,Movie,India
s5694,Movie,Soviet Union
s5695,Movie,Japan
s5696,Movie,India
s5697,Movie,Spain
s5698,Movie,Mexico
s5699,Movie,United States
s5700,Movie,United States
s5701,Movie,Czech Republic
s5701,Movie,United Kingdom
s5701,Movie,France
s5702,TV Show,Canada
s5703,Movie,United States
s5704,TV Show,United States
s5705,Movie,United States
s5706,TV Show,Mexico
s5706,TV Show,Spain
s5707,TV Show,Taiwan
s5708,Movie,Spain
s5709,TV Show,South Korea
s5710,Movie,United States
s5711,Movie,India
s5712,TV Show,United States
s5713,TV Show,China
s5714,Movie,United States
s5715,Movie,United States
s5716,Movie,Australia
s5716,Movie,United Kingdom
s5716,Movie,Canada
s5717,Movie,Egypt
s5718,TV Show,United States
s5719,Movie,India
s5720,TV Show,Japan
s5721,Movie,United States
s5722,TV Show,Nigeria
s5723,Movie,India
s5724,Movie,Egypt
s5725,TV Show,Thailand
s5726,TV Show,Japan
s5727,Movie,Mexico
s5728,Movie,United States
s5729,Movie,United States
s5730,TV Show,United States
s5731,Movie,United Kingdom
s5732,TV Show,United States
s5733,Movie,United States
s5734,TV Show,United States
s5736,TV Show,United States
s5737,Movie,Spain
s5738,TV Show,South Korea
s5739,Movie,United States
s5740,Movie,France
s5741,TV Show,Russia
s5742,TV Show,United States
s5743,TV Show,United States
s5744,Movie,India
s5745,Movie,Canada
s5745,Movie,United Kingdom
s5745,Movie,United States
s5746,Movie,United States
s5746,Movie,Hungary
s5747,TV Show,Brazil
s5748,Movie,United States
s5749,Movie,United Kingdom
s5750,Movie,United States
s5751,Movie,United States
s5752,Movie,United States
s5754,Movie,United States
s5755,Movie,United States
s5756,TV Show,United States
s5757,TV Show,United States
s5758,Movie,United States
s5759,TV Show,United States
s5760,Movie,United States
s5761,TV Show,United States
s5763,Movie,United Kingdom
s5764,Movie,United States
s5765,TV Show,United States
s5766,Movie,United States
s5767,Movie,United States
s5768,Movie,United States
s5769,TV Show,United Kingdom
s5769,TV Show,France
s5770,Movie,United States
s5771,Movie,United States
s5771,Movie,France
s5772,Movie,United States
s5773,Movie,Jamaica
s5773,Movie,United States
s5774,Movie,United States
s5775,Movie,United States
s5776,Movie,United States
s5777,Movie,United States
s5778,TV Show,United States
s5778,TV Show,Canada
s5779,Movie,Spain
s5780,Movie,India
s5781,Movie,United States
s5782,Movie,United States
s5783,TV Show,United States
s5784,Movie,Canada
s5785,Movie,Canada
s5785,Movie,United States
s5785,Movie,United Kingdom
s5786,TV Show,United States
s5787,TV Show,United States
s5788,TV Show,United States
s5789,TV Show,United States
s5790,TV Show,United States
s5791,Movie,United States
s5792,TV Show,United States
s5793,TV Show,United States
s5794,Movie,Canada
s5795,Movie,United Kingdom
s5795,Movie,United States
s5796,TV Show,United States
s5796,TV Show,Canada
s5797,Movie,United Kingdom
s5798,Movie,United States
s5799,Movie,United States
s5800,TV Show,South Korea
s5801,Movie,Philippines
s5802,TV Show,Australia
s5803,TV Show,Switzerland
s5804,TV Show,United States
s5805,TV Show,Japan
s5806,Movie,United States
s5807,Movie,United States
s5809,Movie,South Korea
s5810,Movie,United States
s5811,Movie,Egypt
s5812,Movie,United States
s5813,Movie,United States
s5814,Movie,Germany
s5815,Movie,United Kingdom
s5815,Movie,United States
s5816,Movie,United States
s5817,Movie,India
s5818,Movie,Thailand
s5819,TV Show,United Kingdom
s5820,Movie,United States
s5821,Movie,United States
s5822,TV Show,United States
s5822,TV Show,Canada
s5823,TV Show,Spain
s5824,TV Show,South Korea
s5825,Movie,United States
s5826,Movie,Australia
s5826,Movie,United Kingdom
s5826,Movie,United States
s5826,Movie,New Zealand
s5826,Movie,Italy
s5826,Movie,France
s5827,TV Show,United States
s5828,TV Show,India
s5829,Movie,India
s5830,TV Show,United States
s5831,Movie,United States
s5832,Movie,Canada
s5833,Movie,United States
s5834,Movie,United States
s5835,TV Show,South Korea
s5836,Movie,United States
s5836,Movie,United Kingdom
s5837,TV Show,United States
s5838,TV Show,South Korea
s5839,TV Show,France
s5839,TV Show,United States
s5839,TV Show,Canada
s5840,Movie,Lebanon
s5841,Movie,India
s5842,Movie,France
s5843,TV Show,United States
s5845,TV Show,United States
s5846,Movie,United States
s5847,Movie,Australia
s5847,Movie,United Kingdom
s5848,Movie,Netherlands
s5848,Movie,Belgium
s5849,Movie,United States
s5850,Movie,United States
s5851,TV Show,United States
s5852,TV Show,South Korea
s5853,Movie,United States
s5853,Movie,Denmark
s5854,Movie,Brazil
s5855,TV Show,South Korea
s5857,Movie,Poland
s5857,Movie,United States
s5858,Movie,Germany
s5858,Movie,United States
s5859,Movie,United States
s5860,Movie,Turkey
s5861,Movie,United States
s5862,Movie,Turkey
s5863,TV Show,United Kingdom
s5864,Movie,United States
s5866,Movie,United States
s5867,Movie,Italy
s5867,Movie,France
s5868,TV Show,Italy
s5869,Movie,Thailand
s5870,Movie,India
s5871,TV Show,Singapore
s5872,Movie,United Kingdom
s5872,Movie,France
s5873,Movie,United States
s5874,TV Show,United States
s5875,TV Show,United States
s5876,Movie,Israel
s5877,Movie,United Kingdom
s5877,Movie,France
s5877,Movie,Canada
s5877,Movie,Belgium
s5877,Movie,United States
s5878,TV Show,South Korea
s5879,Movie,United States
s5880,Movie,Denmark
s5880,Movie,United Kingdom
s5880,Movie,Sweden
s5881,TV Show,Italy
s5882,Movie,Mexico
s5882,Movie,United States
s5883,Movie,Spain
s5884,TV Show,United Kingdom
s5885,Movie,India
s5885,Movie,United States
s5886,TV Show,Belarus
s5887,Movie,India
s5887,Movie,France
s5888,TV Show,India
s5889,Movie,India
s5890,Movie,United States
s5891,Movie,India
s5892,TV Show,Brazil
s5895,Movie,Canada
s5898,TV Show,United States
s5899,Movie,United States
s5901,Movie,Canada
s5903,Movie,Canada
s5904,Movie,United States
s5905,Movie,India
s5906,TV Show,United States
s5906,TV Show,South Korea
s5906,TV Show,China
s5907,Movie,United States
s5908,Movie,United States
s5909,TV Show,United States
s5910,Movie,Spain
s5911,Movie,United States
s5912,TV Show,United States
s5913,TV Show,United States
s5913,TV Show,Canada
s5914,TV Show,United Kingdom
s5915,Movie,United States
s5916,Movie,India
s5917,Movie,India
s5918,Movie,Indonesia
s5919,Movie,United States
s5920,Movie,Indonesia
s5921,Movie,Indonesia
s5922,TV Show,United States
s5924,TV Show,United States
s5925,TV Show,United States
s5926,Movie,United States
s5927,TV Show,United States
s5928,Movie,United States
s5929,Movie,United States
s5930,Movie,United States
s5931,Movie,Indonesia
s5932,Movie,South Korea
s5933,Movie,India
s5934,Movie,India
s5936,Movie,Canada
s5937,Movie,Canada
s5938,Movie,United States
s5938,Movie,United Kingdom
s5939,TV Show,United States
s5940,Movie,United States
s5940,Movie,Canada
s5941,Movie,United States
s5942,Movie,United States
s5943,Movie,United States
s5943,Movie,Sweden
s5944,TV Show,Japan
s5945,TV Show,Japan
s5946,TV Show,Japan
s5947,Movie,China
s5947,Movie,Hong Kong
s5948,Movie,Hong Kong
s5949,Movie,United States
s5950,TV Show,Japan
s5951,Movie,Nigeria
s5952,TV Show,United States
s5953,Movie,Germany
s5954,Movie,India
s5955,Movie,India
s5956,TV Show,Belgium
s5957,TV Show,United States
s5958,Movie,India
s5959,TV Show,India
s5960,Movie,United States
s5961,Movie,United States
s5961,Movie,Germany
s5962,TV Show,China
s5963,Movie,United States
s5964,Movie,Spain
s5965,Movie,United States
s5966,TV Show,France
s5966,TV Show,United States
s5967,Movie,United States
s5968,TV Show,Saudi Arabia
s5969,Movie,India
s5970,Movie,Malaysia
s5971,TV Show,Australia
s5972,Movie,United States
s5973,TV Show,United States
s5974,TV Show,United Kingdom
s5974,TV Show,United States
s5975,TV Show,Cyprus
s5976,Movie,United States
s5977,Movie,United States
s5978,Movie,India
s5979,Movie,India
s5981,TV Show,Lebanon
s5982,Movie,Argentina
s5982,Movie,Spain
s5983,Movie,India
s5984,Movie,India
s5985,Movie,Egypt
s5986,Movie,Indonesia
s5987,Movie,France
s5988,Movie,Indonesia
s5989,Movie,United States
s5990,Movie,United States
s5991,Movie,Egypt
s5992,Movie,Nigeria
s5993,Movie,United States
s5994,Movie,Lebanon
s5994,Movie,United States
s5994,Movie,United Arab Emirates
s5995,Movie,United States
s5996,TV Show,Egypt
s5998,Movie,United States
s5999,TV Show,South Korea
s6000,Movie,United States
s6001,Movie,India
s6002,Movie,United States
s6003,Movie,United States
s6004,TV Show,United States
s6005,Movie,United States
s6006,TV Show,Japan
s6007,Movie,Thailand
s6008,Movie,Pakistan
s6009,Movie,India
s6010,TV Show,United States
s6011,Movie,India
s6012,TV Show,United States
s6013,Movie,United States
s6014,Movie,Hong Kong
s6014,Movie,United States
s6015,Movie,United States
s6015,Movie,Hong Kong
s6017,Movie,India
s6018,Movie,United Kingdom
s6019,Movie,United States
s6019,Movie,Kazakhstan
s6020,Movie,Japan
s6020,Movie,United States
s6021,Movie,Argentina
s6021,Movie,France
s6021,Movie,United States
s6021,Movie,Germany
s6021,Movie,Qatar
s6022,Movie,Hong Kong
s6023,Movie,India
s6024,TV Show,Mexico
s6025,Movie,United States
s6026,Movie,United States
s6026,Movie,Germany
s6026,Movie,United Kingdom
s6027,Movie,United States
s6027,Movie,Germany
s6027,Movie,United Kingdom
s6027,Movie,Italy
s6028,Movie,France
s6029,TV Show,United States
s6029,TV Show,Japan
s6030,TV Show,Japan
s6031,TV Show,Japan
s6032,TV Show,Japan
s6033,Movie,United States
s6034,TV Show,United States
s6034,TV Show,Czech Republic
s6035,Movie,India
s6036,Movie,United Kingdom
s6036,Movie,India
s6037,TV Show,India
s6038,Movie,India
s6039,TV Show,India
s6040,Movie,India
s6042,Movie,India
s6043,Movie,India
s6044,TV Show,United States
s6045,Movie,Philippines
s6046,TV Show,South Korea
s6048,TV Show,United States
s6048,TV Show,Canada
s6049,Movie,Sweden
s6050,Movie,Norway
s6051,TV Show,United States
s6052,Movie,United States
s6053,Movie,United States
s6054,Movie,Indonesia
s6055,Movie,Indonesia
s6057,TV Show,United States
s6057,TV Show,United Kingdom
s6058,Movie,Mexico
s6058,Movie,Spain
s6059,Movie,Taiwan
s6060,TV Show,United Kingdom
s6061,Movie,Nigeria
s6062,Movie,Canada
s6063,Movie,United States
s6065,Movie,Canada
s6066,TV Show,Australia
s6067,TV Show,United States
s6068,Movie,United States
s6069,TV Show,United States
s6069,TV Show,Canada
s6070,Movie,United States
s6070,Movie,New Zealand
s6070,Movie,United Kingdom
s6071,Movie,Argentina
s6072,Movie,France
s6073,Movie,United States
s6074,Movie,South Korea
s6075,TV Show,Spain
s6076,Movie,Philippines
s6077,TV Show,United States
s6078,TV Show,United States
s6080,Movie,United States
s6081,Movie,United States
s6082,Movie,United States
s6083,TV Show,United States
s6084,Movie,Israel
s6084,Movie,United States
s6085,Movie,Finland
s6085,Movie,United States
s6086,Movie,United States
s6087,Movie,Egypt
s6088,TV Show,Singapore
s6089,Movie,Spain
s6089,Movie,France
s6089,Movie,Uruguay
s6090,Movie,Italy
s6091,Movie,United States
s6092,Movie,Nigeria
s6093,Movie,Poland
s6094,Movie,Canada
s6094,Movie,United States
s6095,Movie,United States
s6095,Movie,Canada
s6096,Movie,France
s6096,Movie,Belgium
s6096,Movie,United States
s6097,TV Show,United States
s6098,Movie,France
s6098,Movie,Canada
s6098,Movie,United States
s6099,Movie,United Kingdom
s6099,Movie,United States
s6100,Movie,Switzerland
s6101,Movie,United States
s6102,TV Show,United States
s6103,Movie,United States
s6104,Movie,United States
s6106,TV Show,United States
s6107,Movie,United States
s6108,Movie,United States
s6109,Movie,United Kingdom
s6110,Movie,United States
s6111,Movie,United States
s6112,Movie,United States
s6113,Movie,Spain
s6113,Movie,Argentina
s6114,Movie,Hong Kong
s6115,TV Show,Spain
s6116,Movie,United States
s6117,Movie,United States
s6118,Movie,United States
s6119,Movie,Egypt
s6120,Movie,Italy
s6121,Movie,Hong Kong
s6124,Movie,Brazil
s6125,TV Show,Brazil
s6127,TV Show,United Kingdom
s6128,TV Show,United Kingdom
s6129,TV Show,United Kingdom
s6130,TV Show,United Kingdom
s6131,TV Show,United States
s6132,Movie,United States
s6133,Movie,Italy
s6136,Movie,China
s6137,Movie,United States
s6138,Movie,United Kingdom
s6138,Movie,India
s6138,Movie,United States
s6139,Movie,United States
s6140,Movie,Canada
s6140,Movie,United States
s6141,TV Show,United States
s6142,Movie,Egypt
s6143,Movie,United States
s6144,Movie,Australia
s6144,Movie,United States
s6145,Movie,Chile
s6145,Movie,France
s6146,Movie,Nigeria
s6147,Movie,United States
s6147,Movie,United Kingdom
s6147,Movie,France
s6147,Movie,Germany
s6147,Movie,Japan
s6148,Movie,Egypt
s6149,TV Show,United Kingdom
s6150,Movie,India
s6151,Movie,India
s6152,Movie,Canada
s6152,Movie,Norway
s6153,Movie,United States
s6154,TV Show,United Kingdom
s6155,TV Show,France
s6156,Movie,United States
s6157,Movie,Saudi Arabia
s6158,TV Show,United States
s6158,TV Show,Hungary
s6158,TV Show,Ireland
s6158,TV Show,Canada
s6159,TV Show,United States
s6160,Movie,United States
s6161,Movie,France
s6162,TV Show,United States
s6163,Movie,United States
s6164,Movie,United States
s6165,Movie,United States
s6165,Movie,Canada
s6165,Movie,China
s6166,Movie,United Kingdom
s6166,Movie,United States
s6167,Movie,United States
s6167,Movie,Canada
s6168,Movie,United Kingdom
s6168,Movie,Malawi
s6169,Movie,United States
s6170,Movie,United States
s6171,Movie,United States
s6172,Movie,United States
s6173,Movie,United States
s6174,Movie,Ireland
s6174,Movie,Canada
s6174,Movie,Luxembourg
s6174,Movie,United States
s6174,Movie,United Kingdom
s6174,Movie,Philippines
s6174,Movie,India
s6175,TV Show,Belgium
s6176,TV Show,United States
s6177,Movie,United States
s6178,Movie,New Zealand
s6179,Movie,Philippines
s6180,TV Show,South Korea
s6181,Movie,Nigeria
s6182,Movie,Taiwan
s6183,Movie,South Korea
s6184,Movie,United States
s6184,Movie,Czech Republic
s6184,Movie,United Kingdom
s6185,Movie,United States
s6187,Movie,Hong Kong
s6188,Movie,Ghana
s6188,Movie,United States
s6189,TV Show,United States
s6190,Movie,Turkey
s6191,Movie,United States
s6191,Movie,China
s6192,Movie,United States
s6193,Movie,United States
s6194,TV Show,United States
s6195,Movie,Israel
s6195,Movie,Germany
s6196,Movie,South Korea
s6197,TV Show,India
s6198,Movie,Canada
s6199,Movie,United States
s6200,Movie,United States
s6201,Movie,United States
s6202,Movie,United States
s6203,TV Show,New Zealand
s6204,TV Show,Canada
s6204,TV Show,United Kingdom
s6204,TV Show,United States
s6205,Movie,Egypt
s6206,Movie,Nigeria
s6207,TV Show,France
s6208,TV Show,United States
s6210,Movie,United States
s6211,TV Show,United States
s6212,TV Show,United States
s6213,TV Show,Australia
s6214,Movie,Egypt
s6215,Movie,Spain
s6215,Movie,Mexico
s6216,TV Show,Brazil
s6217,Movie,Mexico
s6217,Movie,France
s6218,Movie,United Kingdom
s6218,Movie,United States
s6219,Movie,United States
s6220,Movie,Canada
s6221,Movie,United States
s6222,Movie,United States
s6223,TV Show,United States
s6223,TV Show,United Kingdom
s6224,TV Show,Brazil
s6224,TV Show,United Kingdom
s6226,Movie,United States
s6227,Movie,United States
s6228,Movie,France
s6229,Movie,United States
s6230,TV Show,Mexico
s6231,TV Show,United Kingdom
s6232,Movie,Poland
s6232,Movie,United States
s6233,TV Show,United States
s6234,Movie,France
s6234,Movie,Belgium
s6234,Movie,Luxembourg
s6234,Movie,Romania
s6234,Movie,Canada
s6234,Movie,United States
s6235,Movie,United States
s6236,Movie,United States
s6237,Movie,United States
s6237,Movie,United Kingdom
s6238,TV Show,United States
s6239,TV Show,United States
s6240,Movie,Canada
s6242,Movie,Israel
s6242,Movie,Germany
s6242,Movie,Poland
s6242,Movie,Luxembourg
s6242,Movie,Belgium
s6242,Movie,France
s6242,Movie,United States
s6243,Movie,United States
s6244,Movie,Egypt
s6245,TV Show,Japan
s6246,Movie,United States
s6247,TV Show,South Korea
s6248,Movie,United States
s6249,TV Show,India
s6250,Movie,France
s6251,TV Show,Poland
s6252,Movie,Argentina
s6253,Movie,United States
s6254,Movie,United States
s6255,TV Show,United Kingdom
s6255,TV Show,United States
s6256,Movie,Poland
s6257,Movie,United Kingdom
s6257,Movie,Japan
s6257,Movie,United States
s6258,Movie,United States
s6259,TV Show,France
s6259,TV Show,Germany
s6260,TV Show,United States
s6261,TV Show,United States
s6262,Movie,United Kingdom
s6262,Movie,United States
s6263,Movie,United States
s6263,Movie,Malta
s6263,Movie,France
s6263,Movie,United Kingdom
s6264,Movie,India
s6265,Movie,Indonesia
s6266,Movie,United Kingdom
s6266,Movie,United States
s6266,Movie,Germany
s6266,Movie,Denmark
s6266,Movie,Belgium
s6266,Movie,Japan
s6267,Movie,United States
s6267,Movie,United Kingdom
s6268,TV Show,United Kingdom
s6268,TV Show,United States
s6269,Movie,India
s6270,Movie,United Kingdom
s6271,Movie,United States
s6272,Movie,Australia
s6273,Movie,Austria
s6273,Movie,United States
s6274,TV Show,United States
s6275,TV Show,Canada
s6275,TV Show,Australia
s6276,Movie,Mexico
s6276,Movie,Spain
s6277,TV Show,Denmark
s6278,Movie,Egypt
s6279,Movie,Greece
s6279,Movie,United States
s6280,Movie,Romania
s6281,Movie,United Kingdom
s6281,Movie,France
s6281,Movie,Belgium
s6281,Movie,Canada
s6281,Movie,United States
s6282,Movie,United Kingdom
s6282,Movie,United States
s6283,Movie,United States
s6284,Movie,Canada
s6285,TV Show,Canada
s6285,TV Show,Australia
s6286,TV Show,China
s6286,TV Show,Hong Kong
s6288,Movie,Nigeria
s6289,Movie,United States
s6289,Movie,Hong Kong
s6290,Movie,Argentina
s6290,Movie,Chile
s6291,Movie,United States
s6292,Movie,United States
s6293,Movie,Italy
s6293,Movie,United States
s6294,Movie,United States
s6295,TV Show,Japan
s6296,TV Show,United States
s6297,TV Show,Taiwan
s6298,Movie,United States
s6299,Movie,Czech Republic
s6299,Movie,Slovakia
s6300,Movie,United States
s6301,Movie,United States
s6303,Movie,United States
s6304,TV Show,Japan
s6305,TV Show,Japan
s6306,Movie,United States
s6307,Movie,Argentina
s6307,Movie,Spain
s6308,Movie,United States
s6309,Movie,Indonesia
s6310,Movie,Indonesia
s6311,TV Show,United States
s6311,TV Show,Canada
s6312,TV Show,Singapore
s6313,TV Show,Singapore
s6314,Movie,Indonesia
s6315,Movie,United States
s6315,Movie,Hong Kong
s6316,Movie,South Korea
s6317,TV Show,Canada
s6318,TV Show,United Kingdom
s6319,Movie,United States
s6320,Movie,United States
s6321,Movie,United States
s6323,TV Show,United Kingdom
s6323,TV Show,Germany
s6323,TV Show,United States
s6323,TV Show,France
s6324,Movie,Brazil
s6325,Movie,United States
s6325,Movie,China
s6326,Movie,United Kingdom
s6326,Movie,Lithuania
s6327,TV Show,United States
s6328,Movie,Egypt
s6328,Movie,France
s6329,Movie,Kuwait
s6330,Movie,Japan
s6331,TV Show,United Kingdom
s6332,Movie,United States
s6333,Movie,United States
s6334,Movie,Spain
s6334,Movie,France
s6334,Movie,Canada
s6335,TV Show,United Kingdom
s6336,TV Show,United States
s6337,TV Show,United States
s6338,Movie,United States
s6339,Movie,United Kingdom
s6339,Movie,United States
s6340,TV Show,United States
s6341,Movie,United States
s6342,Movie,United States
s6343,Movie,France
s6343,Movie,United Kingdom
s6343,Movie,United States
s6345,TV Show,United Kingdom
s6346,Movie,United Kingdom
s6347,Movie,United States
s6348,TV Show,Taiwan
s6349,Movie,United States
s6350,Movie,Nigeria
s6351,Movie,United States
s6352,TV Show,United States
s6354,Movie,United States
s6354,Movie,Greece
s6354,Movie,United Kingdom
s6355,Movie,Brazil
s6356,Movie,United States
s6357,TV Show,United Kingdom
s6358,Movie,Hong Kong
s6359,TV Show,United States
s6360,TV Show,United States
s6361,Movie,United States
s6362,Movie,United States
s6363,Movie,United States
s6364,Movie,Hong Kong
s6365,Movie,United States
s6365,Movie,China
s6366,Movie,United States
s6367,Movie,United Kingdom
s6367,Movie,China
s6367,Movie,United States
s6367,Movie,India
s6368,Movie,United States
s6369,Movie,Japan
s6370,TV Show,Japan
s6371,Movie,United Kingdom
s6372,Movie,United States
s6373,TV Show,United States
s6374,Movie,United States
s6374,Movie,Greece
s6375,TV Show,United Kingdom
s6376,Movie,New Zealand
s6377,TV Show,France
s6378,Movie,United States
s6379,Movie,United States
s6380,TV Show,United Kingdom
s6380,TV Show,United States
s6381,Movie,Spain
s6382,TV Show,Norway
s6383,TV Show,United States
s6384,Movie,United States
s6385,Movie,Japan
s6386,TV Show,France
s6386,TV Show,United States
s6387,Movie,Indonesia
s6388,Movie,United States
s6389,TV Show,United States
s6390,Movie,Nigeria
s6391,TV Show,Taiwan
s6391,TV Show,Malaysia
s6392,Movie,United States
s6393,Movie,Spain
s6394,TV Show,Turkey
s6395,Movie,Philippines
s6396,Movie,Spain
s6397,Movie,United States
s6397,Movie,Sweden
s6397,Movie,Norway
s6399,TV Show,India
s6400,Movie,Israel
s6401,TV Show,Colombia
s6402,Movie,United States
s6403,TV Show,United States
s6404,TV Show,South Korea
s6405,Movie,United States
s6406,TV Show,United States
s6407,Movie,United States
s6408,TV Show,United States
s6409,Movie,United Kingdom
s6409,Movie,United States
s6409,Movie,Morocco
s6410,Movie,United States
s6410,Movie,United Kingdom
s6410,Movie,Morocco
s6413,TV Show,Nigeria
s6414,Movie,Hong Kong
s6414,Movie,China
s6415,Movie,South Korea
s6416,TV Show,United Kingdom
s6418,TV Show,United Kingdom
s6420,Movie,India
s6421,Movie,United States
s6422,TV Show,Colombia
s6423,Movie,Hong Kong
s6423,Movie,China
s6424,Movie,United States
s6424,Movie,Australia
s6425,TV Show,United Kingdom
s6426,Movie,United States
s6427,Movie,United States
s6427,Movie,Spain
s6428,Movie,China
s6429,Movie,United Kingdom
s6429,Movie,France
s6429,Movie,United States
s6430,TV Show,South Korea
s6431,TV Show,United States
s6432,Movie,United States
s6433,Movie,United States
s6433,Movie,China
s6433,Movie,Canada
s6434,Movie,United States
s6435,Movie,United States
s6437,Movie,Poland
s6438,Movie,United States
s6439,TV Show,United States
s6440,TV Show,United States
s6441,TV Show,United States
s6442,Movie,United States
s6443,Movie,Spain
s6443,Movie,Canada
s6443,Movie,United States
s6445,Movie,Indonesia
s6446,Movie,United States
s6447,Movie,Canada
s6448,Movie,United States
s6449,Movie,Canada
s6450,Movie,Spain
s6451,Movie,United States
s6452,Movie,United States
s6453,Movie,United States
s6454,TV Show,Spain
s6455,Movie,United States
s6456,TV Show,United States
s6457,TV Show,Canada
s6458,Movie,United States
s6459,TV Show,United States
s6460,Movie,Thailand
s6462,TV Show,United States
s6463,TV Show,France
s6464,Movie,India
s6465,TV Show,Mexico
s6467,Movie,United States
s6468,TV Show,India
s6469,Movie,Philippines
s6470,Movie,India
s6471,Movie,Canada
s6472,Movie,Canada
s6472,Movie,Belgium
s6473,Movie,United States
s6473,Movie,India
s6473,Movie,United Arab Emirates
s6474,TV Show,United Kingdom
s6475,Movie,United Kingdom
s6475,Movie,United States
s6476,Movie,United States
s6477,TV Show,United States
s6478,TV Show,Spain
s6479,TV Show,United States
s6480,Movie,United Kingdom
s6480,Movie,Canada
s6480,Movie,France
s6480,Movie,United States
s6481,Movie,Spain
s6481,Movie,Thailand
s6481,Movie,United States
s6482,TV Show,Singapore
s6483,TV Show,Australia
s6484,TV Show,United Kingdom
s6485,Movie,Mexico
s6486,Movie,United States
s6487,Movie,Denmark
s6488,Movie,United States
s6489,TV Show,Canada
s6489,TV Show,Germany
s6489,TV Show,South Africa
s6490,Movie,United States
s6491,Movie,Spain
s6491,Movie,France
s6492,Movie,United States
s6493,TV Show,Mexico
s6494,TV Show,United States
s6495,TV Show,United States
s6496,TV Show,United Kingdom
s6497,Movie,United Kingdom
s6498,Movie,United Kingdom
s6499,Movie,Egypt
s6500,Movie,Australia
s6501,Movie,France
s6502,Movie,United States
s6503,TV Show,United Kingdom
s6504,Movie,Spain
s6504,Movie,Germany
s6505,Movie,Spain
s6506,Movie,United States
s6508,Movie,United States
s6509,Movie,United States
s6510,Movie,United Kingdom
s6510,Movie,France
s6511,TV Show,Japan
s6512,Movie,Nigeria
s6513,TV Show,United Kingdom
s6514,Movie,Austria
s6515,Movie,France
s6516,TV Show,United States
s6517,Movie,United States
s6518,TV Show,United States
s6519,Movie,United States
s6520,TV Show,Thailand
s6521,TV Show,India
s6521,TV Show,Germany
s6521,TV Show,France
s6522,Movie,Indonesia
s6523,TV Show,South Korea
s6524,Movie,United States
s6524,Movie,China
s6525,TV Show,United States
s6526,Movie,United States
s6527,Movie,Brazil
s6528,Movie,Ireland
s6528,Movie,United Kingdom
s6529,Movie,United States
s6529,Movie,Israel
s6529,Movie,United Kingdom
s6529,Movie,Canada
s6531,Movie,United Kingdom
s6531,Movie,Hungary
s6531,Movie,Australia
s6532,TV Show,South Korea
s6533,TV Show,China
s6534,Movie,United Kingdom
s6534,Movie,United States
s6534,Movie,Australia
s6535,TV Show,Argentina
s6536,Movie,United Kingdom
s6536,Movie,United States
s6537,Movie,United Kingdom
s6537,Movie,United States
s6538,Movie,Lebanon
s6538,Movie,France
s6539,Movie,United States
s6540,TV Show,United States
s6541,TV Show,Canada
s6541,TV Show,United States
s6542,TV Show,South Korea
s6543,Movie,United States
s6544,Movie,United States
s6545,Movie,Egypt
s6546,Movie,India
s6547,TV Show,Egypt
s6548,Movie,United States
s6549,Movie,Belgium
s6549,Movie,Ireland
s6549,Movie,Netherlands
s6549,Movie,Germany
s6549,Movie,Afghanistan
s6550,Movie,South Korea
s6551,Movie,United States
s6552,Movie,India
s6553,Movie,United States
s6554,TV Show,United States
s6555,TV Show,United States
s6556,Movie,United States
s6557,Movie,Australia
s6558,Movie,France
s6558,Movie,United States
s6559,Movie,United States
s6560,Movie,Brazil
s6561,Movie,Chile
s6561,Movie,Peru
s6562,TV Show,United States
s6563,TV Show,United Kingdom
s6564,Movie,United States
s6565,Movie,United Kingdom
s6566,TV Show,United States
s6567,TV Show,Egypt
s6568,Movie,United States
s6569,Movie,Paraguay
s6569,Movie,Argentina
s6570,Movie,United Kingdom
s6570,Movie,Italy
s6570,Movie,Israel
s6570,Movie,Peru
s6570,Movie,United States
s6571,Movie,United States
s6572,Movie,United States
s6573,Movie,United States
s6574,TV Show,Germany
s6575,Movie,United States
s6576,Movie,United States
s6577,Movie,Spain
s6579,Movie,United States
s6580,Movie,Spain
s6580,Movie,Germany
s6581,Movie,United States
s6582,Movie,India
s6583,TV Show,China
s6584,Movie,United States
s6585,TV Show,United States
s6586,Movie,India
s6587,TV Show,China
s6588,TV Show,Australia
s6589,TV Show,United Kingdom
s6590,Movie,South Africa
s6592,TV Show,South Korea
s6593,TV Show,United States
s6594,TV Show,South Korea
s6595,Movie,Italy
s6596,Movie,India
s6598,Movie,Spain
s6598,Movie,Argentina
s6599,Movie,Norway
s6599,Movie,Germany
s6600,Movie,Canada
s6600,Movie,United States
s6601,Movie,United States
s6603,Movie,France
s6603,Movie,Canada
s6603,Movie,Italy
s6603,Movie,United States
s6603,Movie,China
s6604,Movie,Spain
s6605,Movie,Netherlands
s6605,Movie,Germany
s6605,Movie,Denmark
s6605,Movie,United Kingdom
s6606,Movie,France
s6606,Movie,Lebanon
s6607,Movie,Germany
s6608,TV Show,United States
s6609,Movie,Ireland
s6609,Movie,United Kingdom
s6609,Movie,Greece
s6609,Movie,France
s6609,Movie,Netherlands
s6610,Movie,Ireland
s6612,Movie,United States
s6613,Movie,United States
s6614,Movie,United States
s6615,Movie,United States
s6616,Movie,Denmark
s6616,Movie,Indonesia
s6616,Movie,Finland
s6616,Movie,Norway
s6616,Movie,United Kingdom
s6616,Movie,Israel
s6616,Movie,France
s6616,Movie,United States
s6616,Movie,Germany
s6616,Movie,Netherlands
s6617,Movie,New Zealand
s6617,Movie,United States
s6618,Movie,New Zealand
s6618,Movie,United States
s6619,Movie,Argentina
s6619,Movie,Uruguay
s6619,Movie,Spain
s6619,Movie,France
s6620,Movie,United States
s6621,Movie,Nigeria
s6622,Movie,Philippines
s6623,Movie,United Kingdom
s6623,Movie,Germany
s6623,Movie,United States
s6624,Movie,United States
s6625,Movie,United States
s6626,Movie,United Kingdom
s6627,Movie,Poland
s6628,Movie,Hong Kong
s6629,Movie,United States
s6629,Movie,Australia
s6629,Movie,South Africa
s6629,Movie,United Kingdom
s6630,TV Show,Canada
s6630,TV Show,United States
s6631,TV Show,United States
s6632,Movie,Canada
s6633,Movie,United States
s6634,Movie,Canada
s6635,TV Show,United States
s6635,TV Show,Canada
s6636,Movie,United States
s6637,TV Show,United Kingdom
s6637,TV Show,United States
s6637,TV Show,Spain
s6637,TV Show,Germany
s6637,TV Show,Greece
s6637,TV Show,Canada
s6638,Movie,India
s6639,Movie,United States
s6640,Movie,Italy
s6640,Movie,Belgium
s6641,Movie,France
s6641,Movie,Belgium
s6642,TV Show,Japan
s6643,Movie,Egypt
s6644,Movie,United States
s6645,Movie,United States
s6645,Movie,Germany
s6645,Movie,Mexico
s6646,Movie,United States
s6647,Movie,United States
s6648,Movie,Italy
s6649,Movie,United States
s6650,Movie,United States
s6651,Movie,United States
s6652,Movie,Spain
s6653,Movie,United States
s6654,Movie,South Korea
s6655,Movie,United Kingdom
s6656,TV Show,Brazil
s6657,Movie,Chile
s6657,Movie,Spain
s6657,Movie,Argentina
s6657,Movie,Germany
s6658,Movie,United States
s6659,Movie,United States
s6659,Movie,United Kingdom
s6660,TV Show,Spain
s6661,TV Show,United States
s6662,TV Show,Russia
s6663,Movie,United States
s6664,Movie,Hong Kong
s6665,TV Show,United States
s6666,Movie,United States
s6667,Movie,Germany
s6667,Movie,Italy
s6668,Movie,Nigeria
s6669,TV Show,United States
s6670,TV Show,United States
s6671,Movie,United States
s6672,TV Show,France
s6673,TV Show,Spain
s6674,TV Show,Spain
s6675,TV Show,South Korea
s6676,TV Show,Poland
s6677,Movie,United Kingdom
s6677,Movie,Nigeria
s6679,TV Show,Canada
s6679,TV Show,United States
s6680,Movie,Philippines
s6681,Movie,United Kingdom
s6682,Movie,Denmark
s6683,Movie,United States
s6683,Movie,Canada
s6684,Movie,New Zealand
s6685,TV Show,United States
s6686,Movie,Belgium
s6686,Movie,United Kingdom
s6686,Movie,United States
s6687,TV Show,Sweden
s6688,Movie,United States
s6689,Movie,United States
s6690,Movie,Spain
s6690,Movie,Mexico
s6691,TV Show,United States
s6692,TV Show,United States
s6693,Movie,United States
s6694,TV Show,United Kingdom
s6695,Movie,Italy
s6696,TV Show,Japan
s6698,Movie,United States
s6699,Movie,United States
s6700,Movie,United States
s6701,TV Show,Spain
s6702,TV Show,United States
s6703,Movie,United States
s6704,TV Show,Australia
s6704,TV Show,New Zealand
s6705,Movie,Canada
s6706,Movie,United States
s6707,Movie,Spain
s6707,Movie,Switzerland
s6708,TV Show,Canada
s6709,Movie,United States
s6710,Movie,Indonesia
s6710,Movie,United States
s6711,TV Show,United States
s6712,TV Show,United States
s6713,Movie,Germany
s6714,Movie,Canada
s6714,Movie,South Korea
s6714,Movie,United States
s6715,Movie,United States
s6716,TV Show,United States
s6717,TV Show,Singapore
s6718,Movie,Spain
s6719,TV Show,United States
s6720,Movie,United States
s6721,Movie,Mexico
s6722,TV Show,France
s6723,Movie,United States
s6724,Movie,Philippines
s6725,Movie,Canada
s6725,Movie,United States
s6726,TV Show,United States
s6727,Movie,United States
s6728,TV Show,United States
s6729,Movie,France
s6729,Movie,Egypt
s6730,Movie,United States
s6731,Movie,United States
s6732,Movie,France
s6732,Movie,Iran
s6732,Movie,United States
s6733,Movie,Turkey
s6733,Movie,United States
s6734,Movie,United States
s6735,Movie,United States
s6735,Movie,Bulgaria
s6736,Movie,United States
s6737,TV Show,Taiwan
s6738,Movie,United States
s6739,Movie,Philippines
s6740,TV Show,Croatia
s6741,Movie,Spain
s6742,TV Show,United States
s6743,Movie,United Kingdom
s6744,Movie,United Kingdom
s6745,Movie,United States
s6746,Movie,United States
s6747,Movie,United States
s6749,Movie,Mexico
s6751,Movie,Ghana
s6752,Movie,United States
s6753,Movie,United States
s6754,Movie,United Kingdom
s6754,Movie,United States
s6755,TV Show,United States
s6756,Movie,Spain
s6757,Movie,Germany
s6758,Movie,United States
s6758,Movie,Czech Republic
s6759,Movie,United States
s6760,Movie,Somalia
s6760,Movie,Kenya
s6760,Movie,Sudan
s6760,Movie,South Africa
s6760,Movie,United States
s6761,Movie,United Kingdom
s6761,Movie,United States
s6762,Movie,United States
s6763,Movie,United States
s6764,Movie,Poland
s6765,Movie,India
s6766,TV Show,United Arab Emirates
s6767,TV Show,United States
s6768,Movie,Egypt
s6769,Movie,Italy
s6770,Movie,United States
s6771,TV Show,United States
s6772,Movie,United States
s6773,Movie,Canada
s6773,Movie,United States
s6774,Movie,South Korea
s6775,Movie,France
s6776,Movie,United States
s6776,Movie,United Kingdom
s6777,Movie,United States
s6777,Movie,Czech Republic
s6778,TV Show,China
s6779,TV Show,Taiwan
s6780,Movie,United States
s6781,Movie,United States
s6782,Movie,United States
s6783,TV Show,China
s6784,Movie,South Korea
s6785,Movie,Ireland
s6785,Movie,France
s6785,Movie,Iceland
s6785,Movie,United States
s6785,Movie,Mexico
s6785,Movie,Belgium
s6785,Movie,United Kingdom
s6785,Movie,Hong Kong
s6786,Movie,United States
s6787,Movie,Spain
s6787,Movie,United States
s6788,TV Show,Japan
s6789,TV Show,Turkey
s6790,Movie,United States
s6791,Movie,United States
s6792,Movie,United States
s6793,TV Show,Canada
s6794,Movie,United States
s6795,TV Show,Colombia
s6796,TV Show,Colombia
s6797,TV Show,United States
s6798,Movie,United States
s6799,TV Show,Denmark
s6799,TV Show,United States
s6800,Movie,Indonesia
s6801,Movie,United States
s6801,Movie,Germany
s6802,TV Show,United States
s6803,TV Show,United States
s6804,Movie,India
s6805,TV Show,United Kingdom
s6806,Movie,United States
s6806,Movie,Canada
s6806,Movie,Japan
s6806,Movie,Panama
s6807,Movie,United States
s6808,Movie,Spain
s6809,Movie,Canada
s6810,Movie,United States
s6811,Movie,New Zealand
s6812,Movie,United States
s6813,Movie,United States
s6814,TV Show,United Kingdom
s6816,Movie,South Korea
s6817,Movie,Netherlands
s6818,TV Show,France
s6819,Movie,United Kingdom
s6819,Movie,Spain
s6819,Movie,Belgium
s6820,Movie,United States
s6821,Movie,Serbia
s6821,Movie,South Korea
s6821,Movie,Slovenia
s6822,Movie,Egypt
s6823,Movie,United States
s6824,Movie,United Kingdom
s6825,TV Show,United Kingdom
s6826,TV Show,China
s6827,Movie,United Kingdom
s6827,Movie,Canada
s6828,Movie,United States
s6829,Movie,United States
s6830,TV Show,Russia
s6831,Movie,United States
s6832,TV Show,Colombia
s6833,Movie,United Kingdom
s6834,Movie,United States
s6835,Movie,Taiwan
s6836,Movie,Australia
s6836,Movie,United States
s6837,Movie,India
s6838,Movie,Nigeria
s6839,TV Show,United Kingdom
s6840,Movie,United States
s6841,Movie,United States
s6841,Movie,United Kingdom
s6842,Movie,United States
s6843,Movie,United States
s6844,Movie,United Kingdom
s6845,Movie,Italy
s6845,Movie,France
s6846,Movie,United States
s6847,Movie,United States
s6848,Movie,Denmark
s6848,Movie,United Kingdom
s6848,Movie,South Africa
s6848,Movie,Sweden
s6848,Movie,Belgium
s6849,Movie,Australia
s6850,TV Show,South Korea
s6851,Movie,Egypt
s6852,Movie,Germany
s6852,Movie,Canada
s6852,Movie,United States
s6853,Movie,United States
s6854,TV Show,Mexico
s6855,Movie,United States
s6857,Movie,United States
s6857,Movie,France
s6857,Movie,Japan
s6858,Movie,Nigeria
s6859,TV Show,Japan
s6860,Movie,Japan
s6861,Movie,United States
s6862,TV Show,United States
s6863,TV Show,United States
s6863,TV Show,New Zealand
s6864,Movie,India
s6865,Movie,United States
s6866,Movie,United States
s6867,Movie,United Kingdom
s6867,Movie,United States
s6868,Movie,Ireland
s6868,Movie,South Africa
s6869,Movie,Italy
s6870,Movie,United States
s6871,Movie,Canada
s6871,Movie,Germany
s6872,Movie,Spain
s6872,Movie,France
s6872,Movie,Canada
s6872,Movie,United States
s6873,Movie,Spain
s6874,Movie,Spain
s6875,Movie,Mexico
s6876,Movie,Indonesia
s6877,TV Show,United States
s6878,Movie,Spain
s6879,Movie,India
s6879,Movie,United Kingdom
s6879,Movie,Canada
s6879,Movie,United States
s6880,Movie,United States
s6881,Movie,United States
s6881,Movie,Belgium
s6881,Movie,Canada
s6882,Movie,United States
s6882,Movie,France
s6882,Movie,Canada
s6882,Movie,Belgium
s6883,TV Show,Ukraine
s6884,Movie,United States
s6885,Movie,United States
s6886,TV Show,United States
s6887,Movie,Argentina
s6888,TV Show,South Korea
s6889,TV Show,South Korea
s6890,Movie,United States
s6891,Movie,United States
s6892,Movie,United States
s6893,Movie,United States
s6894,Movie,Poland
s6895,Movie,United States
s6896,TV Show,France
s6897,Movie,United States
s6898,Movie,United Kingdom
s6899,Movie,United Kingdom
s6899,Movie,Egypt
s6899,Movie,United States
s6900,Movie,United States
s6901,TV Show,France
s6902,Movie,United States
s6903,TV Show,United States
s6904,Movie,United States
s6905,Movie,United Kingdom
s6905,Movie,Germany
s6905,Movie,United Arab Emirates
s6905,Movie,New Zealand
s6906,TV Show,United States
s6907,TV Show,United States
s6908,TV Show,Thailand
s6909,TV Show,United Kingdom
s6910,Movie,United States
s6911,Movie,Egypt
s6912,Movie,Egypt
s6913,Movie,United Kingdom
s6914,Movie,United States
s6915,TV Show,United States
s6915,TV Show,Canada
s6916,Movie,Philippines
s6917,TV Show,United States
s6918,Movie,United States
s6919,Movie,United Kingdom
s6919,Movie,France
s6919,Movie,United States
s6919,Movie,Belgium
s6919,Movie,Luxembourg
s6919,Movie,China
s6919,Movie,Germany
s6920,Movie,United States
s6920,Movie,United Kingdom
s6921,Movie,United States
s6922,Movie,Argentina
s6924,Movie,United States
s6925,Movie,United Kingdom
s6925,Movie,Japan
s6925,Movie,United States
s6926,Movie,Egypt
s6927,Movie,Philippines
s6928,Movie,Mexico
s6929,Movie,United States
s6930,Movie,United Kingdom
s6931,Movie,United States
s6931,Movie,United Arab Emirates
s6932,Movie,United States
s6933,Movie,United Kingdom
s6933,Movie,Spain
s6933,Movie,United States
s6933,Movie,Germany
s6934,Movie,United States
s6934,Movie,France
s6934,Movie,Italy
s6934,Movie,United Kingdom
s6935,TV Show,United States
s6936,Movie,Georgia
s6937,TV Show,United States
s6938,Movie,United States
s6939,Movie,Spain
s6940,TV Show,Italy
s6941,Movie,United States
s6941,Movie,United Kingdom
s6941,Movie,India
s6942,TV Show,United States
s6943,Movie,Spain
s6944,Movie,United States
s6945,Movie,United States
s6946,Movie,United Kingdom
s6947,Movie,United States
s6949,Movie,United Kingdom
s6950,TV Show,Singapore
s6951,TV Show,Ireland
s6951,TV Show,Canada
s6951,TV Show,United States
s6951,TV Show,United Kingdom
s6952,Movie,United States
s6953,TV Show,Belgium
s6954,TV Show,United States
s6955,Movie,Hong Kong
s6955,Movie,China
s6956,Movie,United Kingdom
s6956,Movie,Italy
s6957,Movie,United States
s6958,TV Show,Singapore
s6959,TV Show,United States
s6959,TV Show,Canada
s6960,Movie,Thailand
s6961,TV Show,South Korea
s6962,TV Show,Thailand
s6964,TV Show,United States
s6965,TV Show,United States
s6967,Movie,Belgium
s6967,Movie,France
s6968,Movie,United States
s6969,TV Show,Australia
s6970,Movie,Philippines
s6972,TV Show,China
s6973,Movie,United States
s6974,TV Show,Iceland
s6975,TV Show,United States
s6976,Movie,United States
s6977,Movie,United States
s6978,Movie,United States
s6980,TV Show,Taiwan
s6981,TV Show,United States
s6982,Movie,India
s6984,TV Show,United States
s6985,Movie,Egypt
s6986,Movie,China
s6987,TV Show,United States
s6988,Movie,Spain
s6989,Movie,Australia
s6989,Movie,United States
s6990,Movie,New Zealand
s6990,Movie,United Kingdom
s6990,Movie,Australia
s6991,Movie,United States
s6992,Movie,Philippines
s6993,Movie,Nigeria
s6994,Movie,Nigeria
s6996,Movie,United States
s6997,TV Show,United States
s6998,Movie,United Kingdom
s6999,TV Show,United States
s7000,TV Show,Australia
s7001,Movie,Canada
s7001,Movie,United States
s7001,Movie,United Kingdom
s7002,TV Show,United Kingdom
s7003,Movie,India
s7004,Movie,United Kingdom
s7004,Movie,Canada
s7004,Movie,United States
s7005,Movie,United States
s7006,Movie,South Korea
s7007,TV Show,United States
s7007,TV Show,Poland
s7009,Movie,Egypt
s7010,Movie,France
s7011,TV Show,China
s7012,Movie,United Kingdom
s7013,Movie,Israel
s7014,TV Show,Poland
s7014,TV Show,United States
s7015,Movie,France
s7016,Movie,United Kingdom
s7016,Movie,United States
s7017,Movie,France
s7018,Movie,United States
s7019,TV Show,United Kingdom
s7020,Movie,United Kingdom
s7021,TV Show,United Kingdom
s7021,TV Show,Germany
s7022,Movie,United Arab Emirates
s7022,Movie,Romania
s7023,TV Show,Lebanon
s7024,Movie,Canada
s7025,Movie,United States
s7026,TV Show,Turkey
s7027,TV Show,Taiwan
s7028,Movie,United States
s7029,Movie,Ireland
s7030,Movie,Hong Kong
s7031,Movie,India
s7032,Movie,Canada
s7033,Movie,India
s7034,Movie,India
s7035,Movie,United States
s7036,Movie,United States
s7037,Movie,United States
s7038,Movie,United States
s7039,Movie,United States
s7040,Movie,Canada
s7041,Movie,France
s7041,Movie,Belgium
s7042,TV Show,United Kingdom
s7043,Movie,United States
s7044,Movie,Spain
s7045,Movie,Brazil
s7046,TV Show,Belgium
s7047,TV Show,Thailand
s7048,Movie,Indonesia
s7049,TV Show,Egypt
s7050,TV Show,South Korea
s7051,Movie,China
s7052,Movie,Belgium
s7053,Movie,India
s7053,Movie,United States
s7057,TV Show,United Kingdom
s7058,Movie,Thailand
s7059,Movie,United States
s7060,Movie,United States
s7060,Movie,Canada
s7061,Movie,United Kingdom
s7062,Movie,United Kingdom
s7062,Movie,Australia
s7062,Movie,Canada
s7062,Movie,United States
s7063,Movie,India
s7064,Movie,Hong Kong
s7064,Movie,China
s7065,TV Show,Spain
s7066,TV Show,United Kingdom
s7067,Movie,Philippines
s7069,Movie,United States
s7070,Movie,Canada
s7070,Movie,United States
s7071,Movie,India
s7072,Movie,United States
s7073,Movie,United States
s7074,TV Show,Australia
s7075,TV Show,United States
s7076,TV Show,Spain
s7077,TV Show,China
s7078,TV Show,United States
s7079,Movie,United States
s7080,Movie,United States
s7081,Movie,United States
s7082,Movie,United States
s7083,Movie,India
s7084,TV Show,United States
s7085,Movie,United States
s7086,TV Show,Mexico
s7087,Movie,China
s7088,Movie,India
s7089,TV Show,Taiwan
s7090,Movie,United States
s7091,Movie,United States
s7092,Movie,United Kingdom
s7093,Movie,United Kingdom
s7094,Movie,India
s7095,Movie,India
s7096,Movie,Mexico
s7096,Movie,Netherlands
s7097,Movie,South Korea
s7098,Movie,United States
s7099,TV Show,United States
s7102,TV Show,United Kingdom
s7103,Movie,Spain
s7103,Movie,Italy
s7103,Movie,Argentina
s7104,Movie,United States
s7105,Movie,United States
s7106,TV Show,United States
s7107,TV Show,United States
s7108,TV Show,United States
s7109,TV Show,Germany
s7109,TV Show,United States
s7109,TV Show,Italy
s7111,TV Show,South Africa
s7112,Movie,United States
s7113,Movie,United States
s7114,Movie,United States
s7115,Movie,United States
s7115,Movie,Venezuela
s7116,Movie,United States
s7117,Movie,France
s7118,Movie,United States
s7119,TV Show,Russia
s7120,Movie,United States
s7121,TV Show,United Kingdom
s7122,TV Show,Canada
s7123,Movie,Spain
s7124,Movie,United States
s7125,Movie,United States
s7126,Movie,United States
s7127,Movie,Argentina
s7128,Movie,Argentina
s7129,TV Show,Singapore
s7130,Movie,India
s7131,Movie,India
s7132,Movie,United Kingdom
s7132,Movie,Canada
s7132,Movie,Japan
s7133,TV Show,Canada
s7133,TV Show,Japan
s7133,TV Show,Netherlands
s7134,Movie,Turkey
s7136,Movie,United States
s7137,Movie,United States
s7138,Movie,United States
s7139,Movie,United States
s7140,Movie,United States
s7141,Movie,United States
s7143,Movie,United Kingdom
s7143,Movie,United States
s7144,TV Show,South Korea
s7145,TV Show,South Korea
s7146,Movie,France
s7147,Movie,United States
s7148,Movie,Indonesia
s7149,TV Show,United States
s7150,Movie,United States
s7151,TV Show,Netherlands
s7152,Movie,Thailand
s7153,TV Show,United Kingdom
s7153,TV Show,United States
s7153,TV Show,Czech Republic
s7155,TV Show,United States
s7156,Movie,India
s7157,TV Show,Japan
s7158,Movie,India
s7159,Movie,Spain
s7160,Movie,United States
s7161,TV Show,Canada
s7161,TV Show,United States
s7161,TV Show,France
s7162,Movie,United States
s7163,Movie,United States
s7163,Movie,Mexico
s7164,Movie,India
s7166,TV Show,Spain
s7167,Movie,United States
s7168,Movie,United States
s7169,Movie,India
s7170,TV Show,Canada
s7171,Movie,Canada
s7172,Movie,Canada
s7173,Movie,Canada
s7174,Movie,Canada
s7175,TV Show,Canada
s7177,Movie,Canada
s7178,TV Show,Canada
s7179,Movie,Canada
s7180,Movie,Canada
s7181,Movie,Thailand
s7182,Movie,South Korea
s7183,Movie,United Kingdom
s7184,Movie,United States
s7185,TV Show,United Kingdom
s7186,Movie,United States
s7187,Movie,United Kingdom
s7187,Movie,China
s7187,Movie,United States
s7188,TV Show,France
s7188,TV Show,Belgium
s7189,Movie,Canada
s7190,TV Show,United States
s7191,TV Show,United States
s7193,TV Show,Canada
s7193,TV Show,United States
s7194,TV Show,United States
s7195,TV Show,United States
s7197,Movie,United Kingdom
s7197,Movie,Brazil
s7197,Movie,Germany
s7198,Movie,United States
s7200,Movie,Turkey
s7201,TV Show,Canada
s7201,TV Show,United States
s7202,Movie,United States
s7203,Movie,United States
s7204,Movie,United Kingdom
s7206,Movie,Canada
s7207,TV Show,South Korea
s7207,TV Show,United States
s7208,Movie,United States
s7210,Movie,United States
s7211,Movie,United States
s7212,Movie,South Africa
s7212,Movie,United States
s7213,Movie,United States
s7213,Movie,South Africa
s7214,Movie,United States
s7215,Movie,United Kingdom
s7216,Movie,United States
s7217,Movie,United States
s7219,TV Show,United States
s7220,TV Show,United States
s7223,Movie,India
s7224,Movie,India
s7225,TV Show,United States
s7227,Movie,India
s7228,Movie,United States
s7229,Movie,United States
s7230,Movie,Thailand
s7230,Movie,China
s7230,Movie,United States
s7231,Movie,United States
s7232,Movie,United States
s7233,TV Show,United States
s7233,TV Show,Mexico
s7234,Movie,United States
s7235,TV Show,United States
s7236,Movie,United Kingdom
s7236,Movie,Namibia
s7236,Movie,South Africa
s7236,Movie,Zimbabwe
s7236,Movie,United States
s7237,TV Show,France
s7238,TV Show,Russia
s7239,TV Show,United Kingdom
s7239,TV Show,South Africa
s7239,TV Show,Australia
s7239,TV Show,United States
s7240,Movie,United States
s7241,Movie,India
s7242,TV Show,United States
s7242,TV Show,Canada
s7243,Movie,United States
s7244,Movie,United States
s7245,Movie,United States
s7247,Movie,Canada
s7248,Movie,Canada
s7249,Movie,United States
s7249,Movie,Canada
s7251,Movie,Canada
s7252,TV Show,Canada
s7253,Movie,Canada
s7256,Movie,Canada
s7257,Movie,United States
s7258,TV Show,United Kingdom
s7259,Movie,United States
s7260,Movie,India
s7261,TV Show,United States
s7262,Movie,Canada
s7262,Movie,United States
s7262,Movie,India
s7262,Movie,United Kingdom
s7263,Movie,India
s7264,Movie,India
s7266,Movie,Japan
s7268,Movie,South Korea
s7269,Movie,United States
s7269,Movie,United Kingdom
s7271,Movie,United States
s7272,TV Show,United States
s7273,Movie,Turkey
s7274,TV Show,United Kingdom
s7275,TV Show,United States
s7276,Movie,United States
s7277,TV Show,United States
s7278,Movie,Japan
s7278,Movie,United States
s7279,TV Show,France
s7280,Movie,Spain
s7281,TV Show,United States
s7282,Movie,Hong Kong
s7282,Movie,China
s7283,Movie,United States
s7284,TV Show,United Kingdom
s7285,Movie,India
s7286,Movie,Spain
s7287,TV Show,Taiwan
s7288,Movie,United Kingdom
s7289,Movie,Canada
s7290,TV Show,United States
s7291,TV Show,South Korea
s7292,Movie,Australia
s7293,TV Show,India
s7294,Movie,United States
s7294,Movie,France
s7295,Movie,India
s7296,Movie,Philippines
s7297,Movie,India
s7298,Movie,India
s7299,Movie,India
s7300,Movie,India
s7301,TV Show,United States
s7302,TV Show,Thailand
s7303,Movie,India
s7304,TV Show,United States
s7304,TV Show,Brazil
s7304,TV Show,South Korea
s7304,TV Show,Mexico
s7304,TV Show,Japan
s7304,TV Show,Germany
s7306,TV Show,United States
s7306,TV Show,Japan
s7307,TV Show,Japan
s7308,Movie,Italy
s7309,TV Show,Poland
s7310,Movie,India
s7311,Movie,India
s7312,Movie,France
s7313,Movie,United Kingdom
s7313,Movie,Canada
s7313,Movie,United States
s7314,TV Show,Canada
s7315,Movie,United States
s7316,Movie,United States
s7317,TV Show,Spain
s7318,TV Show,United States
s7319,TV Show,United States
s7320,Movie,United States
s7321,Movie,Spain
s7322,Movie,India
s7323,Movie,Spain
s7325,Movie,United States
s7326,Movie,United Arab Emirates
s7327,Movie,United States
s7328,Movie,South Africa
s7329,Movie,United States
s7330,Movie,United States
s7331,Movie,United States
s7332,TV Show,United States
s7333,TV Show,South Korea
s7334,Movie,France
s7334,Movie,Lebanon
s7334,Movie,United Kingdom
s7335,Movie,United States
s7336,Movie,Italy
s7337,Movie,United Kingdom
s7337,Movie,Jordan
s7337,Movie,Qatar
s7337,Movie,Iran
s7338,Movie,Switzerland
s7338,Movie,United Kingdom
s7338,Movie,United States
s7339,TV Show,Belgium
s7339,TV Show,Netherlands
s7340,Movie,United States
s7341,Movie,Canada
s7342,TV Show,Colombia
s7343,Movie,United States
s7344,Movie,Argentina
s7344,Movie,Spain
s7345,Movie,Philippines
s7346,Movie,United Kingdom
s7346,Movie,Germany
s7347,Movie,United States
s7347,Movie,Russia
s7348,Movie,India
s7349,Movie,United States
s7350,Movie,Canada
s7350,Movie,India
s7351,TV Show,Belgium
s7352,Movie,United Kingdom
s7352,Movie,Germany
s7352,Movie,France
s7352,Movie,United States
s7353,Movie,Spain
s7355,TV Show,United States
s7356,TV Show,Germany
s7357,TV Show,China
s7358,Movie,United Kingdom
s7358,Movie,United States
s7359,TV Show,Singapore
s7360,Movie,Egypt
s7361,TV Show,United States
s7363,Movie,United States
s7364,TV Show,Mexico
s7365,Movie,Romania
s7365,Movie,United Kingdom
s7366,TV Show,France
s7367,Movie,Spain
s7368,Movie,United States
s7369,Movie,Nigeria
s7370,TV Show,Malaysia
s7371,Movie,United States
s7372,Movie,India
s7373,Movie,India
s7374,Movie,India
s7375,Movie,Australia
s7376,Movie,China
s7377,Movie,Egypt
s7378,Movie,United States
s7379,Movie,India
s7380,Movie,United States
s7380,Movie,United Kingdom
s7380,Movie,Germany
s7381,TV Show,United States
s7382,TV Show,United States
s7383,TV Show,South Korea
s7384,TV Show,Brazil
s7385,TV Show,Egypt
s7386,TV Show,Spain
s7387,TV Show,United States
s7388,TV Show,Japan
s7389,TV Show,France
s7390,Movie,United States
s7391,TV Show,United States
s7392,Movie,India
s7393,Movie,United States
s7394,Movie,India
s7395,Movie,South Africa
s7396,Movie,India
s7397,Movie,India
s7398,Movie,United States
s7399,TV Show,United States
s7400,TV Show,United States
s7401,TV Show,Spain
s7402,Movie,United States
s7403,TV Show,Spain
s7405,Movie,Mexico
s7406,Movie,Spain
s7407,TV Show,France
s7407,TV Show,Canada
s7408,Movie,Indonesia
s7409,Movie,Indonesia
s7410,Movie,Lebanon
s7410,Movie,Qatar
s7411,Movie,India
s7412,TV Show,United Kingdom
s7413,Movie,United Kingdom
s7413,Movie,India
s7413,Movie,Sweden
s7414,TV Show,Spain
s7415,Movie,United States
s7416,Movie,United States
s7417,TV Show,United States
s7418,TV Show,Argentina
s7418,TV Show,Spain
s7419,Movie,United Kingdom
s7419,Movie,Belgium
s7420,Movie,United States
s7421,Movie,United Kingdom
s7422,Movie,Philippines
s7423,Movie,United States
s7424,TV Show,Japan
s7425,Movie,Japan
s7427,Movie,United States
s7428,Movie,India
s7429,Movie,United States
s7430,Movie,India
s7432,TV Show,United States
s7433,Movie,India
s7433,Movie,Pakistan
s7434,Movie,United Kingdom
s7435,Movie,United States
s7436,Movie,India
s7437,Movie,India
s7438,Movie,India
s7439,Movie,Turkey
s7440,Movie,Turkey
s7441,Movie,India
s7442,TV Show,South Korea
s7443,TV Show,United States
s7444,TV Show,United States
s7445,Movie,France
s7446,Movie,United States
s7447,TV Show,South Korea
s7448,Movie,United Kingdom
s7449,Movie,United States
s7450,Movie,United Kingdom
s7451,TV Show,United States
s7452,Movie,India
s7453,TV Show,United Kingdom
s7454,Movie,Pakistan
s7455,Movie,India
s7457,Movie,Saudi Arabia
s7457,Movie,Netherlands
s7457,Movie,Germany
s7457,Movie,Jordan
s7457,Movie,United Arab Emirates
s7457,Movie,United States
s7458,TV Show,China
s7459,Movie,India
s7460,Movie,United States
s7461,Movie,United States
s7463,Movie,India
s7464,Movie,United States
s7465,TV Show,France
s7467,Movie,United States
s7468,Movie,United Kingdom
s7469,Movie,United States
s7470,Movie,United States
s7471,Movie,United States
s7472,Movie,United States
s7473,Movie,France
s7474,TV Show,United Kingdom
s7475,TV Show,Australia
s7476,Movie,United States
s7476,Movie,Canada
s7477,Movie,United States
s7477,Movie,Spain
s7478,Movie,India
s7479,Movie,United States
s7479,Movie,India
s7480,Movie,United States
s7481,Movie,United Kingdom
s7482,Movie,Egypt
s7483,Movie,Mexico
s7484,TV Show,Denmark
s7485,TV Show,United States
s7486,TV Show,Poland
s7487,TV Show,South Korea
s7488,Movie,France
s7488,Movie,Brazil
s7488,Movie,Spain
s7488,Movie,Belgium
s7490,Movie,India
s7491,Movie,United States
s7492,Movie,United States
s7492,Movie,Brazil
s7492,Movie,India
s7492,Movie,Uganda
s7492,Movie,China
s7493,TV Show,United Kingdom
s7493,TV Show,Ireland
s7493,TV Show,United States
s7494,TV Show,Taiwan
s7495,Movie,India
s7496,Movie,Lebanon
s7496,Movie,Canada
s7496,Movie,France
s7497,Movie,India
s7497,Movie,Australia
s7498,Movie,Hong Kong
s7499,Movie,France
s7500,TV Show,United States
s7501,TV Show,Germany
s7502,Movie,Germany
s7503,Movie,United Kingdom
s7503,Movie,France
s7503,Movie,United States
s7504,TV Show,United States
s7505,Movie,United States
s7506,Movie,United States
s7507,Movie,United States
s7508,Movie,Spain
s7509,TV Show,United States
s7510,Movie,United States
s7510,Movie,Canada
s7510,Movie,United Kingdom
s7511,Movie,United States
s7512,Movie,United States
s7513,Movie,Egypt
s7514,TV Show,United States
s7515,Movie,United States
s7515,Movie,Argentina
s7516,Movie,Austria
s7516,Movie,Iraq
s7516,Movie,United States
s7517,Movie,Poland
s7518,Movie,France
s7519,Movie,Kuwait
s7520,Movie,United States
s7521,TV Show,United States
s7522,Movie,Hong Kong
s7523,TV Show,United Kingdom
s7524,Movie,India
s7525,Movie,India
s7526,Movie,Italy
s7527,Movie,United States
s7528,Movie,United States
s7528,Movie,France
s7529,Movie,India
s7530,Movie,United States
s7531,TV Show,Spain
s7532,Movie,United States
s7533,Movie,India
s7534,TV Show,China
s7535,TV Show,Australia
s7536,Movie,France
s7536,Movie,Norway
s7536,Movie,Lebanon
s7536,Movie,Belgium
s7537,Movie,France
s7538,TV Show,United States
s7539,Movie,Poland
s7540,TV Show,United States
s7543,TV Show,United States
s7544,TV Show,United States
s7545,TV Show,United States
s7546,Movie,United States
s7546,Movie,United Kingdom
s7547,Movie,China
s7548,Movie,India
s7549,Movie,Lebanon
s7550,Movie,United States
s7551,Movie,United Kingdom
s7551,Movie,France
s7551,Movie,United States
s7551,Movie,Belgium
s7552,Movie,South Korea
s7553,Movie,United States
s7554,TV Show,Turkey
s7556,TV Show,South Korea
s7557,TV Show,Taiwan
s7558,Movie,Canada
s7559,Movie,United States
s7560,Movie,United Kingdom
s7561,TV Show,Taiwan
s7562,Movie,United States
s7563,Movie,Spain
s7564,Movie,India
s7565,Movie,United States
s7566,Movie,India
s7567,TV Show,United States
s7568,Movie,United States
s7569,Movie,Austria
s7570,Movie,United States
s7571,Movie,United States
s7572,TV Show,United States
s7573,Movie,Indonesia
s7574,Movie,Saudi Arabia
s7574,Movie,United Arab Emirates
s7575,Movie,India
s7576,Movie,United States
s7577,Movie,United States
s7578,Movie,Spain
s7579,TV Show,United States
s7580,Movie,United Kingdom
s7580,Movie,India
s7580,Movie,United States
s7581,TV Show,Israel
s7582,TV Show,Taiwan
s7583,Movie,Nigeria
s7584,TV Show,South Korea
s7585,TV Show,United States
s7586,Movie,Peru
s7586,Movie,United States
s7586,Movie,United Kingdom
s7587,Movie,United States
s7588,Movie,Germany
s7588,Movie,United States
s7588,Movie,United Kingdom
s7588,Movie,Canada
s7589,Movie,United States
s7590,Movie,United States
s7591,Movie,Brazil
s7592,Movie,Indonesia
s7593,Movie,Uruguay
s7593,Movie,Argentina
s7593,Movie,Germany
s7593,Movie,Spain
s7594,Movie,Lebanon
s7594,Movie,Canada
s7594,Movie,France
s7595,Movie,United Kingdom
s7596,Movie,United States
s7597,Movie,France
s7597,Movie,Luxembourg
s7597,Movie,United States
s7598,Movie,United States
s7599,TV Show,United Kingdom
s7600,Movie,United Kingdom
s7601,TV Show,United Kingdom
s7601,TV Show,Spain
s7602,TV Show,South Korea
s7603,TV Show,United States
s7605,Movie,United States
s7606,TV Show,France
s7607,TV Show,United States
s7608,Movie,United States
s7609,Movie,Spain
s7610,Movie,United States
s7611,TV Show,Taiwan
s7612,Movie,United States
s7613,TV Show,United States
s7614,Movie,United Kingdom
s7615,Movie,Canada
s7615,Movie,India
s7615,Movie,Thailand
s7615,Movie,United States
s7615,Movie,United Arab Emirates
s7616,Movie,Romania
s7616,Movie,Bulgaria
s7616,Movie,Hungary
s7617,Movie,United States
s7618,TV Show,United Kingdom
s7619,TV Show,United Kingdom
s7620,Movie,United States
s7620,Movie,United Kingdom
s7620,Movie,France
s7621,TV Show,Colombia
s7622,Movie,Germany
s7622,Movie,United States
s7623,TV Show,United States
s7624,Movie,United States
s7625,Movie,United States
s7626,Movie,United States
s7627,Movie,United Kingdom
s7628,Movie,Hungary
s7629,Movie,United States
s7629,Movie,East Germany
s7629,Movie,West Germany
s7630,Movie,United States
s7631,TV Show,United Kingdom
s7632,Movie,Australia
s7632,Movie,United States
s7633,Movie,United States
s7634,Movie,France
s7634,Movie,Netherlands
s7634,Movie,South Africa
s7634,Movie,Finland
s7635,TV Show,United States
s7636,Movie,Australia
s7637,Movie,United Kingdom
s7637,Movie,Ukraine
s7637,Movie,United States
s7638,TV Show,Turkey
s7639,Movie,United States
s7640,TV Show,Italy
s7641,Movie,Malaysia
s7642,Movie,United States
s7643,Movie,United States
s7646,TV Show,United Kingdom
s7647,Movie,Canada
s7648,Movie,United Kingdom
s7649,Movie,Nigeria
s7650,Movie,United Kingdom
s7650,Movie,Nigeria
s7651,TV Show,United States
s7652,TV Show,Turkey
s7653,Movie,United States
s7654,TV Show,United States
s7655,Movie,Poland
s7656,TV Show,Netherlands
s7658,Movie,United States
s7659,Movie,United States
s7660,Movie,United States
s7661,TV Show,United States
s7662,TV Show,United States
s7663,Movie,United States
s7664,TV Show,Canada
s7665,TV Show,Singapore
s7666,Movie,India
s7667,TV Show,Italy
s7667,TV Show,United States
s7668,Movie,United States
s7669,TV Show,United Kingdom
s7670,TV Show,United Kingdom
s7671,TV Show,United States
s7673,TV Show,United States
s7674,Movie,United States
s7675,TV Show,Australia
s7676,Movie,Pakistan
s7677,Movie,India
s7678,TV Show,United States
s7679,TV Show,United States
s7680,Movie,United States
s7681,Movie,United States
s7682,Movie,United States
s7683,TV Show,Canada
s7683,TV Show,United States
s7684,Movie,Egypt
s7685,Movie,India
s7686,Movie,United States
s7687,Movie,United Kingdom
s7688,Movie,Canada
s7688,Movie,United States
s7689,Movie,United States
s7690,Movie,United States
s7691,Movie,Mexico
s7692,Movie,India
s7694,Movie,India
s7695,Movie,India
s7696,Movie,India
s7697,Movie,India
s7698,Movie,India
s7699,TV Show,Mexico
s7700,TV Show,China
s7701,Movie,Egypt
s7701,Movie,Austria
s7701,Movie,United States
s7702,Movie,India
s7703,Movie,India
s7704,TV Show,India
s7705,Movie,France
s7705,Movie,Belgium
s7706,Movie,United States
s7706,Movie,United Kingdom
s7707,Movie,Thailand
s7708,Movie,Thailand
s7709,Movie,Thailand
s7710,TV Show,Singapore
s7711,Movie,United States
s7712,TV Show,South Korea
s7713,TV Show,United States
s7714,Movie,Japan
s7714,Movie,United States
s7715,Movie,United States
s7717,Movie,Russia
s7717,Movie,Spain
s7719,Movie,South Korea
s7721,TV Show,South Korea
s7722,TV Show,United States
s7723,Movie,United States
s7724,Movie,United Kingdom
s7725,Movie,United States
s7726,TV Show,Mexico
s7727,Movie,Croatia
s7727,Movie,Slovenia
s7727,Movie,Serbia
s7727,Movie,Montenegro
s7728,Movie,Philippines
s7729,Movie,United States
s7730,Movie,United States
s7731,TV Show,United States
s7732,Movie,Turkey
s7733,Movie,Philippines
s7734,TV Show,Taiwan
s7735,Movie,Mexico
s7736,TV Show,United States
s7737,Movie,United States
s7738,Movie,Hong Kong
s7739,TV Show,United Kingdom
s7741,TV Show,Japan
s7742,Movie,Taiwan
s7743,Movie,Spain
s7743,Movie,France
s7744,TV Show,Singapore
s7745,Movie,India
s7746,Movie,United States
s7748,Movie,Egypt
s7748,Movie,France
s7749,Movie,Egypt
s7750,TV Show,Japan
s7751,TV Show,Japan
s7751,TV Show,Canada
s7752,Movie,Spain
s7753,TV Show,Australia
s7754,TV Show,Turkey
s7755,Movie,India
s7756,TV Show,United States
s7757,TV Show,Brazil
s7758,Movie,United States
s7759,Movie,United States
s7760,TV Show,United States
s7760,TV Show,France
s7760,TV Show,South Korea
s7760,TV Show,Indonesia
s7761,Movie,Egypt
s7762,Movie,Canada
s7762,Movie,United States
s7763,Movie,India
s7764,Movie,India
s7765,Movie,India
s7767,TV Show,France
s7768,TV Show,Pakistan
s7769,Movie,Pakistan
s7770,Movie,India
s7771,Movie,United Arab Emirates
s7771,Movie,Jordan
s7772,Movie,United States
s7773,Movie,Spain
s7774,Movie,Mexico
s7775,Movie,United States
s7776,TV Show,Japan
s7777,Movie,India
s7779,Movie,United States
s7780,TV Show,Mexico
s7781,Movie,India
s7782,Movie,United States
s7783,Movie,Sweden
s7783,Movie,Czech Republic
s7783,Movie,United Kingdom
s7783,Movie,Denmark
s7783,Movie,Netherlands
s7784,Movie,India
s7786,TV Show,Australia
s7787,Movie,United Kingdom
s7787,Movie,Canada
s7787,Movie,United States
