show_id,type,genre
s1,TV Show,International TV Shows
s1,TV Show,TV Dramas
s1,TV Show,TV Sci-Fi & Fantasy
s2,Movie,Dramas
s2,Movie,International Movies
s3,Movie,Horror Movies
s3,Movie,International Movies
s4,Movie,Action & Adventure
s4,Movie,Independent Movies
s4,Movie,Sci-Fi & Fantasy
s5,Movie,Dramas
s6,TV Show,International TV Shows
s6,TV Show,TV Dramas
s6,TV Show,TV Mysteries
s7,Movie,Horror Movies
s7,Movie,International Movies
s8,Movie,Dramas
s9,Movie,Horror Movies
s9,Movie,International Movies
s10,Movie,Horror Movies
s10,Movie,International Movies
s10,Movie,Thrillers
s11,Movie,Dramas
s11,Movie,Thrillers
s12,TV Show,Crime TV Shows
s12,TV Show,International TV Shows
s12,TV Show,TV Dramas
s13,TV Show,Crime TV Shows
s13,TV Show,Docuseries
s13,TV Show,International TV Shows
s14,Movie,Documentaries
s14,Movie,International Movies
s14,Movie,Sports Movies
s15,Movie,Independent Movies
s15,Movie,Sci-Fi & Fantasy
s15,Movie,Thrillers
s16,Movie,Dramas
s16,Movie,International Movies
s16,Movie,Thrillers
s17,TV Show,International TV Shows
s17,TV Show,TV Dramas
s18,Movie,Dramas
s18,Movie,Thrillers
s19,Movie,Comedies
s19,Movie,Dramas
s19,Movie,Independent Movies
s20,Movie,Sports Movies
s21,Movie,Dramas
s21,Movie,Independent Movies
s21,Movie,International Movies
s22,Movie,Action & Adventure
s22,Movie,Dramas
s22,Movie,International Movies
s23,Movie,Dramas
s23,Movie,International Movies
s24,Movie,Dramas
s24,Movie,International Movies
s25,TV Show,Anime Series
s25,TV Show,International TV Shows
s26,Movie,Documentaries
s27,TV Show,Reality TV
s28,Movie,Horror Movies
s28,Movie,International Movies
s28,Movie,Thrillers
s29,Movie,Documentaries
s29,Movie,International Movies
s30,TV Show,TV Comedies
s31,Movie,Documentaries
s31,Movie,International Movies
s32,Movie,Dramas
s32,Movie,International Movies
s32,Movie,Romantic Movies
s33,Movie,Dramas
s33,Movie,International Movies
s33,Movie,Romantic Movies
s34,Movie,Comedies
s35,Movie,Comedies
s35,Movie,Romantic Movies
s36,Movie,Documentaries
s36,Movie,Sports Movies
s37,Movie,Comedies
s37,Movie,Dramas
s37,Movie,International Movies
s38,Movie,Comedies
s38,Movie,Dramas
s38,Movie,International Movies
s39,TV Show,International TV Shows
s39,TV Show,Romantic TV Shows
s39,TV Show,TV Comedies
s40,Movie,Comedies
s40,Movie,International Movies
s41,Movie,Comedies
s41,Movie,International Movies
s42,Movie,Horror Movies
s42,Movie,International Movies
s43,Movie,Comedies
s43,Movie,International Movies
s44,Movie,Dramas
s44,Movie,International Movies
s45,Movie,Action & Adventure
s45,Movie,Sci-Fi & Fantasy
s46,TV Show,Crime TV Shows
s46,TV Show,International TV Shows
s46,TV Show,TV Dramas
s47,Movie,Dramas
s47,Movie,Romantic Movies
s48,Movie,Dramas
s48,Movie,Romantic Movies
s48,Movie,Sports Movies
s49,Movie,Comedies
s49,Movie,International Movies
s49,Movie,Romantic Movies
s50,Movie,Comedies
s50,Movie,Dramas
s50,Movie,International Movies
s51,Movie,Action & Adventure
s52,TV Show,International TV Shows
s52,TV Show,Romantic TV Shows
s52,TV Show,TV Dramas
s53,Movie,Documentaries
s53,Movie,International Movies
s54,TV Show,Docuseries
s54,TV Show,Science & Nature TV
s55,Movie,Dramas
s55,Movie,International Movies
s55,Movie,Sports Movies
s56,Movie,Movies
s57,Movie,Documentaries
s58,Movie,Dramas
s58,Movie,International Movies
s59,TV Show,British TV Shows
s59,TV Show,International TV Shows
s59,TV Show,Reality TV
s60,Movie,Dramas
s60,Movie,International Movies
s61,Movie,Dramas
s61,Movie,Independent Movies
s61,Movie,Sports Movies
s62,TV Show,International TV Shows
s62,TV Show,Korean TV Shows
s62,TV Show,Romantic TV Shows
s63,Movie,Horror Movies
s63,Movie,Independent Movies
s63,Movie,Thrillers
s64,TV Show,Crime TV Shows
s64,TV Show,TV Dramas
s64,TV Show,TV Mysteries
s65,TV Show,Crime TV Shows
s65,TV Show,Docuseries
s66,Movie,Horror Movies
s66,Movie,Thrillers
s67,Movie,Documentaries
s68,Movie,Movies
s69,Movie,Action & Adventure
s69,Movie,International Movies
s70,Movie,Horror Movies
s70,Movie,Thrillers
s71,Movie,Documentaries
s72,Movie,Action & Adventure
s73,Movie,Comedies
s74,Movie,Dramas
s74,Movie,Independent Movies
s74,Movie,International Movies
s75,Movie,Dramas
s75,Movie,International Movies
s76,Movie,Horror Movies
s76,Movie,Independent Movies
s76,Movie,Thrillers
s77,Movie,Horror Movies
s77,Movie,Independent Movies
s78,Movie,Comedies
s78,Movie,International Movies
s79,Movie,Comedies
s79,Movie,Dramas
s79,Movie,International Movies
s80,Movie,Documentaries
s80,Movie,Music & Musicals
s81,TV Show,Crime TV Shows
s81,TV Show,International TV Shows
s81,TV Show,TV Dramas
s82,Movie,International Movies
s82,Movie,Music & Musicals
s83,Movie,Sci-Fi & Fantasy
s84,Movie,Dramas
s84,Movie,Independent Movies
s85,Movie,Comedies
s86,TV Show,British TV Shows
s86,TV Show,Reality TV
s87,TV Show,International TV Shows
s87,TV Show,TV Dramas
s88,TV Show,Crime TV Shows
s88,TV Show,International TV Shows
s88,TV Show,TV Dramas
s89,Movie,Action & Adventure
s89,Movie,Independent Movies
s89,Movie,Sci-Fi & Fantasy
s90,Movie,Action & Adventure
s91,Movie,Action & Adventure
s91,Movie,Dramas
s91,Movie,International Movies
s92,Movie,Dramas
s92,Movie,International Movies
s92,Movie,Thrillers
s93,Movie,Action & Adventure
s93,Movie,Comedies
s93,Movie,International Movies
s94,Movie,Documentaries
s95,Movie,Comedies
s95,Movie,Dramas
s96,TV Show,International TV Shows
s96,TV Show,Korean TV Shows
s96,TV Show,Romantic TV Shows
s97,Movie,Action & Adventure
s98,Movie,Dramas
s98,Movie,International Movies
s98,Movie,Thrillers
s99,Movie,Dramas
s99,Movie,LGBTQ Movies
s100,Movie,Dramas
s100,Movie,International Movies
s100,Movie,Sports Movies
s101,Movie,Comedies
s101,Movie,Dramas
s101,Movie,International Movies
s102,Movie,Documentaries
s102,Movie,Faith & Spirituality
s103,Movie,Comedies
s103,Movie,International Movies
s104,Movie,Comedies
s104,Movie,International Movies
s105,Movie,Action & Adventure
s105,Movie,Comedies
s106,Movie,Dramas
s106,Movie,International Movies
s107,Movie,Dramas
s107,Movie,International Movies
s107,Movie,Romantic Movies
s108,Movie,Dramas
s108,Movie,International Movies
s109,TV Show,Kids' TV
s109,TV Show,TV Action & Adventure
s109,TV Show,TV Sci-Fi & Fantasy
s110,Movie,International Movies
s110,Movie,Thrillers
s111,Movie,Documentaries
s112,TV Show,Kids' TV
s113,TV Show,International TV Shows
s113,TV Show,Romantic TV Shows
s113,TV Show,Spanish-Language TV Shows
s114,Movie,Children & Family Movies
s114,Movie,Comedies
s115,Movie,Comedies
s115,Movie,Dramas
s115,Movie,Independent Movies
s116,Movie,Comedies
s116,Movie,LGBTQ Movies
s117,Movie,Dramas
s117,Movie,International Movies
s117,Movie,Thrillers
s118,Movie,Action & Adventure
s118,Movie,Comedies
s118,Movie,International Movies
s119,Movie,Comedies
s119,Movie,Dramas
s119,Movie,Independent Movies
s120,Movie,Comedies
s120,Movie,International Movies
s121,Movie,Comedies
s121,Movie,Dramas
s121,Movie,Romantic Movies
s122,Movie,Comedies
s122,Movie,Romantic Movies
s123,Movie,Comedies
s123,Movie,Dramas
s123,Movie,Independent Movies
s124,Movie,Dramas
s124,Movie,International Movies
s125,Movie,Comedies
s125,Movie,International Movies
s126,Movie,Dramas
s126,Movie,Independent Movies
s127,Movie,Action & Adventure
s127,Movie,Dramas
s127,Movie,International Movies
s128,Movie,Action & Adventure
s128,Movie,Dramas
s129,Movie,Dramas
s129,Movie,Independent Movies
s129,Movie,Romantic Movies
s130,Movie,Horror Movies
s130,Movie,International Movies
s130,Movie,Thrillers
s131,TV Show,Reality TV
s132,Movie,Comedies
s132,Movie,Independent Movies
s132,Movie,Thrillers
s133,TV Show,TV Shows
s134,Movie,Dramas
s134,Movie,International Movies
s135,TV Show,Docuseries
s136,Movie,Comedies
s136,Movie,International Movies
s136,Movie,Music & Musicals
s137,Movie,Dramas
s137,Movie,International Movies
s137,Movie,Thrillers
s138,TV Show,Docuseries
s138,TV Show,International TV Shows
s138,TV Show,Science & Nature TV
s139,TV Show,Docuseries
s139,TV Show,International TV Shows
s139,TV Show,Science & Nature TV
s140,TV Show,Docuseries
s140,TV Show,International TV Shows
s140,TV Show,Science & Nature TV
s141,TV Show,Docuseries
s141,TV Show,International TV Shows
s141,TV Show,Science & Nature TV
s142,TV Show,Anime Series
s142,TV Show,International TV Shows
s143,TV Show,British TV Shows
s143,TV Show,Docuseries
s143,TV Show,Science & Nature TV
s144,Movie,Comedies
s144,Movie,International Movies
s144,Movie,Music & Musicals
s145,Movie,Dramas
s145,Movie,International Movies
s145,Movie,Thrillers
s146,Movie,Children & Family Movies
s146,Movie,Dramas
s146,Movie,Sports Movies
s147,Movie,Documentaries
s147,Movie,International Movies
s148,Movie,Children & Family Movies
s149,Movie,Comedies
s150,Movie,Dramas
s150,Movie,International Movies
s150,Movie,Romantic Movies
s151,Movie,Dramas
s151,Movie,Independent Movies
s151,Movie,International Movies
s152,Movie,Dramas
s152,Movie,Sci-Fi & Fantasy
s153,TV Show,International TV Shows
s153,TV Show,TV Comedies
s153,TV Show,TV Dramas
s154,Movie,Action & Adventure
s154,Movie,Classic Movies
s154,Movie,Dramas
s155,Movie,Comedies
s155,Movie,Romantic Movies
s156,Movie,Children & Family Movies
s156,Movie,Dramas
s157,Movie,Comedies
s157,Movie,International Movies
s157,Movie,Romantic Movies
s158,Movie,Action & Adventure
s158,Movie,International Movies
s158,Movie,Romantic Movies
s159,Movie,Dramas
s159,Movie,Romantic Movies
s160,Movie,Children & Family Movies
s160,Movie,Dramas
s160,Movie,Romantic Movies
s161,Movie,Children & Family Movies
s161,Movie,Dramas
s161,Movie,Romantic Movies
s162,Movie,Children & Family Movies
s162,Movie,Dramas
s162,Movie,Romantic Movies
s163,Movie,Movies
s164,Movie,Children & Family Movies
s164,Movie,Comedies
s165,Movie,Children & Family Movies
s165,Movie,Comedies
s165,Movie,Music & Musicals
s166,Movie,Classic Movies
s166,Movie,Cult Movies
s166,Movie,Dramas
s167,Movie,Dramas
s167,Movie,Romantic Movies
s168,Movie,Children & Family Movies
s168,Movie,Comedies
s169,Movie,Dramas
s169,Movie,Thrillers
s170,Movie,Documentaries
s170,Movie,International Movies
s171,Movie,Dramas
s172,Movie,Movies
s173,Movie,Action & Adventure
s173,Movie,International Movies
s173,Movie,Sci-Fi & Fantasy
s174,Movie,Dramas
s174,Movie,International Movies
s175,Movie,Comedies
s176,Movie,Dramas
s176,Movie,Independent Movies
s177,Movie,Comedies
s177,Movie,Independent Movies
s178,Movie,Children & Family Movies
s179,Movie,Children & Family Movies
s180,Movie,Children & Family Movies
s181,TV Show,International TV Shows
s181,TV Show,Romantic TV Shows
s181,TV Show,TV Dramas
s182,Movie,Documentaries
s183,Movie,Documentaries
s184,Movie,Comedies
s184,Movie,Horror Movies
s185,Movie,Horror Movies
s185,Movie,Independent Movies
s186,Movie,Dramas
s186,Movie,Independent Movies
s186,Movie,International Movies
s187,Movie,Children & Family Movies
s187,Movie,Comedies
s187,Movie,Romantic Movies
s188,Movie,Comedies
s188,Movie,International Movies
s189,TV Show,International TV Shows
s189,TV Show,TV Dramas
s189,TV Show,TV Horror
s190,Movie,Documentaries
s190,Movie,Sports Movies
s191,Movie,Thrillers
s192,TV Show,International TV Shows
s192,TV Show,Korean TV Shows
s192,TV Show,Romantic TV Shows
s193,Movie,Dramas
s193,Movie,International Movies
s194,Movie,Documentaries
s195,Movie,Documentaries
s195,Movie,International Movies
s195,Movie,Sports Movies
s196,TV Show,TV Shows
s197,Movie,Dramas
s197,Movie,Independent Movies
s197,Movie,International Movies
s198,TV Show,Stand-Up Comedy & Talk Shows
s198,TV Show,TV Comedies
s199,TV Show,International TV Shows
s199,TV Show,Romantic TV Shows
s199,TV Show,Teen TV Shows
s200,TV Show,International TV Shows
s200,TV Show,Romantic TV Shows
s200,TV Show,TV Comedies
s201,Movie,Documentaries
s202,Movie,Dramas
s202,Movie,International Movies
s202,Movie,Romantic Movies
s203,TV Show,Crime TV Shows
s203,TV Show,International TV Shows
s203,TV Show,Korean TV Shows
s204,Movie,Comedies
s204,Movie,International Movies
s204,Movie,Sports Movies
s205,Movie,Comedies
s205,Movie,International Movies
s206,Movie,Dramas
s206,Movie,Sci-Fi & Fantasy
s207,Movie,Dramas
s207,Movie,Thrillers
s208,Movie,Documentaries
s209,Movie,Documentaries
s209,Movie,International Movies
s210,Movie,Dramas
s210,Movie,LGBTQ Movies
s210,Movie,Romantic Movies
s211,Movie,Comedies
s211,Movie,Cult Movies
s212,Movie,Dramas
s212,Movie,International Movies
s213,Movie,Dramas
s213,Movie,Thrillers
s214,TV Show,Crime TV Shows
s214,TV Show,Docuseries
s214,TV Show,International TV Shows
s215,Movie,Dramas
s215,Movie,Independent Movies
s215,Movie,LGBTQ Movies
s216,Movie,Dramas
s216,Movie,Independent Movies
s216,Movie,Romantic Movies
s217,Movie,Documentaries
s218,Movie,Children & Family Movies
s218,Movie,Dramas
s218,Movie,Romantic Movies
s219,TV Show,International TV Shows
s219,TV Show,Reality TV
s220,Movie,Comedies
s220,Movie,International Movies
s221,Movie,Stand-Up Comedy
s222,Movie,International Movies
s222,Movie,Thrillers
s223,Movie,Dramas
s223,Movie,International Movies
s223,Movie,Romantic Movies
s224,Movie,Documentaries
s224,Movie,LGBTQ Movies
s225,Movie,Dramas
s225,Movie,International Movies
s226,TV Show,Kids' TV
s226,TV Show,TV Action & Adventure
s226,TV Show,TV Comedies
s227,Movie,Comedies
s227,Movie,Independent Movies
s228,Movie,Children & Family Movies
s228,Movie,Comedies
s229,Movie,Anime Features
s229,Movie,International Movies
s230,Movie,Dramas
s230,Movie,Independent Movies
s230,Movie,LGBTQ Movies
s231,Movie,Dramas
s231,Movie,International Movies
s231,Movie,Thrillers
s232,Movie,Dramas
s232,Movie,Independent Movies
s233,Movie,Dramas
s234,Movie,Children & Family Movies
s234,Movie,Comedies
s235,Movie,Dramas
s235,Movie,Independent Movies
s235,Movie,International Movies
s236,TV Show,International TV Shows
s236,TV Show,TV Dramas
s237,Movie,Dramas
s237,Movie,International Movies
s238,Movie,Documentaries
s238,Movie,International Movies
s239,Movie,Comedies
s239,Movie,Romantic Movies
s240,TV Show,International TV Shows
s240,TV Show,TV Dramas
s241,Movie,Comedies
s242,TV Show,International TV Shows
s242,TV Show,TV Dramas
s243,Movie,Children & Family Movies
s244,Movie,Comedies
s244,Movie,International Movies
s245,Movie,Children & Family Movies
s246,Movie,Dramas
s246,Movie,International Movies
s247,Movie,Music & Musicals
s247,Movie,Romantic Movies
s248,Movie,Comedies
s248,Movie,Music & Musicals
s249,TV Show,International TV Shows
s249,TV Show,TV Comedies
s250,Movie,International Movies
s250,Movie,Romantic Movies
s251,Movie,Dramas
s251,Movie,Romantic Movies
s252,Movie,Action & Adventure
s252,Movie,Dramas
s252,Movie,International Movies
s253,Movie,Documentaries
s254,Movie,Anime Features
s254,Movie,Children & Family Movies
s254,Movie,International Movies
s255,Movie,Children & Family Movies
s256,Movie,Children & Family Movies
s257,TV Show,Docuseries
s257,TV Show,International TV Shows
s257,TV Show,Science & Nature TV
s258,Movie,Dramas
s258,Movie,Independent Movies
s258,Movie,International Movies
s259,TV Show,British TV Shows
s259,TV Show,TV Comedies
s259,TV Show,TV Dramas
s260,TV Show,TV Dramas
s261,TV Show,Anime Series
s261,TV Show,International TV Shows
s262,Movie,Horror Movies
s263,Movie,Action & Adventure
s263,Movie,Children & Family Movies
s263,Movie,Independent Movies
s264,Movie,Dramas
s264,Movie,International Movies
s264,Movie,Romantic Movies
s265,Movie,Comedies
s265,Movie,International Movies
s266,Movie,Comedies
s266,Movie,International Movies
s266,Movie,Music & Musicals
s267,Movie,Comedies
s267,Movie,Dramas
s267,Movie,International Movies
s268,Movie,Action & Adventure
s268,Movie,International Movies
s269,Movie,Dramas
s269,Movie,Independent Movies
s269,Movie,International Movies
s270,Movie,International Movies
s270,Movie,Thrillers
s271,Movie,Dramas
s271,Movie,International Movies
s271,Movie,Thrillers
s272,Movie,Dramas
s272,Movie,International Movies
s273,Movie,Dramas
s273,Movie,International Movies
s274,Movie,Dramas
s274,Movie,International Movies
s274,Movie,Music & Musicals
s275,Movie,Comedies
s275,Movie,Dramas
s275,Movie,International Movies
s276,Movie,Horror Movies
s276,Movie,International Movies
s276,Movie,Thrillers
s277,TV Show,Kids' TV
s278,Movie,Comedies
s278,Movie,Dramas
s278,Movie,International Movies
s279,Movie,Dramas
s279,Movie,International Movies
s279,Movie,Music & Musicals
s280,Movie,Dramas
s280,Movie,International Movies
s281,Movie,Action & Adventure
s281,Movie,Dramas
s281,Movie,International Movies
s282,Movie,Documentaries
s283,Movie,Dramas
s283,Movie,International Movies
s284,Movie,Comedies
s284,Movie,International Movies
s284,Movie,Sci-Fi & Fantasy
s285,TV Show,International TV Shows
s285,TV Show,Korean TV Shows
s285,TV Show,Stand-Up Comedy & Talk Shows
s286,Movie,Children & Family Movies
s286,Movie,Comedies
s287,Movie,Comedies
s287,Movie,Dramas
s287,Movie,International Movies
s288,Movie,Comedies
s288,Movie,Dramas
s288,Movie,International Movies
s289,TV Show,Docuseries
s290,TV Show,Docuseries
s290,TV Show,Science & Nature TV
s290,TV Show,TV Comedies
s291,TV Show,Crime TV Shows
s291,TV Show,International TV Shows
s291,TV Show,Korean TV Shows
s292,Movie,Dramas
s292,Movie,International Movies
s293,Movie,Comedies
s293,Movie,Dramas
s293,Movie,International Movies
s294,Movie,International Movies
s294,Movie,Thrillers
s295,TV Show,International TV Shows
s295,TV Show,Romantic TV Shows
s295,TV Show,TV Comedies
s296,Movie,Dramas
s297,Movie,Dramas
s297,Movie,Sports Movies
s298,Movie,Dramas
s298,Movie,Music & Musicals
s298,Movie,Romantic Movies
s299,Movie,Action & Adventure
s300,Movie,Action & Adventure
s300,Movie,International Movies
s301,Movie,Children & Family Movies
s301,Movie,Comedies
s301,Movie,International Movies
s302,Movie,Action & Adventure
s302,Movie,International Movies
s303,Movie,Action & Adventure
s304,TV Show,Crime TV Shows
s304,TV Show,International TV Shows
s304,TV Show,TV Dramas
s305,Movie,Dramas
s305,Movie,International Movies
s306,Movie,Stand-Up Comedy
s307,TV Show,TV Comedies
s308,Movie,Stand-Up Comedy
s309,Movie,Dramas
s310,Movie,Action & Adventure
s310,Movie,Documentaries
s310,Movie,International Movies
s311,Movie,Stand-Up Comedy
s312,Movie,Comedies
s312,Movie,International Movies
s312,Movie,Thrillers
s313,Movie,Stand-Up Comedy
s314,Movie,Dramas
s314,Movie,Independent Movies
s314,Movie,International Movies
s315,Movie,Action & Adventure
s315,Movie,Dramas
s315,Movie,Romantic Movies
s316,Movie,Horror Movies
s316,Movie,Independent Movies
s316,Movie,International Movies
s317,Movie,Dramas
s317,Movie,Independent Movies
s317,Movie,Sci-Fi & Fantasy
s318,Movie,Comedies
s319,Movie,International Movies
s319,Movie,Sci-Fi & Fantasy
s320,TV Show,Docuseries
s320,TV Show,Reality TV
s320,TV Show,Science & Nature TV
s321,Movie,Stand-Up Comedy
s322,TV Show,British TV Shows
s322,TV Show,Docuseries
s322,TV Show,International TV Shows
s323,TV Show,Docuseries
s323,TV Show,International TV Shows
s324,Movie,Dramas
s324,Movie,Romantic Movies
s325,TV Show,British TV Shows
s325,TV Show,International TV Shows
s325,TV Show,TV Comedies
s326,Movie,Documentaries
s327,Movie,Documentaries
s328,Movie,Documentaries
s329,Movie,Documentaries
s329,Movie,International Movies
s330,Movie,Dramas
s330,Movie,Romantic Movies
s331,Movie,Dramas
s332,Movie,Dramas
s332,Movie,Independent Movies
s333,Movie,Action & Adventure
s333,Movie,Horror Movies
s334,TV Show,Crime TV Shows
s334,TV Show,International TV Shows
s334,TV Show,TV Dramas
s335,Movie,Dramas
s336,TV Show,British TV Shows
s336,TV Show,Reality TV
s336,TV Show,Romantic TV Shows
s337,TV Show,International TV Shows
s337,TV Show,Romantic TV Shows
s337,TV Show,TV Dramas
s338,TV Show,Crime TV Shows
s338,TV Show,International TV Shows
s338,TV Show,TV Dramas
s339,TV Show,Docuseries
s339,TV Show,International TV Shows
s339,TV Show,Science & Nature TV
s340,TV Show,International TV Shows
s340,TV Show,TV Dramas
s341,TV Show,Crime TV Shows
s341,TV Show,International TV Shows
s341,TV Show,TV Action & Adventure
s342,TV Show,Anime Series
s342,TV Show,International TV Shows
s343,Movie,Movies
s344,Movie,Dramas
s344,Movie,International Movies
s345,Movie,Stand-Up Comedy
s346,Movie,Horror Movies
s346,Movie,International Movies
s347,Movie,Dramas
s347,Movie,International Movies
s347,Movie,Romantic Movies
s348,Movie,Documentaries
s349,TV Show,International TV Shows
s349,TV Show,Reality TV
s349,TV Show,Romantic TV Shows
s350,TV Show,International TV Shows
s350,TV Show,Reality TV
s350,TV Show,Romantic TV Shows
s351,TV Show,British TV Shows
s351,TV Show,Docuseries
s351,TV Show,International TV Shows
s352,Movie,Dramas
s352,Movie,International Movies
s353,Movie,Comedies
s353,Movie,International Movies
s353,Movie,Romantic Movies
s354,Movie,Dramas
s354,Movie,Independent Movies
s354,Movie,International Movies
s355,Movie,International Movies
s355,Movie,Music & Musicals
s355,Movie,Romantic Movies
s356,Movie,Action & Adventure
s356,Movie,Dramas
s356,Movie,International Movies
s357,Movie,Comedies
s357,Movie,International Movies
s357,Movie,Music & Musicals
s358,TV Show,TV Comedies
s358,TV Show,TV Dramas
s359,Movie,Comedies
s359,Movie,International Movies
s359,Movie,Music & Musicals
s360,TV Show,International TV Shows
s360,TV Show,TV Dramas
s361,TV Show,Anime Series
s361,TV Show,International TV Shows
s362,Movie,Dramas
s362,Movie,International Movies
s363,Movie,Comedies
s363,Movie,Dramas
s363,Movie,International Movies
s364,TV Show,Anime Series
s364,TV Show,Crime TV Shows
s364,TV Show,International TV Shows
s365,TV Show,Kids' TV
s365,TV Show,TV Comedies
s365,TV Show,TV Dramas
s366,TV Show,International TV Shows
s366,TV Show,TV Dramas
s367,Movie,International Movies
s367,Movie,Thrillers
s368,TV Show,Crime TV Shows
s368,TV Show,International TV Shows
s368,TV Show,TV Dramas
s369,Movie,Action & Adventure
s369,Movie,Comedies
s369,Movie,Dramas
s370,Movie,Comedies
s370,Movie,International Movies
s371,Movie,Stand-Up Comedy
s372,Movie,Comedies
s372,Movie,International Movies
s373,Movie,Dramas
s373,Movie,LGBTQ Movies
s374,Movie,Dramas
s374,Movie,Independent Movies
s374,Movie,International Movies
s375,Movie,Children & Family Movies
s376,Movie,Stand-Up Comedy
s377,Movie,Documentaries
s377,Movie,International Movies
s377,Movie,Music & Musicals
s378,Movie,Comedies
s378,Movie,Dramas
s378,Movie,International Movies
s379,Movie,Stand-Up Comedy
s380,Movie,Comedies
s380,Movie,Dramas
s380,Movie,Independent Movies
s381,TV Show,Kids' TV
s381,TV Show,TV Comedies
s382,Movie,Classic Movies
s382,Movie,Dramas
s382,Movie,International Movies
s383,Movie,Classic Movies
s383,Movie,Dramas
s383,Movie,International Movies
s384,Movie,Documentaries
s384,Movie,International Movies
s384,Movie,Sports Movies
s385,Movie,Dramas
s385,Movie,International Movies
s385,Movie,Romantic Movies
s386,Movie,Action & Adventure
s386,Movie,Comedies
s386,Movie,International Movies
s387,Movie,Stand-Up Comedy
s388,Movie,Stand-Up Comedy
s389,Movie,Comedies
s389,Movie,Independent Movies
s389,Movie,International Movies
s390,TV Show,Crime TV Shows
s390,TV Show,International TV Shows
s390,TV Show,TV Dramas
s391,Movie,Documentaries
s391,Movie,International Movies
s392,Movie,Action & Adventure
s392,Movie,International Movies
s392,Movie,Sci-Fi & Fantasy
s393,Movie,Classic Movies
s393,Movie,Comedies
s393,Movie,Dramas
s394,TV Show,International TV Shows
s394,TV Show,TV Action & Adventure
s394,TV Show,TV Mysteries
s395,Movie,Comedies
s395,Movie,International Movies
s395,Movie,LGBTQ Movies
s396,Movie,Documentaries
s397,TV Show,Kids' TV
s397,TV Show,TV Comedies
s398,Movie,Action & Adventure
s398,Movie,Sci-Fi & Fantasy
s399,TV Show,British TV Shows
s399,TV Show,Docuseries
s399,TV Show,International TV Shows
s400,Movie,Children & Family Movies
s401,Movie,Children & Family Movies
s401,Movie,Comedies
s401,Movie,Sci-Fi & Fantasy
s402,Movie,Documentaries
s403,Movie,Dramas
s403,Movie,International Movies
s403,Movie,Romantic Movies
s404,Movie,Comedies
s404,Movie,Dramas
s404,Movie,Independent Movies
s405,TV Show,TV Comedies
s406,TV Show,TV Dramas
s406,TV Show,Teen TV Shows
s407,Movie,Action & Adventure
s407,Movie,Comedies
s407,Movie,International Movies
s408,Movie,Dramas
s408,Movie,Independent Movies
s409,Movie,Children & Family Movies
s410,TV Show,International TV Shows
s410,TV Show,Romantic TV Shows
s410,TV Show,Spanish-Language TV Shows
s411,Movie,International Movies
s411,Movie,Thrillers
s412,TV Show,Kids' TV
s412,TV Show,TV Comedies
s413,TV Show,Kids' TV
s413,TV Show,TV Action & Adventure
s413,TV Show,TV Comedies
s414,Movie,Children & Family Movies
s414,Movie,Independent Movies
s415,Movie,Documentaries
s415,Movie,LGBTQ Movies
s416,Movie,Horror Movies
s416,Movie,Thrillers
s417,Movie,Comedies
s417,Movie,Dramas
s417,Movie,International Movies
s418,Movie,Horror Movies
s419,Movie,Dramas
s419,Movie,Romantic Movies
s420,Movie,Action & Adventure
s421,Movie,Comedies
s421,Movie,International Movies
s421,Movie,Romantic Movies
s422,Movie,Comedies
s422,Movie,Dramas
s422,Movie,International Movies
s423,Movie,Dramas
s424,Movie,Comedies
s424,Movie,International Movies
s424,Movie,Romantic Movies
s425,Movie,Dramas
s425,Movie,International Movies
s426,Movie,Dramas
s426,Movie,Romantic Movies
s427,TV Show,International TV Shows
s427,TV Show,Spanish-Language TV Shows
s427,TV Show,TV Comedies
s428,Movie,Comedies
s428,Movie,Dramas
s428,Movie,Independent Movies
s429,TV Show,Reality TV
s430,Movie,Dramas
s431,Movie,Dramas
s431,Movie,International Movies
s431,Movie,Romantic Movies
s432,Movie,Thrillers
s433,Movie,Children & Family Movies
s434,Movie,Children & Family Movies
s435,TV Show,Kids' TV
s436,Movie,Documentaries
s437,Movie,Documentaries
s438,TV Show,Crime TV Shows
s438,TV Show,TV Action & Adventure
s438,TV Show,TV Dramas
s439,Movie,Action & Adventure
s439,Movie,Anime Features
s439,Movie,International Movies
s440,Movie,Comedies
s440,Movie,Romantic Movies
s441,TV Show,International TV Shows
s441,TV Show,Spanish-Language TV Shows
s441,TV Show,TV Comedies
s442,Movie,International Movies
s442,Movie,Romantic Movies
s443,Movie,Documentaries
s444,Movie,Documentaries
s444,Movie,International Movies
s444,Movie,Music & Musicals
s445,Movie,Dramas
s445,Movie,International Movies
s445,Movie,Romantic Movies
s446,Movie,Comedies
s446,Movie,Dramas
s446,Movie,International Movies
s447,Movie,Action & Adventure
s447,Movie,Classic Movies
s447,Movie,Comedies
s448,Movie,Dramas
s448,Movie,International Movies
s449,Movie,Dramas
s449,Movie,Independent Movies
s449,Movie,Sports Movies
s450,TV Show,British TV Shows
s450,TV Show,International TV Shows
s450,TV Show,Reality TV
s451,Movie,Documentaries
s452,TV Show,Docuseries
s453,TV Show,Reality TV
s454,Movie,Documentaries
s455,Movie,Action & Adventure
s456,Movie,Dramas
s457,Movie,Documentaries
s458,TV Show,Crime TV Shows
s458,TV Show,TV Dramas
s459,TV Show,Crime TV Shows
s459,TV Show,TV Dramas
s460,Movie,Documentaries
s461,TV Show,Docuseries
s462,Movie,Documentaries
s463,Movie,Documentaries
s464,Movie,Documentaries
s465,Movie,Thrillers
s466,Movie,Action & Adventure
s466,Movie,Dramas
s467,Movie,Dramas
s468,Movie,Dramas
s468,Movie,Independent Movies
s469,TV Show,TV Horror
s469,TV Show,TV Mysteries
s469,TV Show,TV Thrillers
s470,Movie,Documentaries
s470,Movie,Sports Movies
s471,Movie,Documentaries
s472,TV Show,TV Dramas
s472,TV Show,TV Thrillers
s473,Movie,Comedies
s474,Movie,Comedies
s474,Movie,Cult Movies
s474,Movie,Dramas
s475,Movie,Dramas
s476,TV Show,Crime TV Shows
s476,TV Show,TV Comedies
s476,TV Show,Teen TV Shows
s477,Movie,Dramas
s478,Movie,Stand-Up Comedy
s479,TV Show,International TV Shows
s479,TV Show,TV Dramas
s480,Movie,Comedies
s480,Movie,International Movies
s481,Movie,Dramas
s481,Movie,International Movies
s481,Movie,Music & Musicals
s482,Movie,Documentaries
s482,Movie,International Movies
s482,Movie,Music & Musicals
s483,Movie,Stand-Up Comedy
s484,Movie,Stand-Up Comedy
s485,Movie,Documentaries
s485,Movie,International Movies
s486,Movie,Children & Family Movies
s487,Movie,Children & Family Movies
s488,Movie,Children & Family Movies
s489,Movie,Children & Family Movies
s490,Movie,Comedies
s490,Movie,Dramas
s490,Movie,International Movies
s491,Movie,Classic Movies
s491,Movie,Dramas
s491,Movie,International Movies
s492,Movie,Comedies
s492,Movie,Independent Movies
s493,Movie,Dramas
s493,Movie,International Movies
s494,Movie,Dramas
s494,Movie,Thrillers
s495,TV Show,International TV Shows
s495,TV Show,Romantic TV Shows
s495,TV Show,TV Dramas
s496,Movie,Dramas
s496,Movie,Faith & Spirituality
s497,Movie,Dramas
s497,Movie,Thrillers
s498,Movie,Comedies
s498,Movie,Dramas
s498,Movie,International Movies
s499,Movie,Comedies
s499,Movie,Dramas
s499,Movie,International Movies
s500,Movie,Comedies
s500,Movie,International Movies
s500,Movie,LGBTQ Movies
s501,Movie,International Movies
s501,Movie,Thrillers
s502,Movie,Dramas
s502,Movie,Independent Movies
s502,Movie,International Movies
s503,Movie,Comedies
s503,Movie,Dramas
s503,Movie,LGBTQ Movies
s504,Movie,Dramas
s504,Movie,International Movies
s505,TV Show,Docuseries
s505,TV Show,Science & Nature TV
s506,Movie,Dramas
s506,Movie,Independent Movies
s506,Movie,International Movies
s507,Movie,Comedies
s507,Movie,International Movies
s508,Movie,Action & Adventure
s508,Movie,Comedies
s508,Movie,Cult Movies
s509,Movie,Comedies
s509,Movie,Dramas
s509,Movie,International Movies
s510,Movie,Horror Movies
s510,Movie,International Movies
s510,Movie,Thrillers
s511,Movie,Horror Movies
s511,Movie,International Movies
s511,Movie,Thrillers
s512,Movie,Documentaries
s512,Movie,International Movies
s513,Movie,Documentaries
s513,Movie,International Movies
s513,Movie,Sports Movies
s514,Movie,Dramas
s514,Movie,Independent Movies
s515,Movie,Action & Adventure
s515,Movie,Comedies
s515,Movie,Dramas
s516,TV Show,International TV Shows
s516,TV Show,TV Action & Adventure
s516,TV Show,TV Comedies
s517,TV Show,Anime Series
s517,TV Show,International TV Shows
s518,Movie,Dramas
s518,Movie,Romantic Movies
s519,Movie,Action & Adventure
s520,Movie,Children & Family Movies
s521,Movie,Children & Family Movies
s522,Movie,Thrillers
s523,Movie,Comedies
s524,TV Show,Kids' TV
s524,TV Show,TV Comedies
s525,Movie,Dramas
s525,Movie,Independent Movies
s525,Movie,International Movies
s526,Movie,Action & Adventure
s526,Movie,Comedies
s526,Movie,Dramas
s527,Movie,Dramas
s527,Movie,International Movies
s528,Movie,Dramas
s528,Movie,Independent Movies
s528,Movie,Music & Musicals
s529,Movie,Children & Family Movies
s529,Movie,Comedies
s530,Movie,Action & Adventure
s530,Movie,International Movies
s530,Movie,Sci-Fi & Fantasy
s531,Movie,Horror Movies
s531,Movie,International Movies
s532,TV Show,Docuseries
s532,TV Show,International TV Shows
s533,Movie,Action & Adventure
s533,Movie,Dramas
s533,Movie,International Movies
s534,TV Show,International TV Shows
s534,TV Show,TV Horror
s534,TV Show,TV Thrillers
s535,TV Show,International TV Shows
s535,TV Show,TV Horror
s535,TV Show,TV Mysteries
s536,Movie,Stand-Up Comedy
s537,Movie,Dramas
s537,Movie,Independent Movies
s537,Movie,International Movies
s538,Movie,Dramas
s538,Movie,International Movies
s538,Movie,Thrillers
s539,Movie,Children & Family Movies
s540,TV Show,International TV Shows
s540,TV Show,TV Dramas
s540,TV Show,Teen TV Shows
s541,TV Show,Anime Series
s541,TV Show,International TV Shows
s541,TV Show,Teen TV Shows
s542,Movie,Dramas
s542,Movie,Sci-Fi & Fantasy
s542,Movie,Thrillers
s543,Movie,Dramas
s543,Movie,Independent Movies
s543,Movie,International Movies
s544,TV Show,TV Action & Adventure
s544,TV Show,TV Dramas
s544,TV Show,TV Mysteries
s545,TV Show,International TV Shows
s545,TV Show,Korean TV Shows
s545,TV Show,Romantic TV Shows
s546,TV Show,Crime TV Shows
s546,TV Show,International TV Shows
s546,TV Show,TV Comedies
s547,Movie,Action & Adventure
s547,Movie,Comedies
s547,Movie,Sci-Fi & Fantasy
s548,Movie,Comedies
s548,Movie,International Movies
s549,Movie,Children & Family Movies
s550,TV Show,Docuseries
s551,Movie,Stand-Up Comedy
s552,Movie,Stand-Up Comedy
s553,Movie,Comedies
s553,Movie,Dramas
s553,Movie,International Movies
s554,Movie,Action & Adventure
s554,Movie,Horror Movies
s555,Movie,Documentaries
s555,Movie,International Movies
s555,Movie,Sports Movies
s556,Movie,Dramas
s556,Movie,Independent Movies
s556,Movie,International Movies
s557,TV Show,Anime Series
s557,TV Show,Kids' TV
s558,Movie,Documentaries
s559,TV Show,Crime TV Shows
s559,TV Show,International TV Shows
s559,TV Show,Spanish-Language TV Shows
s560,TV Show,Crime TV Shows
s560,TV Show,International TV Shows
s560,TV Show,Spanish-Language TV Shows
s561,Movie,Dramas
s561,Movie,International Movies
s562,Movie,Documentaries
s563,Movie,Horror Movies
s563,Movie,Sci-Fi & Fantasy
s563,Movie,Thrillers
s564,Movie,Horror Movies
s564,Movie,International Movies
s564,Movie,Thrillers
s565,Movie,Action & Adventure
s565,Movie,Comedies
s565,Movie,International Movies
s566,TV Show,Crime TV Shows
s566,TV Show,TV Dramas
s567,Movie,Action & Adventure
s567,Movie,International Movies
s567,Movie,Sci-Fi & Fantasy
s568,Movie,Dramas
s568,Movie,Independent Movies
s569,Movie,Stand-Up Comedy
s570,TV Show,Docuseries
s570,TV Show,International TV Shows
s571,TV Show,Kids' TV
s571,TV Show,TV Comedies
s572,Movie,Children & Family Movies
s572,Movie,Comedies
s573,Movie,Dramas
s573,Movie,International Movies
s573,Movie,Romantic Movies
s574,Movie,Comedies
s574,Movie,Dramas
s574,Movie,International Movies
s575,TV Show,Reality TV
s576,TV Show,International TV Shows
s576,TV Show,TV Dramas
s576,TV Show,TV Horror
s577,TV Show,International TV Shows
s577,TV Show,Korean TV Shows
s577,TV Show,TV Dramas
s578,Movie,Stand-Up Comedy
s579,TV Show,Stand-Up Comedy & Talk Shows
s580,Movie,Documentaries
s580,Movie,Music & Musicals
s581,Movie,Comedies
s581,Movie,Dramas
s581,Movie,International Movies
s582,Movie,Action & Adventure
s582,Movie,Dramas
s582,Movie,International Movies
s583,Movie,International Movies
s583,Movie,Sci-Fi & Fantasy
s583,Movie,Thrillers
s584,TV Show,TV Comedies
s585,TV Show,Crime TV Shows
s585,TV Show,TV Action & Adventure
s586,Movie,Stand-Up Comedy
s587,TV Show,International TV Shows
s587,TV Show,Korean TV Shows
s587,TV Show,TV Action & Adventure
s588,Movie,Comedies
s588,Movie,Romantic Movies
s589,Movie,Children & Family Movies
s589,Movie,Comedies
s590,Movie,Dramas
s590,Movie,International Movies
s590,Movie,Thrillers
s591,Movie,Dramas
s591,Movie,International Movies
s592,Movie,Horror Movies
s592,Movie,Thrillers
s593,Movie,Comedies
s593,Movie,Romantic Movies
s594,Movie,Dramas
s594,Movie,Independent Movies
s594,Movie,International Movies
s595,Movie,Dramas
s595,Movie,International Movies
s595,Movie,Music & Musicals
s596,TV Show,TV Action & Adventure
s596,TV Show,TV Comedies
s596,TV Show,TV Horror
s597,TV Show,International TV Shows
s597,TV Show,Romantic TV Shows
s597,TV Show,TV Comedies
s598,TV Show,Docuseries
s598,TV Show,International TV Shows
s598,TV Show,Science & Nature TV
s599,TV Show,Kids' TV
s600,Movie,Action & Adventure
s600,Movie,Dramas
s600,Movie,International Movies
s601,Movie,Documentaries
s602,Movie,Action & Adventure
s602,Movie,Comedies
s602,Movie,International Movies
s603,Movie,Horror Movies
s603,Movie,Sci-Fi & Fantasy
s603,Movie,Thrillers
s604,TV Show,TV Comedies
s605,Movie,Comedies
s605,Movie,International Movies
s606,Movie,Dramas
s606,Movie,International Movies
s607,Movie,Action & Adventure
s607,Movie,Dramas
s607,Movie,International Movies
s608,Movie,Documentaries
s608,Movie,Sports Movies
s609,Movie,Dramas
s609,Movie,Sci-Fi & Fantasy
s610,TV Show,International TV Shows
s610,TV Show,Romantic TV Shows
s611,TV Show,International TV Shows
s611,TV Show,TV Dramas
s612,Movie,Documentaries
s612,Movie,Sports Movies
s613,Movie,Dramas
s613,Movie,Independent Movies
s613,Movie,International Movies
s614,Movie,Dramas
s615,Movie,Comedies
s615,Movie,International Movies
s615,Movie,Romantic Movies
s616,TV Show,Crime TV Shows
s616,TV Show,Kids' TV
s616,TV Show,TV Comedies
s617,TV Show,Anime Series
s617,TV Show,International TV Shows
s618,Movie,Documentaries
s618,Movie,International Movies
s619,Movie,Comedies
s619,Movie,Independent Movies
s619,Movie,International Movies
s620,TV Show,TV Comedies
s620,TV Show,TV Dramas
s620,TV Show,Teen TV Shows
s621,Movie,Documentaries
s622,TV Show,TV Comedies
s623,Movie,Dramas
s623,Movie,International Movies
s624,Movie,Documentaries
s625,TV Show,Docuseries
s625,TV Show,International TV Shows
s625,TV Show,Reality TV
s626,Movie,Action & Adventure
s626,Movie,Comedies
s627,Movie,Comedies
s628,Movie,Action & Adventure
s628,Movie,Comedies
s628,Movie,Sci-Fi & Fantasy
s629,Movie,Dramas
s629,Movie,International Movies
s629,Movie,Thrillers
s630,Movie,International Movies
s630,Movie,Sci-Fi & Fantasy
s630,Movie,Thrillers
s631,TV Show,International TV Shows
s631,TV Show,Romantic TV Shows
s631,TV Show,TV Dramas
s632,Movie,Action & Adventure
s632,Movie,Dramas
s633,TV Show,Classic & Cult TV
s633,TV Show,Kids' TV
s633,TV Show,TV Action & Adventure
s634,Movie,Dramas
s634,Movie,International Movies
s634,Movie,Romantic Movies
s635,Movie,Action & Adventure
s636,Movie,Action & Adventure
s636,Movie,Sci-Fi & Fantasy
s637,Movie,Documentaries
s637,Movie,International Movies
s637,Movie,Music & Musicals
s638,Movie,Horror Movies
s638,Movie,Sci-Fi & Fantasy
s639,Movie,Thrillers
s640,TV Show,Reality TV
s641,TV Show,Romantic TV Shows
s641,TV Show,TV Dramas
s641,TV Show,TV Sci-Fi & Fantasy
s642,TV Show,International TV Shows
s642,TV Show,TV Dramas
s643,Movie,Dramas
s643,Movie,International Movies
s643,Movie,Sci-Fi & Fantasy
s644,Movie,Comedies
s644,Movie,Dramas
s644,Movie,Independent Movies
s645,Movie,Dramas
s645,Movie,International Movies
s646,Movie,Documentaries
s646,Movie,International Movies
s647,Movie,Dramas
s647,Movie,International Movies
s648,Movie,Dramas
s648,Movie,International Movies
s648,Movie,Sports Movies
s649,Movie,Stand-Up Comedy
s650,Movie,Stand-Up Comedy
s651,Movie,Stand-Up Comedy
s652,TV Show,Anime Series
s652,TV Show,Crime TV Shows
s652,TV Show,International TV Shows
s653,Movie,Dramas
s653,Movie,Independent Movies
s653,Movie,International Movies
s654,Movie,Dramas
s654,Movie,International Movies
s655,Movie,Action & Adventure
s655,Movie,International Movies
s656,Movie,Action & Adventure
s656,Movie,International Movies
s657,Movie,Action & Adventure
s657,Movie,Dramas
s657,Movie,International Movies
s658,Movie,Action & Adventure
s658,Movie,Dramas
s658,Movie,International Movies
s659,Movie,Action & Adventure
s659,Movie,Dramas
s659,Movie,International Movies
s660,Movie,Action & Adventure
s660,Movie,Dramas
s660,Movie,International Movies
s661,Movie,Action & Adventure
s661,Movie,Dramas
s661,Movie,International Movies
s662,Movie,Action & Adventure
s662,Movie,Dramas
s662,Movie,International Movies
s663,Movie,Action & Adventure
s663,Movie,Dramas
s663,Movie,International Movies
s664,Movie,Dramas
s664,Movie,International Movies
s665,Movie,Dramas
s665,Movie,International Movies
s666,Movie,Comedies
s666,Movie,International Movies
s667,Movie,Dramas
s667,Movie,Independent Movies
s668,TV Show,Docuseries
s668,TV Show,Science & Nature TV
s669,TV Show,International TV Shows
s669,TV Show,TV Dramas
s669,TV Show,Teen TV Shows
s670,TV Show,British TV Shows
s670,TV Show,International TV Shows
s670,TV Show,Reality TV
s671,Movie,Comedies
s671,Movie,International Movies
s671,Movie,Romantic Movies
s672,Movie,Comedies
s672,Movie,Dramas
s672,Movie,International Movies
s673,TV Show,Crime TV Shows
s673,TV Show,International TV Shows
s673,TV Show,TV Dramas
s674,Movie,Documentaries
s674,Movie,International Movies
s675,Movie,Comedies
s675,Movie,Dramas
s675,Movie,International Movies
s676,Movie,Children & Family Movies
s676,Movie,Sports Movies
s677,TV Show,Anime Series
s677,TV Show,International TV Shows
s678,TV Show,International TV Shows
s678,TV Show,Romantic TV Shows
s678,TV Show,TV Comedies
s679,Movie,Comedies
s679,Movie,International Movies
s680,Movie,Comedies
s680,Movie,International Movies
s680,Movie,Music & Musicals
s681,TV Show,International TV Shows
s681,TV Show,Reality TV
s681,TV Show,Romantic TV Shows
s682,Movie,Horror Movies
s682,Movie,Independent Movies
s682,Movie,Thrillers
s683,Movie,Action & Adventure
s683,Movie,Dramas
s684,Movie,Dramas
s684,Movie,Independent Movies
s684,Movie,Thrillers
s685,Movie,Dramas
s685,Movie,Thrillers
s686,TV Show,Crime TV Shows
s686,TV Show,TV Dramas
s687,TV Show,British TV Shows
s687,TV Show,Docuseries
s687,TV Show,International TV Shows
s688,Movie,Action & Adventure
s688,Movie,Comedies
s689,Movie,Action & Adventure
s689,Movie,Comedies
s690,Movie,Independent Movies
s690,Movie,International Movies
s690,Movie,Thrillers
s691,TV Show,British TV Shows
s691,TV Show,TV Comedies
s692,Movie,Dramas
s692,Movie,International Movies
s692,Movie,Thrillers
s693,Movie,Comedies
s694,TV Show,Crime TV Shows
s694,TV Show,International TV Shows
s694,TV Show,Korean TV Shows
s695,TV Show,Crime TV Shows
s695,TV Show,International TV Shows
s695,TV Show,Korean TV Shows
s696,Movie,Thrillers
s697,Movie,Documentaries
s697,Movie,Music & Musicals
s698,Movie,Comedies
s698,Movie,Dramas
s698,Movie,International Movies
s699,TV Show,International TV Shows
s699,TV Show,TV Dramas
s700,Movie,Dramas
s700,Movie,International Movies
s701,Movie,International Movies
s701,Movie,Thrillers
s702,Movie,Dramas
s703,TV Show,British TV Shows
s703,TV Show,Reality TV
s703,TV Show,Romantic TV Shows
s704,TV Show,Anime Series
s704,TV Show,International TV Shows
s705,TV Show,Anime Series
s705,TV Show,Kids' TV
s706,TV Show,Anime Series
s706,TV Show,Kids' TV
s707,TV Show,Kids' TV
s708,TV Show,International TV Shows
s708,TV Show,Spanish-Language TV Shows
s708,TV Show,TV Dramas
s709,Movie,Children & Family Movies
s709,Movie,Dramas
s710,Movie,Children & Family Movies
s711,Movie,Children & Family Movies
s712,Movie,International Movies
s712,Movie,Romantic Movies
s713,Movie,Comedies
s713,Movie,International Movies
s713,Movie,Romantic Movies
s714,Movie,Comedies
s714,Movie,International Movies
s715,Movie,Comedies
s715,Movie,Dramas
s715,Movie,Independent Movies
s716,Movie,Comedies
s716,Movie,Dramas
s716,Movie,Independent Movies
s717,Movie,Action & Adventure
s717,Movie,Comedies
s717,Movie,Independent Movies
s718,Movie,Action & Adventure
s718,Movie,Dramas
s718,Movie,International Movies
s719,Movie,Action & Adventure
s719,Movie,International Movies
s720,Movie,Comedies
s720,Movie,Dramas
s720,Movie,International Movies
s721,TV Show,International TV Shows
s721,TV Show,Romantic TV Shows
s721,TV Show,TV Comedies
s722,TV Show,International TV Shows
s722,TV Show,TV Comedies
s722,TV Show,TV Dramas
s723,Movie,Dramas
s723,Movie,International Movies
s724,TV Show,International TV Shows
s724,TV Show,Romantic TV Shows
s724,TV Show,TV Dramas
s725,TV Show,International TV Shows
s725,TV Show,Romantic TV Shows
s725,TV Show,TV Dramas
s726,TV Show,International TV Shows
s726,TV Show,Romantic TV Shows
s726,TV Show,TV Dramas
s727,TV Show,International TV Shows
s727,TV Show,Romantic TV Shows
s727,TV Show,TV Dramas
s728,Movie,Comedies
s728,Movie,International Movies
s728,Movie,Romantic Movies
s729,Movie,Documentaries
s729,Movie,International Movies
s729,Movie,Sports Movies
s730,Movie,Dramas
s730,Movie,International Movies
s731,Movie,Comedies
s731,Movie,International Movies
s731,Movie,Romantic Movies
s732,TV Show,International TV Shows
s732,TV Show,TV Action & Adventure
s732,TV Show,TV Dramas
s733,Movie,Documentaries
s733,Movie,International Movies
s734,Movie,Children & Family Movies
s735,Movie,Children & Family Movies
s736,TV Show,Kids' TV
s737,TV Show,Kids' TV
s738,Movie,Children & Family Movies
s739,Movie,Children & Family Movies
s740,Movie,Children & Family Movies
s741,TV Show,Kids' TV
s741,TV Show,TV Comedies
s742,Movie,Children & Family Movies
s742,Movie,Music & Musicals
s743,Movie,Children & Family Movies
s744,Movie,Children & Family Movies
s745,Movie,Children & Family Movies
s746,Movie,Children & Family Movies
s747,Movie,Children & Family Movies
s748,Movie,Children & Family Movies
s749,Movie,Music & Musicals
s750,Movie,Dramas
s750,Movie,International Movies
s750,Movie,Romantic Movies
s751,TV Show,International TV Shows
s751,TV Show,TV Action & Adventure
s751,TV Show,TV Dramas
s752,Movie,Comedies
s752,Movie,Dramas
s752,Movie,International Movies
s753,Movie,Action & Adventure
s753,Movie,Comedies
s754,Movie,Comedies
s754,Movie,Dramas
s754,Movie,International Movies
s755,Movie,Comedies
s755,Movie,International Movies
s756,Movie,Dramas
s757,Movie,Action & Adventure
s757,Movie,International Movies
s757,Movie,Music & Musicals
s758,Movie,Comedies
s758,Movie,Sports Movies
s759,Movie,Classic Movies
s759,Movie,Thrillers
s760,TV Show,Docuseries
s760,TV Show,Reality TV
s761,TV Show,Kids' TV
s762,TV Show,Crime TV Shows
s762,TV Show,TV Dramas
s762,TV Show,TV Horror
s763,Movie,Dramas
s763,Movie,International Movies
s763,Movie,Sports Movies
s764,Movie,Documentaries
s764,Movie,Music & Musicals
s765,Movie,Action & Adventure
s766,Movie,Dramas
s766,Movie,International Movies
s766,Movie,Romantic Movies
s767,TV Show,Crime TV Shows
s767,TV Show,TV Comedies
s767,TV Show,TV Dramas
s768,Movie,Action & Adventure
s768,Movie,Independent Movies
s768,Movie,Sci-Fi & Fantasy
s769,TV Show,British TV Shows
s769,TV Show,Docuseries
s769,TV Show,Reality TV
s770,TV Show,Reality TV
s770,TV Show,Science & Nature TV
s770,TV Show,TV Action & Adventure
s771,Movie,Classic Movies
s771,Movie,Comedies
s771,Movie,Dramas
s772,Movie,Dramas
s772,Movie,International Movies
s773,Movie,Dramas
s773,Movie,International Movies
s773,Movie,Sports Movies
s774,Movie,Dramas
s774,Movie,Independent Movies
s774,Movie,International Movies
s775,Movie,Action & Adventure
s775,Movie,Comedies
s775,Movie,Dramas
s776,Movie,Documentaries
s777,Movie,Comedies
s777,Movie,Dramas
s777,Movie,Romantic Movies
s778,TV Show,International TV Shows
s778,TV Show,Romantic TV Shows
s778,TV Show,TV Dramas
s779,TV Show,International TV Shows
s779,TV Show,Romantic TV Shows
s779,TV Show,TV Dramas
s780,TV Show,Kids' TV
s781,Movie,Documentaries
s781,Movie,International Movies
s782,Movie,Comedies
s782,Movie,International Movies
s783,Movie,Children & Family Movies
s783,Movie,Documentaries
s783,Movie,International Movies
s784,TV Show,Docuseries
s785,TV Show,Anime Series
s785,TV Show,International TV Shows
s786,Movie,Dramas
s786,Movie,Independent Movies
s787,TV Show,Kids' TV
s788,Movie,Children & Family Movies
s788,Movie,Music & Musicals
s789,TV Show,International TV Shows
s789,TV Show,Korean TV Shows
s789,TV Show,Romantic TV Shows
s790,Movie,Dramas
s790,Movie,Independent Movies
s790,Movie,Music & Musicals
s791,Movie,Documentaries
s791,Movie,International Movies
s792,TV Show,Crime TV Shows
s792,TV Show,Romantic TV Shows
s792,TV Show,TV Dramas
s793,Movie,Action & Adventure
s793,Movie,Comedies
s793,Movie,International Movies
s794,TV Show,International TV Shows
s794,TV Show,Romantic TV Shows
s794,TV Show,TV Comedies
s795,Movie,Comedies
s795,Movie,Cult Movies
s796,Movie,Comedies
s797,Movie,Comedies
s797,Movie,Dramas
s797,Movie,International Movies
s798,TV Show,International TV Shows
s798,TV Show,Korean TV Shows
s798,TV Show,Romantic TV Shows
s799,Movie,Comedies
s799,Movie,International Movies
s800,Movie,Documentaries
s801,TV Show,Docuseries
s801,TV Show,International TV Shows
s802,Movie,Dramas
s802,Movie,Romantic Movies
s803,Movie,Children & Family Movies
s803,Movie,Comedies
s804,Movie,Children & Family Movies
s804,Movie,Comedies
s805,Movie,Dramas
s805,Movie,International Movies
s805,Movie,Music & Musicals
s806,TV Show,International TV Shows
s806,TV Show,Romantic TV Shows
s806,TV Show,TV Comedies
s807,Movie,Dramas
s807,Movie,Romantic Movies
s808,Movie,Horror Movies
s808,Movie,Thrillers
s809,Movie,Documentaries
s810,Movie,Dramas
s810,Movie,International Movies
s811,Movie,Documentaries
s811,Movie,International Movies
s812,TV Show,British TV Shows
s812,TV Show,Docuseries
s813,Movie,Documentaries
s813,Movie,LGBTQ Movies
s813,Movie,Music & Musicals
s814,Movie,Documentaries
s815,TV Show,International TV Shows
s815,TV Show,Romantic TV Shows
s815,TV Show,TV Dramas
s816,TV Show,Crime TV Shows
s816,TV Show,International TV Shows
s816,TV Show,TV Dramas
s817,Movie,Dramas
s817,Movie,International Movies
s817,Movie,Romantic Movies
s818,Movie,Documentaries
s818,Movie,International Movies
s818,Movie,Sports Movies
s819,Movie,Documentaries
s820,TV Show,Romantic TV Shows
s820,TV Show,TV Dramas
s821,Movie,Dramas
s821,Movie,International Movies
s821,Movie,Romantic Movies
s822,Movie,Documentaries
s823,Movie,Classic Movies
s823,Movie,Dramas
s823,Movie,International Movies
s824,Movie,Dramas
s824,Movie,International Movies
s825,Movie,Documentaries
s825,Movie,International Movies
s826,TV Show,Kids' TV
s826,TV Show,TV Comedies
s827,Movie,Dramas
s827,Movie,Independent Movies
s827,Movie,International Movies
s828,Movie,Dramas
s828,Movie,Independent Movies
s828,Movie,International Movies
s829,TV Show,Kids' TV
s830,TV Show,Kids' TV
s831,Movie,Music & Musicals
s832,Movie,Comedies
s832,Movie,Sports Movies
s833,Movie,Documentaries
s834,Movie,Independent Movies
s834,Movie,Thrillers
s835,Movie,Children & Family Movies
s835,Movie,Dramas
s836,Movie,Children & Family Movies
s836,Movie,Dramas
s837,Movie,Children & Family Movies
s838,Movie,Dramas
s838,Movie,Sports Movies
s839,Movie,Dramas
s839,Movie,International Movies
s839,Movie,Music & Musicals
s840,Movie,Comedies
s840,Movie,International Movies
s840,Movie,Sports Movies
s841,Movie,International Movies
s841,Movie,Thrillers
s842,Movie,Comedies
s842,Movie,International Movies
s843,Movie,Dramas
s843,Movie,International Movies
s843,Movie,Romantic Movies
s844,Movie,Action & Adventure
s844,Movie,Anime Features
s844,Movie,International Movies
s845,Movie,Action & Adventure
s845,Movie,Anime Features
s845,Movie,International Movies
s846,Movie,Action & Adventure
s846,Movie,Anime Features
s846,Movie,International Movies
s847,Movie,Stand-Up Comedy
s848,Movie,Stand-Up Comedy
s849,Movie,Stand-Up Comedy
s850,TV Show,Reality TV
s851,TV Show,International TV Shows
s851,TV Show,Romantic TV Shows
s851,TV Show,TV Comedies
s852,Movie,Comedies
s852,Movie,International Movies
s853,Movie,Stand-Up Comedy
s854,Movie,Documentaries
s854,Movie,LGBTQ Movies
s855,Movie,Documentaries
s856,TV Show,Kids' TV
s856,TV Show,TV Comedies
s857,TV Show,International TV Shows
s857,TV Show,TV Action & Adventure
s857,TV Show,TV Horror
s858,Movie,Children & Family Movies
s858,Movie,Documentaries
s858,Movie,Sports Movies
s859,TV Show,Crime TV Shows
s859,TV Show,TV Comedies
s859,TV Show,TV Dramas
s860,TV Show,Crime TV Shows
s860,TV Show,International TV Shows
s860,TV Show,TV Dramas
s861,Movie,Documentaries
s862,Movie,Documentaries
s863,TV Show,International TV Shows
s863,TV Show,TV Dramas
s863,TV Show,TV Mysteries
s864,Movie,Dramas
s864,Movie,International Movies
s864,Movie,Romantic Movies
s865,Movie,Comedies
s866,Movie,Thrillers
s867,Movie,Dramas
s867,Movie,International Movies
s867,Movie,Romantic Movies
s868,Movie,Comedies
s868,Movie,International Movies
s868,Movie,Romantic Movies
s869,TV Show,Anime Series
s869,TV Show,Kids' TV
s870,TV Show,Anime Series
s870,TV Show,Kids' TV
s871,TV Show,Anime Series
s871,TV Show,Kids' TV
s872,TV Show,Anime Series
s872,TV Show,Kids' TV
s873,TV Show,Anime Series
s873,TV Show,Kids' TV
s874,Movie,Comedies
s874,Movie,Dramas
s874,Movie,International Movies
s875,Movie,Documentaries
s875,Movie,International Movies
s875,Movie,Sports Movies
s876,Movie,Action & Adventure
s876,Movie,Sci-Fi & Fantasy
s877,TV Show,Stand-Up Comedy & Talk Shows
s877,TV Show,TV Mysteries
s877,TV Show,TV Sci-Fi & Fantasy
s878,Movie,Documentaries
s878,Movie,International Movies
s878,Movie,Sports Movies
s879,Movie,Dramas
s879,Movie,Independent Movies
s879,Movie,International Movies
s880,TV Show,International TV Shows
s880,TV Show,TV Comedies
s881,TV Show,International TV Shows
s881,TV Show,Romantic TV Shows
s881,TV Show,TV Comedies
s882,TV Show,International TV Shows
s882,TV Show,Romantic TV Shows
s882,TV Show,TV Dramas
s883,Movie,Comedies
s883,Movie,International Movies
s883,Movie,Romantic Movies
s884,Movie,Dramas
s884,Movie,International Movies
s885,Movie,Dramas
s885,Movie,International Movies
s886,Movie,Comedies
s886,Movie,International Movies
s887,Movie,Comedies
s887,Movie,Dramas
s887,Movie,International Movies
s888,Movie,Dramas
s888,Movie,Independent Movies
s888,Movie,International Movies
s889,Movie,Dramas
s889,Movie,International Movies
s889,Movie,Sci-Fi & Fantasy
s890,Movie,Children & Family Movies
s891,Movie,Action & Adventure
s891,Movie,Comedies
s891,Movie,International Movies
s892,Movie,Dramas
s892,Movie,International Movies
s892,Movie,Thrillers
s893,Movie,Horror Movies
s893,Movie,International Movies
s893,Movie,Thrillers
s894,Movie,Dramas
s894,Movie,Independent Movies
s894,Movie,International Movies
s895,Movie,Children & Family Movies
s895,Movie,Music & Musicals
s896,Movie,Children & Family Movies
s896,Movie,Music & Musicals
s897,Movie,Children & Family Movies
s897,Movie,Music & Musicals
s898,Movie,Children & Family Movies
s898,Movie,Music & Musicals
s899,TV Show,International TV Shows
s899,TV Show,TV Comedies
s900,TV Show,Kids' TV
s900,TV Show,TV Comedies
s901,Movie,Comedies
s902,Movie,Comedies
s903,TV Show,British TV Shows
s903,TV Show,International TV Shows
s903,TV Show,Reality TV
s904,Movie,Children & Family Movies
s904,Movie,Comedies
s905,Movie,Action & Adventure
s906,Movie,Children & Family Movies
s906,Movie,Dramas
s907,TV Show,TV Comedies
s908,Movie,Comedies
s908,Movie,Romantic Movies
s909,Movie,Documentaries
s910,Movie,Children & Family Movies
s910,Movie,Comedies
s910,Movie,Music & Musicals
s911,Movie,Documentaries
s911,Movie,International Movies
s911,Movie,Music & Musicals
s912,Movie,Children & Family Movies
s912,Movie,Comedies
s913,Movie,Documentaries
s913,Movie,Music & Musicals
s914,Movie,Documentaries
s915,Movie,Stand-Up Comedy
s916,Movie,Stand-Up Comedy
s917,Movie,Stand-Up Comedy
s918,Movie,Stand-Up Comedy
s919,Movie,Stand-Up Comedy
s920,Movie,Stand-Up Comedy
s921,Movie,Documentaries
s922,Movie,Stand-Up Comedy
s923,Movie,Stand-Up Comedy
s924,Movie,Stand-Up Comedy
s925,TV Show,Stand-Up Comedy & Talk Shows
s926,Movie,Documentaries
s927,Movie,Dramas
s927,Movie,International Movies
s928,Movie,Dramas
s928,Movie,Independent Movies
s928,Movie,International Movies
s929,Movie,Documentaries
s929,Movie,Faith & Spirituality
s930,TV Show,International TV Shows
s930,TV Show,Reality TV
s930,TV Show,TV Comedies
s931,Movie,Dramas
s931,Movie,International Movies
s932,TV Show,International TV Shows
s932,TV Show,TV Dramas
s932,TV Show,TV Sci-Fi & Fantasy
s933,Movie,Dramas
s933,Movie,International Movies
s933,Movie,LGBTQ Movies
s934,Movie,Action & Adventure
s934,Movie,Comedies
s934,Movie,International Movies
s935,Movie,Dramas
s935,Movie,Sci-Fi & Fantasy
s935,Movie,Thrillers
s936,Movie,Documentaries
s936,Movie,International Movies
s937,Movie,Dramas
s937,Movie,International Movies
s937,Movie,Thrillers
s938,Movie,Comedies
s938,Movie,Independent Movies
s938,Movie,International Movies
s939,Movie,Comedies
s939,Movie,Dramas
s939,Movie,Independent Movies
s940,Movie,Action & Adventure
s940,Movie,Comedies
s940,Movie,International Movies
s941,TV Show,International TV Shows
s941,TV Show,TV Dramas
s941,TV Show,TV Horror
s942,TV Show,Crime TV Shows
s942,TV Show,International TV Shows
s942,TV Show,TV Dramas
s943,Movie,Comedies
s943,Movie,Dramas
s943,Movie,International Movies
s944,Movie,Comedies
s944,Movie,Dramas
s944,Movie,International Movies
s945,Movie,Action & Adventure
s945,Movie,International Movies
s946,Movie,Action & Adventure
s946,Movie,Dramas
s946,Movie,Independent Movies
s947,Movie,Dramas
s948,TV Show,Anime Series
s948,TV Show,International TV Shows
s949,TV Show,International TV Shows
s949,TV Show,TV Dramas
s950,TV Show,British TV Shows
s950,TV Show,International TV Shows
s950,TV Show,TV Dramas
s951,Movie,Dramas
s951,Movie,International Movies
s952,Movie,Action & Adventure
s952,Movie,Dramas
s953,TV Show,Crime TV Shows
s953,TV Show,International TV Shows
s953,TV Show,TV Dramas
s954,TV Show,Reality TV
s955,TV Show,TV Action & Adventure
s955,TV Show,TV Dramas
s955,TV Show,TV Sci-Fi & Fantasy
s956,Movie,Documentaries
s956,Movie,International Movies
s957,TV Show,British TV Shows
s957,TV Show,International TV Shows
s957,TV Show,TV Dramas
s958,Movie,Dramas
s958,Movie,International Movies
s958,Movie,Sci-Fi & Fantasy
s959,TV Show,Crime TV Shows
s959,TV Show,International TV Shows
s959,TV Show,TV Dramas
s960,Movie,Action & Adventure
s960,Movie,Sci-Fi & Fantasy
s961,Movie,Action & Adventure
s961,Movie,International Movies
s962,Movie,Action & Adventure
s962,Movie,Dramas
s962,Movie,International Movies
s963,Movie,Action & Adventure
s964,Movie,Dramas
s964,Movie,Independent Movies
s965,Movie,Dramas
s965,Movie,International Movies
s965,Movie,Thrillers
s966,TV Show,Crime TV Shows
s966,TV Show,International TV Shows
s966,TV Show,TV Dramas
s967,TV Show,TV Action & Adventure
s967,TV Show,TV Dramas
s967,TV Show,TV Horror
s968,Movie,Documentaries
s969,Movie,Documentaries
s969,Movie,Music & Musicals
s970,Movie,Thrillers
s971,Movie,Action & Adventure
s971,Movie,Anime Features
s971,Movie,International Movies
s972,Movie,Dramas
s972,Movie,Independent Movies
s972,Movie,Music & Musicals
s973,TV Show,International TV Shows
s973,TV Show,TV Action & Adventure
s973,TV Show,TV Comedies
s974,TV Show,Anime Series
s974,TV Show,International TV Shows
s975,Movie,Action & Adventure
s975,Movie,Anime Features
s975,Movie,Sci-Fi & Fantasy
s976,Movie,Action & Adventure
s976,Movie,Anime Features
s976,Movie,Sci-Fi & Fantasy
s977,Movie,Dramas
s977,Movie,Sports Movies
s978,Movie,Comedies
s978,Movie,Dramas
s978,Movie,International Movies
s979,Movie,Comedies
s979,Movie,International Movies
s979,Movie,Music & Musicals
s980,Movie,Action & Adventure
s980,Movie,Comedies
s980,Movie,International Movies
s981,TV Show,Reality TV
s982,Movie,Children & Family Movies
s983,Movie,Action & Adventure
s983,Movie,Comedies
s983,Movie,International Movies
s984,Movie,Comedies
s984,Movie,Independent Movies
s984,Movie,International Movies
s985,TV Show,International TV Shows
s985,TV Show,TV Dramas
s985,TV Show,TV Sci-Fi & Fantasy
s986,TV Show,International TV Shows
s986,TV Show,TV Dramas
s986,TV Show,TV Mysteries
s987,Movie,Action & Adventure
s987,Movie,International Movies
s988,Movie,Dramas
s988,Movie,International Movies
s988,Movie,Romantic Movies
s989,TV Show,Anime Series
s990,TV Show,Crime TV Shows
s990,TV Show,International TV Shows
s990,TV Show,TV Dramas
s991,Movie,Dramas
s991,Movie,Independent Movies
s991,Movie,International Movies
s992,TV Show,TV Dramas
s992,TV Show,TV Mysteries
s992,TV Show,TV Thrillers
s993,TV Show,International TV Shows
s993,TV Show,TV Horror
s993,TV Show,TV Mysteries
s994,Movie,Dramas
s995,TV Show,International TV Shows
s995,TV Show,Reality TV
s996,TV Show,Anime Series
s996,TV Show,International TV Shows
s997,Movie,Dramas
s997,Movie,Independent Movies
s997,Movie,International Movies
s998,Movie,Comedies
s998,Movie,Dramas
s998,Movie,Independent Movies
s999,Movie,Dramas
s999,Movie,Independent Movies
s999,Movie,Romantic Movies
s1000,Movie,Comedies
s1001,TV Show,British TV Shows
s1001,TV Show,Docuseries
s1001,TV Show,Science & Nature TV
s1002,Movie,Independent Movies
s1002,Movie,Thrillers
s1003,Movie,Action & Adventure
s1003,Movie,Comedies
s1004,Movie,Dramas
s1004,Movie,Independent Movies
s1004,Movie,Romantic Movies
s1005,Movie,Comedies
s1005,Movie,International Movies
s1005,Movie,Romantic Movies
s1006,Movie,Documentaries
s1007,TV Show,Anime Series
s1007,TV Show,International TV Shows
s1008,Movie,Documentaries
s1008,Movie,International Movies
s1008,Movie,Music & Musicals
s1009,Movie,Music & Musicals
s1009,Movie,Stand-Up Comedy
s1010,Movie,Stand-Up Comedy
s1011,TV Show,Kids' TV
s1012,Movie,Documentaries
s1013,TV Show,TV Shows
s1014,Movie,Children & Family Movies
s1015,Movie,Documentaries
s1016,Movie,Children & Family Movies
s1016,Movie,Comedies
s1017,Movie,Classic Movies
s1017,Movie,Dramas
s1017,Movie,International Movies
s1018,Movie,Comedies
s1018,Movie,Dramas
s1018,Movie,International Movies
s1019,TV Show,Docuseries
s1020,Movie,Documentaries
s1020,Movie,International Movies
s1020,Movie,Sports Movies
s1021,Movie,Documentaries
s1022,TV Show,Docuseries
s1022,TV Show,International TV Shows
s1022,TV Show,Spanish-Language TV Shows
s1023,Movie,Action & Adventure
s1023,Movie,Comedies
s1023,Movie,International Movies
s1024,Movie,Dramas
s1024,Movie,International Movies
s1025,Movie,Dramas
s1025,Movie,Independent Movies
s1025,Movie,International Movies
s1026,TV Show,TV Comedies
s1027,Movie,Movies
s1028,Movie,Dramas
s1028,Movie,Independent Movies
s1028,Movie,Sci-Fi & Fantasy
s1029,TV Show,International TV Shows
s1029,TV Show,Romantic TV Shows
s1029,TV Show,Spanish-Language TV Shows
s1030,Movie,Comedies
s1030,Movie,Dramas
s1030,Movie,International Movies
s1031,Movie,Children & Family Movies
s1031,Movie,Comedies
s1032,Movie,Comedies
s1032,Movie,Independent Movies
s1032,Movie,International Movies
s1033,Movie,Comedies
s1033,Movie,Dramas
s1033,Movie,International Movies
s1034,Movie,Dramas
s1034,Movie,International Movies
s1035,Movie,Dramas
s1036,Movie,Documentaries
s1037,Movie,Comedies
s1037,Movie,International Movies
s1038,Movie,Action & Adventure
s1038,Movie,Comedies
s1038,Movie,International Movies
s1039,Movie,Action & Adventure
s1039,Movie,Comedies
s1039,Movie,International Movies
s1040,TV Show,Reality TV
s1041,TV Show,TV Comedies
s1041,TV Show,TV Dramas
s1042,Movie,Action & Adventure
s1042,Movie,Classic Movies
s1042,Movie,Dramas
s1043,TV Show,International TV Shows
s1043,TV Show,TV Dramas
s1044,TV Show,Kids' TV
s1044,TV Show,TV Comedies
s1045,TV Show,Kids' TV
s1046,Movie,Action & Adventure
s1046,Movie,Dramas
s1046,Movie,International Movies
s1047,TV Show,Reality TV
s1048,TV Show,Crime TV Shows
s1048,TV Show,International TV Shows
s1048,TV Show,Reality TV
s1049,TV Show,British TV Shows
s1049,TV Show,TV Comedies
s1050,TV Show,Crime TV Shows
s1050,TV Show,International TV Shows
s1050,TV Show,TV Dramas
s1051,TV Show,Crime TV Shows
s1051,TV Show,International TV Shows
s1051,TV Show,TV Dramas
s1052,TV Show,International TV Shows
s1052,TV Show,TV Dramas
s1053,TV Show,International TV Shows
s1053,TV Show,TV Comedies
s1054,Movie,Comedies
s1054,Movie,Dramas
s1054,Movie,International Movies
s1055,Movie,Documentaries
s1055,Movie,International Movies
s1056,Movie,Documentaries
s1056,Movie,International Movies
s1057,Movie,Documentaries
s1057,Movie,Sports Movies
s1058,Movie,Documentaries
s1058,Movie,Sports Movies
s1059,Movie,Documentaries
s1059,Movie,International Movies
s1060,Movie,Action & Adventure
s1060,Movie,Comedies
s1060,Movie,Dramas
s1061,Movie,Dramas
s1061,Movie,International Movies
s1061,Movie,Music & Musicals
s1062,TV Show,British TV Shows
s1062,TV Show,Docuseries
s1062,TV Show,International TV Shows
s1063,TV Show,British TV Shows
s1063,TV Show,Kids' TV
s1064,Movie,Dramas
s1064,Movie,Independent Movies
s1064,Movie,Thrillers
s1065,TV Show,International TV Shows
s1065,TV Show,TV Dramas
s1065,TV Show,TV Sci-Fi & Fantasy
s1066,Movie,Comedies
s1066,Movie,International Movies
s1067,Movie,Children & Family Movies
s1068,Movie,Comedies
s1068,Movie,Romantic Movies
s1069,Movie,International Movies
s1069,Movie,Thrillers
s1070,Movie,Action & Adventure
s1071,TV Show,International TV Shows
s1071,TV Show,Korean TV Shows
s1071,TV Show,Romantic TV Shows
s1072,Movie,Stand-Up Comedy
s1073,Movie,Comedies
s1073,Movie,Independent Movies
s1073,Movie,International Movies
s1074,TV Show,Docuseries
s1074,TV Show,Science & Nature TV
s1075,Movie,Dramas
s1075,Movie,Independent Movies
s1075,Movie,International Movies
s1076,TV Show,Kids' TV
s1077,Movie,Dramas
s1077,Movie,Romantic Movies
s1077,Movie,Sports Movies
s1078,Movie,Children & Family Movies
s1078,Movie,Comedies
s1079,Movie,Documentaries
s1079,Movie,International Movies
s1080,TV Show,Crime TV Shows
s1080,TV Show,Docuseries
s1081,Movie,Comedies
s1081,Movie,Independent Movies
s1082,Movie,Action & Adventure
s1083,TV Show,Reality TV
s1084,TV Show,Kids' TV
s1084,TV Show,TV Comedies
s1085,Movie,Comedies
s1085,Movie,Dramas
s1085,Movie,International Movies
s1086,TV Show,Docuseries
s1086,TV Show,Spanish-Language TV Shows
s1087,Movie,Comedies
s1087,Movie,International Movies
s1087,Movie,Music & Musicals
s1088,Movie,Comedies
s1088,Movie,International Movies
s1088,Movie,Romantic Movies
s1089,TV Show,Docuseries
s1090,TV Show,Crime TV Shows
s1090,TV Show,TV Dramas
s1090,TV Show,TV Thrillers
s1091,Movie,Documentaries
s1091,Movie,International Movies
s1091,Movie,LGBTQ Movies
s1092,Movie,Comedies
s1092,Movie,International Movies
s1093,TV Show,International TV Shows
s1093,TV Show,TV Dramas
s1094,Movie,Dramas
s1094,Movie,Sports Movies
s1095,Movie,Documentaries
s1096,TV Show,TV Comedies
s1097,Movie,Stand-Up Comedy
s1098,Movie,Independent Movies
s1098,Movie,Thrillers
s1099,Movie,Comedies
s1099,Movie,International Movies
s1099,Movie,Romantic Movies
s1100,Movie,Comedies
s1100,Movie,Dramas
s1100,Movie,International Movies
s1101,TV Show,Romantic TV Shows
s1101,TV Show,TV Dramas
s1102,Movie,Stand-Up Comedy
s1103,Movie,Action & Adventure
s1103,Movie,Sci-Fi & Fantasy
s1104,TV Show,TV Shows
s1105,Movie,Comedies
s1105,Movie,Dramas
s1105,Movie,International Movies
s1106,TV Show,International TV Shows
s1106,TV Show,Korean TV Shows
s1106,TV Show,Romantic TV Shows
s1107,Movie,Comedies
s1108,TV Show,International TV Shows
s1108,TV Show,Reality TV
s1109,TV Show,British TV Shows
s1109,TV Show,Crime TV Shows
s1109,TV Show,International TV Shows
s1110,TV Show,Docuseries
s1111,TV Show,International TV Shows
s1111,TV Show,Romantic TV Shows
s1111,TV Show,TV Comedies
s1112,Movie,Dramas
s1112,Movie,Thrillers
s1113,Movie,Dramas
s1113,Movie,Independent Movies
s1113,Movie,International Movies
s1114,Movie,Comedies
s1114,Movie,International Movies
s1114,Movie,Romantic Movies
s1115,Movie,Dramas
s1115,Movie,Independent Movies
s1116,TV Show,Crime TV Shows
s1116,TV Show,International TV Shows
s1116,TV Show,TV Dramas
s1117,Movie,Action & Adventure
s1117,Movie,International Movies
s1118,Movie,Action & Adventure
s1118,Movie,Dramas
s1118,Movie,International Movies
s1119,TV Show,TV Comedies
s1120,Movie,Children & Family Movies
s1120,Movie,Comedies
s1121,Movie,Children & Family Movies
s1121,Movie,Comedies
s1122,Movie,Children & Family Movies
s1122,Movie,Comedies
s1123,Movie,Dramas
s1123,Movie,International Movies
s1124,Movie,Comedies
s1124,Movie,International Movies
s1125,TV Show,International TV Shows
s1125,TV Show,TV Dramas
s1126,TV Show,British TV Shows
s1126,TV Show,Kids' TV
s1127,Movie,Comedies
s1127,Movie,Dramas
s1127,Movie,Independent Movies
s1128,TV Show,Kids' TV
s1128,TV Show,TV Comedies
s1129,Movie,Movies
s1130,Movie,Dramas
s1130,Movie,Independent Movies
s1130,Movie,International Movies
s1131,Movie,Action & Adventure
s1131,Movie,International Movies
s1132,Movie,Documentaries
s1132,Movie,International Movies
s1133,Movie,Horror Movies
s1133,Movie,International Movies
s1134,Movie,Dramas
s1134,Movie,Independent Movies
s1134,Movie,International Movies
s1135,Movie,International Movies
s1135,Movie,Thrillers
s1136,Movie,Action & Adventure
s1136,Movie,Comedies
s1137,Movie,Independent Movies
s1137,Movie,Thrillers
s1138,Movie,Documentaries
s1139,TV Show,Stand-Up Comedy & Talk Shows
s1139,TV Show,TV Comedies
s1140,TV Show,Kids' TV
s1140,TV Show,TV Comedies
s1141,TV Show,Kids' TV
s1142,Movie,Dramas
s1142,Movie,Romantic Movies
s1143,Movie,Documentaries
s1144,Movie,Action & Adventure
s1144,Movie,International Movies
s1145,TV Show,International TV Shows
s1145,TV Show,TV Dramas
s1146,Movie,Dramas
s1146,Movie,Independent Movies
s1146,Movie,International Movies
s1147,Movie,Dramas
s1148,Movie,Dramas
s1148,Movie,Independent Movies
s1149,TV Show,British TV Shows
s1149,TV Show,TV Comedies
s1150,Movie,Action & Adventure
s1150,Movie,Independent Movies
s1151,TV Show,Crime TV Shows
s1151,TV Show,International TV Shows
s1151,TV Show,Korean TV Shows
s1152,Movie,Independent Movies
s1152,Movie,Thrillers
s1153,Movie,Classic Movies
s1153,Movie,Dramas
s1153,Movie,Romantic Movies
s1154,Movie,Action & Adventure
s1154,Movie,International Movies
s1155,Movie,Dramas
s1155,Movie,International Movies
s1155,Movie,LGBTQ Movies
s1156,Movie,Dramas
s1156,Movie,Romantic Movies
s1157,Movie,Comedies
s1157,Movie,Dramas
s1157,Movie,International Movies
s1158,Movie,Comedies
s1158,Movie,International Movies
s1158,Movie,Romantic Movies
s1159,Movie,International Movies
s1159,Movie,Thrillers
s1160,Movie,Action & Adventure
s1160,Movie,Comedies
s1160,Movie,International Movies
s1161,Movie,Dramas
s1161,Movie,Independent Movies
s1161,Movie,International Movies
s1162,Movie,Horror Movies
s1162,Movie,Thrillers
s1163,TV Show,British TV Shows
s1163,TV Show,International TV Shows
s1163,TV Show,Reality TV
s1164,TV Show,International TV Shows
s1164,TV Show,Romantic TV Shows
s1164,TV Show,Spanish-Language TV Shows
s1165,Movie,Horror Movies
s1165,Movie,International Movies
s1166,TV Show,Anime Series
s1166,TV Show,International TV Shows
s1167,Movie,Dramas
s1167,Movie,International Movies
s1167,Movie,Sports Movies
s1168,Movie,Comedies
s1168,Movie,International Movies
s1168,Movie,Romantic Movies
s1169,TV Show,International TV Shows
s1169,TV Show,Korean TV Shows
s1169,TV Show,Romantic TV Shows
s1170,Movie,Classic Movies
s1170,Movie,Dramas
s1170,Movie,International Movies
s1171,Movie,Comedies
s1171,Movie,Dramas
s1171,Movie,International Movies
s1172,Movie,Dramas
s1172,Movie,International Movies
s1173,Movie,Dramas
s1173,Movie,International Movies
s1173,Movie,Thrillers
s1174,TV Show,Kids' TV
s1175,TV Show,Kids' TV
s1176,Movie,Children & Family Movies
s1177,Movie,Children & Family Movies
s1178,Movie,Children & Family Movies
s1179,TV Show,International TV Shows
s1179,TV Show,TV Dramas
s1180,TV Show,International TV Shows
s1180,TV Show,Spanish-Language TV Shows
s1180,TV Show,TV Dramas
s1181,TV Show,International TV Shows
s1181,TV Show,TV Comedies
s1181,TV Show,TV Dramas
s1182,TV Show,British TV Shows
s1182,TV Show,International TV Shows
s1182,TV Show,TV Dramas
s1183,Movie,Documentaries
s1183,Movie,Sports Movies
s1184,Movie,Horror Movies
s1184,Movie,Independent Movies
s1184,Movie,Thrillers
s1185,TV Show,Docuseries
s1185,TV Show,International TV Shows
s1185,TV Show,Spanish-Language TV Shows
s1186,Movie,Documentaries
s1186,Movie,International Movies
s1186,Movie,Music & Musicals
s1187,TV Show,Crime TV Shows
s1187,TV Show,Romantic TV Shows
s1187,TV Show,Spanish-Language TV Shows
s1188,Movie,Comedies
s1188,Movie,Dramas
s1189,Movie,Children & Family Movies
s1189,Movie,Comedies
s1189,Movie,Dramas
s1190,TV Show,Docuseries
s1191,Movie,Dramas
s1191,Movie,Independent Movies
s1192,TV Show,International TV Shows
s1192,TV Show,Korean TV Shows
s1192,TV Show,Romantic TV Shows
s1193,TV Show,International TV Shows
s1193,TV Show,TV Comedies
s1193,TV Show,TV Dramas
s1194,TV Show,TV Comedies
s1194,TV Show,TV Dramas
s1195,Movie,Comedies
s1195,Movie,Romantic Movies
s1196,Movie,Comedies
s1196,Movie,Dramas
s1196,Movie,International Movies
s1197,Movie,Comedies
s1197,Movie,International Movies
s1197,Movie,Romantic Movies
s1198,Movie,Children & Family Movies
s1198,Movie,Dramas
s1198,Movie,Romantic Movies
s1199,TV Show,International TV Shows
s1199,TV Show,TV Dramas
s1199,TV Show,Teen TV Shows
s1200,Movie,Dramas
s1200,Movie,Independent Movies
s1200,Movie,International Movies
s1201,Movie,Cult Movies
s1201,Movie,Horror Movies
s1202,TV Show,Crime TV Shows
s1202,TV Show,International TV Shows
s1202,TV Show,TV Dramas
s1203,TV Show,Anime Series
s1203,TV Show,International TV Shows
s1204,Movie,Children & Family Movies
s1204,Movie,Dramas
s1205,Movie,Documentaries
s1206,Movie,Comedies
s1206,Movie,Dramas
s1206,Movie,International Movies
s1207,Movie,Children & Family Movies
s1207,Movie,Comedies
s1208,Movie,Children & Family Movies
s1208,Movie,Comedies
s1209,TV Show,Crime TV Shows
s1209,TV Show,Docuseries
s1210,TV Show,Reality TV
s1211,Movie,Dramas
s1211,Movie,International Movies
s1211,Movie,Thrillers
s1212,Movie,Dramas
s1212,Movie,International Movies
s1213,TV Show,Anime Series
s1213,TV Show,International TV Shows
s1214,TV Show,Kids' TV
s1215,TV Show,Kids' TV
s1216,Movie,Comedies
s1216,Movie,Dramas
s1216,Movie,Independent Movies
s1217,Movie,Dramas
s1217,Movie,International Movies
s1218,Movie,Comedies
s1218,Movie,Dramas
s1218,Movie,Independent Movies
s1219,Movie,Documentaries
s1219,Movie,LGBTQ Movies
s1220,Movie,Stand-Up Comedy
s1221,Movie,Stand-Up Comedy
s1222,TV Show,Crime TV Shows
s1222,TV Show,Docuseries
s1222,TV Show,International TV Shows
s1223,TV Show,Kids' TV
s1223,TV Show,TV Thrillers
s1224,Movie,Children & Family Movies
s1225,Movie,Dramas
s1225,Movie,LGBTQ Movies
s1225,Movie,Romantic Movies
s1226,TV Show,Anime Series
s1226,TV Show,International TV Shows
s1226,TV Show,Teen TV Shows
s1227,Movie,Classic Movies
s1227,Movie,Cult Movies
s1227,Movie,Horror Movies
s1228,Movie,Comedies
s1228,Movie,Dramas
s1229,Movie,Horror Movies
s1229,Movie,Sci-Fi & Fantasy
s1229,Movie,Thrillers
s1230,Movie,Comedies
s1231,Movie,Documentaries
s1231,Movie,International Movies
s1232,TV Show,Crime TV Shows
s1232,TV Show,International TV Shows
s1232,TV Show,TV Dramas
s1233,Movie,Horror Movies
s1233,Movie,Thrillers
s1234,TV Show,Anime Series
s1234,TV Show,Crime TV Shows
s1234,TV Show,TV Thrillers
s1235,Movie,Action & Adventure
s1236,Movie,Action & Adventure
s1236,Movie,Dramas
s1236,Movie,International Movies
s1237,Movie,Action & Adventure
s1237,Movie,Dramas
s1237,Movie,International Movies
s1238,Movie,Documentaries
s1239,TV Show,International TV Shows
s1239,TV Show,TV Dramas
s1240,TV Show,International TV Shows
s1240,TV Show,Romantic TV Shows
s1240,TV Show,TV Comedies
s1241,TV Show,Anime Series
s1241,TV Show,TV Horror
s1241,TV Show,TV Thrillers
s1242,Movie,Classic Movies
s1242,Movie,Dramas
s1243,Movie,Dramas
s1244,Movie,Comedies
s1244,Movie,International Movies
s1244,Movie,Romantic Movies
s1245,Movie,Documentaries
s1246,Movie,Comedies
s1246,Movie,Independent Movies
s1247,TV Show,International TV Shows
s1247,TV Show,Spanish-Language TV Shows
s1247,TV Show,TV Dramas
s1248,Movie,Children & Family Movies
s1248,Movie,Comedies
s1249,Movie,Documentaries
s1249,Movie,International Movies
s1250,TV Show,British TV Shows
s1250,TV Show,Crime TV Shows
s1250,TV Show,Docuseries
s1251,Movie,Action & Adventure
s1251,Movie,International Movies
s1251,Movie,Thrillers
s1252,Movie,Stand-Up Comedy
s1253,Movie,Dramas
s1253,Movie,International Movies
s1254,TV Show,Anime Series
s1254,TV Show,Teen TV Shows
s1255,Movie,Documentaries
s1255,Movie,International Movies
s1256,Movie,Children & Family Movies
s1256,Movie,Dramas
s1256,Movie,International Movies
s1257,Movie,Dramas
s1258,Movie,Dramas
s1258,Movie,International Movies
s1258,Movie,Romantic Movies
s1259,Movie,Dramas
s1259,Movie,Faith & Spirituality
s1259,Movie,International Movies
s1260,Movie,Comedies
s1260,Movie,International Movies
s1260,Movie,Romantic Movies
s1261,Movie,Comedies
s1261,Movie,Dramas
s1261,Movie,International Movies
s1262,Movie,Comedies
s1262,Movie,Dramas
s1262,Movie,International Movies
s1263,Movie,Comedies
s1263,Movie,International Movies
s1263,Movie,Romantic Movies
s1264,Movie,Comedies
s1264,Movie,Dramas
s1264,Movie,International Movies
s1265,TV Show,Docuseries
s1265,TV Show,Science & Nature TV
s1266,Movie,Dramas
s1266,Movie,International Movies
s1266,Movie,Romantic Movies
s1267,Movie,Comedies
s1267,Movie,Dramas
s1267,Movie,International Movies
s1268,Movie,Comedies
s1268,Movie,International Movies
s1268,Movie,Sci-Fi & Fantasy
s1269,TV Show,TV Horror
s1269,TV Show,TV Mysteries
s1269,TV Show,Teen TV Shows
s1270,Movie,Dramas
s1270,Movie,International Movies
s1271,TV Show,TV Comedies
s1272,Movie,Comedies
s1272,Movie,Dramas
s1272,Movie,International Movies
s1273,Movie,Documentaries
s1273,Movie,International Movies
s1274,Movie,Dramas
s1275,Movie,Dramas
s1275,Movie,International Movies
s1275,Movie,Romantic Movies
s1276,Movie,Dramas
s1277,Movie,Action & Adventure
s1277,Movie,Sci-Fi & Fantasy
s1278,TV Show,International TV Shows
s1278,TV Show,TV Dramas
s1279,TV Show,International TV Shows
s1279,TV Show,TV Dramas
s1280,Movie,Children & Family Movies
s1280,Movie,Comedies
s1281,Movie,Action & Adventure
s1281,Movie,Comedies
s1282,Movie,Action & Adventure
s1282,Movie,Comedies
s1283,TV Show,Kids' TV
s1284,Movie,Children & Family Movies
s1284,Movie,Classic Movies
s1285,TV Show,TV Dramas
s1285,TV Show,TV Sci-Fi & Fantasy
s1286,Movie,Children & Family Movies
s1286,Movie,Comedies
s1287,Movie,Comedies
s1287,Movie,International Movies
s1287,Movie,Music & Musicals
s1288,Movie,Comedies
s1288,Movie,International Movies
s1288,Movie,Music & Musicals
s1289,Movie,Comedies
s1289,Movie,Cult Movies
s1289,Movie,Dramas
s1290,TV Show,Reality TV
s1290,TV Show,Teen TV Shows
s1291,Movie,Documentaries
s1292,TV Show,Docuseries
s1292,TV Show,Reality TV
s1292,TV Show,Science & Nature TV
s1293,Movie,Action & Adventure
s1293,Movie,Dramas
s1293,Movie,International Movies
s1294,Movie,Documentaries
s1294,Movie,Music & Musicals
s1295,Movie,Dramas
s1295,Movie,International Movies
s1296,Movie,Dramas
s1296,Movie,Independent Movies
s1296,Movie,International Movies
s1297,TV Show,International TV Shows
s1297,TV Show,Reality TV
s1298,TV Show,International TV Shows
s1298,TV Show,TV Comedies
s1298,TV Show,TV Dramas
s1299,TV Show,Docuseries
s1299,TV Show,Reality TV
s1299,TV Show,Teen TV Shows
s1300,TV Show,Reality TV
s1300,TV Show,Teen TV Shows
s1301,TV Show,Classic & Cult TV
s1301,TV Show,TV Comedies
s1302,TV Show,International TV Shows
s1302,TV Show,Korean TV Shows
s1302,TV Show,Romantic TV Shows
s1303,Movie,Comedies
s1303,Movie,Independent Movies
s1304,TV Show,International TV Shows
s1304,TV Show,Korean TV Shows
s1304,TV Show,Reality TV
s1305,TV Show,Docuseries
s1305,TV Show,Reality TV
s1306,TV Show,Docuseries
s1306,TV Show,Reality TV
s1307,TV Show,Docuseries
s1308,TV Show,Stand-Up Comedy & Talk Shows
s1308,TV Show,TV Comedies
s1309,TV Show,Docuseries
s1309,TV Show,Science & Nature TV
s1310,Movie,Stand-Up Comedy
s1311,Movie,Stand-Up Comedy
s1312,Movie,Action & Adventure
s1312,Movie,Comedies
s1312,Movie,International Movies
s1313,Movie,Horror Movies
s1313,Movie,Thrillers
s1314,TV Show,International TV Shows
s1314,TV Show,Stand-Up Comedy & Talk Shows
s1314,TV Show,TV Comedies
s1315,TV Show,British TV Shows
s1315,TV Show,TV Comedies
s1316,TV Show,British TV Shows
s1316,TV Show,International TV Shows
s1316,TV Show,Romantic TV Shows
s1317,TV Show,Kids' TV
s1318,Movie,Children & Family Movies
s1319,Movie,Movies
s1320,Movie,Children & Family Movies
s1321,Movie,Movies
s1322,TV Show,Kids' TV
s1323,Movie,Children & Family Movies
s1324,TV Show,International TV Shows
s1324,TV Show,Korean TV Shows
s1324,TV Show,Romantic TV Shows
s1325,Movie,Comedies
s1325,Movie,International Movies
s1326,Movie,Children & Family Movies
s1326,Movie,Comedies
s1327,TV Show,Docuseries
s1328,Movie,Children & Family Movies
s1329,TV Show,Kids' TV
s1330,Movie,Comedies
s1330,Movie,Dramas
s1330,Movie,International Movies
s1331,TV Show,International TV Shows
s1331,TV Show,Korean TV Shows
s1331,TV Show,TV Dramas
s1332,Movie,Cult Movies
s1332,Movie,Horror Movies
s1333,TV Show,International TV Shows
s1333,TV Show,TV Dramas
s1333,TV Show,TV Thrillers
s1334,Movie,Documentaries
s1335,Movie,Anime Features
s1336,TV Show,Anime Series
s1336,TV Show,International TV Shows
s1337,TV Show,TV Shows
s1338,Movie,Children & Family Movies
s1338,Movie,Comedies
s1338,Movie,Dramas
s1339,TV Show,TV Horror
s1339,TV Show,TV Mysteries
s1339,TV Show,TV Sci-Fi & Fantasy
s1340,Movie,Action & Adventure
s1340,Movie,International Movies
s1341,Movie,Stand-Up Comedy
s1342,TV Show,Kids' TV
s1343,Movie,Comedies
s1343,Movie,Dramas
s1343,Movie,Independent Movies
s1344,Movie,Dramas
s1344,Movie,Independent Movies
s1344,Movie,International Movies
s1345,Movie,Children & Family Movies
s1345,Movie,Classic Movies
s1345,Movie,Comedies
s1346,Movie,Independent Movies
s1346,Movie,Thrillers
s1347,TV Show,International TV Shows
s1347,TV Show,Korean TV Shows
s1347,TV Show,Romantic TV Shows
s1348,Movie,Dramas
s1349,Movie,Dramas
s1349,Movie,International Movies
s1350,Movie,Comedies
s1350,Movie,Dramas
s1350,Movie,Independent Movies
s1351,TV Show,Crime TV Shows
s1351,TV Show,International TV Shows
s1351,TV Show,TV Action & Adventure
s1352,Movie,Documentaries
s1352,Movie,Music & Musicals
s1353,Movie,Stand-Up Comedy
s1354,Movie,Stand-Up Comedy
s1355,Movie,Stand-Up Comedy
s1356,Movie,Stand-Up Comedy
s1357,Movie,Stand-Up Comedy
s1358,Movie,Stand-Up Comedy
s1359,Movie,Comedies
s1359,Movie,Faith & Spirituality
s1359,Movie,Romantic Movies
s1360,TV Show,Docuseries
s1361,Movie,Stand-Up Comedy
s1362,Movie,Dramas
s1362,Movie,Independent Movies
s1363,Movie,Children & Family Movies
s1363,Movie,Comedies
s1364,Movie,Comedies
s1364,Movie,International Movies
s1364,Movie,Thrillers
s1365,Movie,Comedies
s1365,Movie,Romantic Movies
s1366,Movie,Dramas
s1367,Movie,Children & Family Movies
s1367,Movie,Dramas
s1367,Movie,Romantic Movies
s1368,Movie,Dramas
s1368,Movie,International Movies
s1368,Movie,Romantic Movies
s1369,Movie,Comedies
s1370,Movie,Comedies
s1370,Movie,International Movies
s1370,Movie,Romantic Movies
s1371,Movie,Comedies
s1371,Movie,Dramas
s1371,Movie,Romantic Movies
s1372,Movie,International Movies
s1372,Movie,Romantic Movies
s1373,Movie,Children & Family Movies
s1373,Movie,Comedies
s1374,Movie,Children & Family Movies
s1374,Movie,Comedies
s1374,Movie,Dramas
s1375,Movie,Comedies
s1375,Movie,Dramas
s1375,Movie,Independent Movies
s1376,Movie,Dramas
s1376,Movie,International Movies
s1376,Movie,Thrillers
s1377,TV Show,Kids' TV
s1378,TV Show,Kids' TV
s1379,Movie,Children & Family Movies
s1380,Movie,Children & Family Movies
s1381,Movie,Children & Family Movies
s1382,Movie,Children & Family Movies
s1383,TV Show,Kids' TV
s1384,Movie,Comedies
s1384,Movie,Dramas
s1384,Movie,International Movies
s1385,Movie,Comedies
s1385,Movie,International Movies
s1386,Movie,Classic Movies
s1386,Movie,Comedies
s1386,Movie,International Movies
s1387,TV Show,British TV Shows
s1387,TV Show,International TV Shows
s1387,TV Show,Reality TV
s1388,Movie,Action & Adventure
s1388,Movie,Dramas
s1388,Movie,International Movies
s1389,Movie,Comedies
s1389,Movie,Dramas
s1389,Movie,International Movies
s1390,TV Show,International TV Shows
s1390,TV Show,Korean TV Shows
s1390,TV Show,Romantic TV Shows
s1391,TV Show,International TV Shows
s1391,TV Show,Romantic TV Shows
s1391,TV Show,TV Dramas
s1392,TV Show,International TV Shows
s1392,TV Show,Romantic TV Shows
s1392,TV Show,TV Dramas
s1393,TV Show,International TV Shows
s1393,TV Show,Romantic TV Shows
s1393,TV Show,TV Dramas
s1394,TV Show,International TV Shows
s1394,TV Show,TV Dramas
s1395,Movie,Dramas
s1395,Movie,Independent Movies
s1395,Movie,Sci-Fi & Fantasy
s1396,Movie,Documentaries
s1396,Movie,LGBTQ Movies
s1397,Movie,Action & Adventure
s1397,Movie,Horror Movies
s1397,Movie,Sci-Fi & Fantasy
s1398,Movie,Dramas
s1398,Movie,International Movies
s1399,Movie,Dramas
s1399,Movie,Independent Movies
s1399,Movie,International Movies
s1400,TV Show,British TV Shows
s1400,TV Show,Docuseries
s1400,TV Show,Science & Nature TV
s1401,Movie,Dramas
s1401,Movie,Independent Movies
s1401,Movie,International Movies
s1402,Movie,Documentaries
s1402,Movie,International Movies
s1403,Movie,Documentaries
s1404,Movie,Dramas
s1404,Movie,International Movies
s1404,Movie,Thrillers
s1405,TV Show,British TV Shows
s1405,TV Show,Docuseries
s1406,Movie,Dramas
s1406,Movie,International Movies
s1407,TV Show,Anime Series
s1407,TV Show,Teen TV Shows
s1408,Movie,Documentaries
s1408,Movie,Music & Musicals
s1409,Movie,Action & Adventure
s1409,Movie,Sci-Fi & Fantasy
s1410,Movie,Dramas
s1411,Movie,Dramas
s1411,Movie,International Movies
s1411,Movie,Thrillers
s1412,Movie,Comedies
s1413,TV Show,Docuseries
s1413,TV Show,International TV Shows
s1414,TV Show,Kids' TV
s1415,Movie,Action & Adventure
s1415,Movie,Classic Movies
s1416,TV Show,TV Dramas
s1416,TV Show,TV Sci-Fi & Fantasy
s1416,TV Show,TV Thrillers
s1417,Movie,Comedies
s1417,Movie,Sci-Fi & Fantasy
s1418,TV Show,British TV Shows
s1418,TV Show,Crime TV Shows
s1418,TV Show,Docuseries
s1419,Movie,Horror Movies
s1419,Movie,Thrillers
s1420,Movie,Documentaries
s1420,Movie,Music & Musicals
s1421,Movie,Action & Adventure
s1421,Movie,International Movies
s1422,Movie,Dramas
s1422,Movie,International Movies
s1423,TV Show,Crime TV Shows
s1423,TV Show,International TV Shows
s1423,TV Show,TV Dramas
s1424,Movie,Dramas
s1424,Movie,Thrillers
s1425,Movie,Action & Adventure
s1425,Movie,Cult Movies
s1425,Movie,Dramas
s1426,Movie,Dramas
s1426,Movie,International Movies
s1427,Movie,Children & Family Movies
s1427,Movie,Comedies
s1427,Movie,Sci-Fi & Fantasy
s1428,Movie,Children & Family Movies
s1428,Movie,Comedies
s1429,Movie,Action & Adventure
s1429,Movie,Horror Movies
s1429,Movie,Sci-Fi & Fantasy
s1430,Movie,Movies
s1431,TV Show,International TV Shows
s1431,TV Show,Spanish-Language TV Shows
s1431,TV Show,TV Comedies
s1432,TV Show,International TV Shows
s1432,TV Show,Romantic TV Shows
s1432,TV Show,TV Dramas
s1433,TV Show,International TV Shows
s1433,TV Show,Romantic TV Shows
s1433,TV Show,TV Dramas
s1434,TV Show,International TV Shows
s1434,TV Show,Romantic TV Shows
s1434,TV Show,TV Comedies
s1435,TV Show,International TV Shows
s1435,TV Show,Romantic TV Shows
s1435,TV Show,TV Dramas
s1436,TV Show,International TV Shows
s1436,TV Show,Romantic TV Shows
s1436,TV Show,TV Comedies
s1437,TV Show,International TV Shows
s1437,TV Show,Romantic TV Shows
s1437,TV Show,TV Dramas
s1438,TV Show,International TV Shows
s1438,TV Show,Spanish-Language TV Shows
s1438,TV Show,TV Comedies
s1439,Movie,Dramas
s1439,Movie,Sports Movies
s1440,TV Show,Docuseries
s1440,TV Show,Reality TV
s1441,TV Show,TV Action & Adventure
s1441,TV Show,TV Dramas
s1442,TV Show,British TV Shows
s1442,TV Show,Crime TV Shows
s1442,TV Show,Docuseries
s1443,TV Show,Crime TV Shows
s1443,TV Show,International TV Shows
s1443,TV Show,Spanish-Language TV Shows
s1444,Movie,Stand-Up Comedy
s1445,TV Show,Kids' TV
s1446,TV Show,Kids' TV
s1446,TV Show,Korean TV Shows
s1447,Movie,Action & Adventure
s1447,Movie,Independent Movies
s1447,Movie,International Movies
s1448,TV Show,Anime Series
s1448,TV Show,International TV Shows
s1449,TV Show,Kids' TV
s1450,Movie,Action & Adventure
s1450,Movie,Comedies
s1451,Movie,Action & Adventure
s1451,Movie,Comedies
s1452,Movie,Documentaries
s1452,Movie,International Movies
s1453,Movie,Comedies
s1453,Movie,Independent Movies
s1453,Movie,International Movies
s1454,Movie,Children & Family Movies
s1454,Movie,Dramas
s1455,TV Show,Crime TV Shows
s1455,TV Show,Docuseries
s1456,TV Show,Crime TV Shows
s1456,TV Show,Docuseries
s1457,Movie,Dramas
s1457,Movie,International Movies
s1457,Movie,Romantic Movies
s1458,Movie,Action & Adventure
s1458,Movie,Dramas
s1458,Movie,International Movies
s1459,Movie,Stand-Up Comedy
s1460,Movie,Stand-Up Comedy
s1461,Movie,Stand-Up Comedy
s1462,Movie,Comedies
s1462,Movie,Dramas
s1462,Movie,Independent Movies
s1463,TV Show,British TV Shows
s1463,TV Show,Crime TV Shows
s1463,TV Show,International TV Shows
s1464,TV Show,International TV Shows
s1464,TV Show,Romantic TV Shows
s1464,TV Show,TV Comedies
s1465,Movie,Dramas
s1465,Movie,Independent Movies
s1465,Movie,International Movies
s1466,TV Show,TV Action & Adventure
s1466,TV Show,TV Dramas
s1466,TV Show,TV Sci-Fi & Fantasy
s1467,TV Show,International TV Shows
s1467,TV Show,Korean TV Shows
s1467,TV Show,Romantic TV Shows
s1468,Movie,Dramas
s1468,Movie,International Movies
s1469,Movie,Dramas
s1469,Movie,Thrillers
s1470,Movie,Dramas
s1470,Movie,Faith & Spirituality
s1470,Movie,Independent Movies
s1471,TV Show,Stand-Up Comedy & Talk Shows
s1471,TV Show,TV Comedies
s1472,TV Show,Stand-Up Comedy & Talk Shows
s1472,TV Show,TV Comedies
s1473,TV Show,Stand-Up Comedy & Talk Shows
s1473,TV Show,TV Comedies
s1474,TV Show,International TV Shows
s1474,TV Show,TV Comedies
s1475,Movie,Documentaries
s1476,TV Show,TV Comedies
s1477,Movie,Comedies
s1477,Movie,International Movies
s1477,Movie,Music & Musicals
s1478,Movie,Action & Adventure
s1478,Movie,Dramas
s1478,Movie,International Movies
s1479,Movie,Dramas
s1479,Movie,Thrillers
s1480,TV Show,Docuseries
s1480,TV Show,TV Comedies
s1481,Movie,Documentaries
s1481,Movie,International Movies
s1481,Movie,Sports Movies
s1482,Movie,Dramas
s1482,Movie,Independent Movies
s1482,Movie,LGBTQ Movies
s1483,Movie,Horror Movies
s1483,Movie,International Movies
s1483,Movie,Thrillers
s1484,TV Show,Docuseries
s1484,TV Show,Science & Nature TV
s1485,Movie,Documentaries
s1485,Movie,Sports Movies
s1486,Movie,Dramas
s1486,Movie,International Movies
s1486,Movie,Thrillers
s1487,Movie,Dramas
s1487,Movie,International Movies
s1487,Movie,Thrillers
s1488,TV Show,British TV Shows
s1488,TV Show,Docuseries
s1489,TV Show,TV Dramas
s1489,TV Show,TV Thrillers
s1490,Movie,Action & Adventure
s1490,Movie,Dramas
s1490,Movie,Independent Movies
s1491,TV Show,International TV Shows
s1491,TV Show,Spanish-Language TV Shows
s1491,TV Show,TV Dramas
s1492,TV Show,Crime TV Shows
s1492,TV Show,Docuseries
s1493,Movie,Dramas
s1493,Movie,International Movies
s1494,Movie,Comedies
s1494,Movie,International Movies
s1494,Movie,Romantic Movies
s1495,TV Show,Docuseries
s1496,TV Show,Reality TV
s1497,TV Show,Reality TV
s1498,Movie,Classic Movies
s1498,Movie,Dramas
s1499,Movie,Children & Family Movies
s1499,Movie,Comedies
s1500,Movie,Thrillers
s1501,Movie,Documentaries
s1501,Movie,International Movies
s1502,Movie,Dramas
s1503,Movie,Children & Family Movies
s1504,TV Show,Docuseries
s1504,TV Show,Science & Nature TV
s1505,Movie,Dramas
s1505,Movie,International Movies
s1505,Movie,Sci-Fi & Fantasy
s1506,Movie,Documentaries
s1506,Movie,International Movies
s1507,Movie,Dramas
s1507,Movie,Thrillers
s1508,Movie,Documentaries
s1508,Movie,Sports Movies
s1509,TV Show,Reality TV
s1510,Movie,Dramas
s1510,Movie,International Movies
s1510,Movie,Romantic Movies
s1511,Movie,Comedies
s1511,Movie,Dramas
s1511,Movie,International Movies
s1512,TV Show,Crime TV Shows
s1512,TV Show,Docuseries
s1512,TV Show,International TV Shows
s1513,Movie,Documentaries
s1513,Movie,Faith & Spirituality
s1513,Movie,Music & Musicals
s1514,Movie,Documentaries
s1515,Movie,Documentaries
s1516,Movie,Documentaries
s1517,Movie,Stand-Up Comedy
s1518,Movie,Dramas
s1518,Movie,Independent Movies
s1519,TV Show,International TV Shows
s1519,TV Show,Korean TV Shows
s1519,TV Show,Romantic TV Shows
s1520,TV Show,British TV Shows
s1520,TV Show,International TV Shows
s1520,TV Show,Romantic TV Shows
s1521,Movie,Comedies
s1521,Movie,Dramas
s1521,Movie,International Movies
s1522,Movie,Comedies
s1522,Movie,Dramas
s1522,Movie,International Movies
s1523,TV Show,British TV Shows
s1523,TV Show,International TV Shows
s1523,TV Show,Reality TV
s1524,TV Show,Romantic TV Shows
s1524,TV Show,TV Comedies
s1525,Movie,Comedies
s1525,Movie,International Movies
s1525,Movie,Thrillers
s1526,TV Show,International TV Shows
s1526,TV Show,TV Dramas
s1527,TV Show,British TV Shows
s1527,TV Show,International TV Shows
s1527,TV Show,TV Comedies
s1528,Movie,Comedies
s1528,Movie,Dramas
s1528,Movie,Independent Movies
s1529,Movie,Documentaries
s1530,TV Show,Kids' TV
s1530,TV Show,Spanish-Language TV Shows
s1531,Movie,Horror Movies
s1531,Movie,Independent Movies
s1531,Movie,Thrillers
s1532,Movie,Horror Movies
s1532,Movie,Independent Movies
s1532,Movie,Thrillers
s1533,TV Show,British TV Shows
s1533,TV Show,Kids' TV
s1533,TV Show,TV Thrillers
s1534,TV Show,Docuseries
s1534,TV Show,International TV Shows
s1535,TV Show,Crime TV Shows
s1535,TV Show,International TV Shows
s1535,TV Show,Spanish-Language TV Shows
s1536,TV Show,Crime TV Shows
s1536,TV Show,International TV Shows
s1536,TV Show,Spanish-Language TV Shows
s1537,TV Show,Crime TV Shows
s1537,TV Show,International TV Shows
s1537,TV Show,TV Action & Adventure
s1538,TV Show,Crime TV Shows
s1538,TV Show,TV Dramas
s1538,TV Show,TV Mysteries
s1539,TV Show,Crime TV Shows
s1539,TV Show,International TV Shows
s1539,TV Show,TV Dramas
s1540,TV Show,Crime TV Shows
s1540,TV Show,International TV Shows
s1540,TV Show,TV Dramas
s1541,TV Show,Crime TV Shows
s1541,TV Show,International TV Shows
s1541,TV Show,Spanish-Language TV Shows
s1542,TV Show,British TV Shows
s1542,TV Show,Crime TV Shows
s1542,TV Show,International TV Shows
s1543,Movie,Documentaries
s1544,Movie,Stand-Up Comedy
s1545,Movie,Documentaries
s1546,Movie,Dramas
s1546,Movie,International Movies
s1547,Movie,Action & Adventure
s1547,Movie,International Movies
s1547,Movie,Romantic Movies
s1548,Movie,Action & Adventure
s1548,Movie,Romantic Movies
s1549,Movie,Documentaries
s1550,TV Show,British TV Shows
s1550,TV Show,International TV Shows
s1550,TV Show,TV Comedies
s1551,Movie,Dramas
s1551,Movie,International Movies
s1551,Movie,Romantic Movies
s1552,Movie,Horror Movies
s1553,Movie,Documentaries
s1553,Movie,International Movies
s1554,TV Show,Kids' TV
s1554,TV Show,TV Comedies
s1555,TV Show,International TV Shows
s1555,TV Show,TV Dramas
s1555,TV Show,TV Horror
s1556,TV Show,TV Action & Adventure
s1556,TV Show,TV Dramas
s1556,TV Show,TV Sci-Fi & Fantasy
s1557,Movie,Dramas
s1557,Movie,International Movies
s1558,Movie,Dramas
s1558,Movie,Thrillers
s1559,Movie,Documentaries
s1560,Movie,Dramas
s1560,Movie,International Movies
s1561,TV Show,Anime Series
s1561,TV Show,International TV Shows
s1562,TV Show,Anime Series
s1562,TV Show,International TV Shows
s1563,Movie,Comedies
s1563,Movie,Dramas
s1563,Movie,International Movies
s1564,Movie,Stand-Up Comedy
s1565,Movie,Stand-Up Comedy
s1566,TV Show,International TV Shows
s1566,TV Show,Romantic TV Shows
s1566,TV Show,TV Dramas
s1567,TV Show,International TV Shows
s1567,TV Show,Romantic TV Shows
s1567,TV Show,TV Dramas
s1568,Movie,Comedies
s1568,Movie,International Movies
s1569,Movie,Comedies
s1569,Movie,International Movies
s1570,Movie,Action & Adventure
s1570,Movie,Dramas
s1571,Movie,Movies
s1572,Movie,Action & Adventure
s1572,Movie,Dramas
s1572,Movie,International Movies
s1573,Movie,Horror Movies
s1573,Movie,International Movies
s1574,Movie,Horror Movies
s1574,Movie,International Movies
s1575,Movie,Horror Movies
s1575,Movie,International Movies
s1576,Movie,Dramas
s1577,Movie,Children & Family Movies
s1577,Movie,Comedies
s1577,Movie,Dramas
s1578,TV Show,British TV Shows
s1578,TV Show,Classic & Cult TV
s1578,TV Show,TV Comedies
s1579,Movie,Children & Family Movies
s1579,Movie,Comedies
s1580,Movie,Dramas
s1580,Movie,Independent Movies
s1580,Movie,LGBTQ Movies
s1581,Movie,Action & Adventure
s1581,Movie,Horror Movies
s1581,Movie,International Movies
s1582,Movie,Dramas
s1582,Movie,International Movies
s1583,Movie,Dramas
s1583,Movie,Independent Movies
s1583,Movie,International Movies
s1584,Movie,Dramas
s1584,Movie,Independent Movies
s1584,Movie,LGBTQ Movies
s1585,TV Show,Crime TV Shows
s1585,TV Show,TV Dramas
s1586,Movie,Stand-Up Comedy
s1587,TV Show,Kids' TV
s1588,TV Show,International TV Shows
s1588,TV Show,Romantic TV Shows
s1588,TV Show,TV Dramas
s1589,Movie,Dramas
s1589,Movie,International Movies
s1590,Movie,Children & Family Movies
s1590,Movie,Documentaries
s1591,TV Show,International TV Shows
s1591,TV Show,Romantic TV Shows
s1591,TV Show,TV Comedies
s1592,TV Show,Reality TV
s1593,Movie,Dramas
s1593,Movie,Independent Movies
s1593,Movie,International Movies
s1594,Movie,Documentaries
s1595,TV Show,Crime TV Shows
s1595,TV Show,International TV Shows
s1595,TV Show,Spanish-Language TV Shows
s1596,Movie,Dramas
s1596,Movie,International Movies
s1596,Movie,Sports Movies
s1597,TV Show,British TV Shows
s1597,TV Show,Kids' TV
s1598,TV Show,British TV Shows
s1598,TV Show,Kids' TV
s1598,TV Show,TV Comedies
s1599,Movie,Thrillers
s1600,TV Show,British TV Shows
s1600,TV Show,Docuseries
s1601,TV Show,Stand-Up Comedy & Talk Shows
s1601,TV Show,TV Comedies
s1602,Movie,Stand-Up Comedy
s1603,Movie,Stand-Up Comedy
s1604,Movie,Documentaries
s1604,Movie,Music & Musicals
s1605,Movie,Action & Adventure
s1606,Movie,Horror Movies
s1606,Movie,International Movies
s1607,Movie,Stand-Up Comedy
s1608,Movie,Action & Adventure
s1608,Movie,Independent Movies
s1609,TV Show,Crime TV Shows
s1609,TV Show,TV Dramas
s1609,TV Show,TV Thrillers
s1610,Movie,Dramas
s1610,Movie,Independent Movies
s1610,Movie,Romantic Movies
s1611,TV Show,Crime TV Shows
s1611,TV Show,International TV Shows
s1611,TV Show,TV Dramas
s1612,Movie,Dramas
s1612,Movie,International Movies
s1612,Movie,Thrillers
s1613,Movie,Dramas
s1613,Movie,Thrillers
s1614,TV Show,Crime TV Shows
s1614,TV Show,International TV Shows
s1614,TV Show,Spanish-Language TV Shows
s1615,Movie,Horror Movies
s1615,Movie,Independent Movies
s1615,Movie,International Movies
s1616,Movie,Horror Movies
s1616,Movie,Independent Movies
s1616,Movie,Sci-Fi & Fantasy
s1617,TV Show,TV Sci-Fi & Fantasy
s1617,TV Show,TV Thrillers
s1618,Movie,Dramas
s1618,Movie,International Movies
s1618,Movie,Thrillers
s1619,Movie,Horror Movies
s1619,Movie,Sci-Fi & Fantasy
s1620,TV Show,Docuseries
s1620,TV Show,International TV Shows
s1621,Movie,Classic Movies
s1621,Movie,Dramas
s1621,Movie,International Movies
s1622,Movie,Horror Movies
s1622,Movie,International Movies
s1622,Movie,Thrillers
s1623,TV Show,International TV Shows
s1623,TV Show,TV Horror
s1623,TV Show,TV Thrillers
s1624,Movie,Dramas
s1624,Movie,International Movies
s1625,TV Show,Romantic TV Shows
s1625,TV Show,TV Comedies
s1625,TV Show,TV Dramas
s1626,TV Show,Reality TV
s1626,TV Show,Romantic TV Shows
s1627,TV Show,International TV Shows
s1627,TV Show,Reality TV
s1627,TV Show,Romantic TV Shows
s1628,TV Show,Docuseries
s1629,Movie,Classic Movies
s1629,Movie,Dramas
s1629,Movie,Independent Movies
s1630,TV Show,Stand-Up Comedy & Talk Shows
s1630,TV Show,TV Comedies
s1631,TV Show,Stand-Up Comedy & Talk Shows
s1631,TV Show,TV Comedies
s1632,Movie,Stand-Up Comedy
s1633,Movie,Stand-Up Comedy
s1634,Movie,Documentaries
s1635,Movie,Stand-Up Comedy
s1636,Movie,Comedies
s1636,Movie,International Movies
s1637,Movie,Stand-Up Comedy
s1638,Movie,Documentaries
s1638,Movie,Music & Musicals
s1639,TV Show,International TV Shows
s1639,TV Show,TV Dramas
s1640,TV Show,Kids' TV
s1641,TV Show,Romantic TV Shows
s1641,TV Show,TV Dramas
s1641,TV Show,Teen TV Shows
s1642,TV Show,Crime TV Shows
s1642,TV Show,International TV Shows
s1642,TV Show,TV Dramas
s1643,Movie,Horror Movies
s1643,Movie,Independent Movies
s1644,TV Show,TV Action & Adventure
s1644,TV Show,TV Comedies
s1644,TV Show,TV Horror
s1645,TV Show,International TV Shows
s1645,TV Show,TV Dramas
s1646,Movie,Dramas
s1646,Movie,Independent Movies
s1647,TV Show,Kids' TV
s1648,TV Show,TV Action & Adventure
s1648,TV Show,TV Sci-Fi & Fantasy
s1649,Movie,Comedies
s1649,Movie,International Movies
s1650,Movie,Documentaries
s1651,Movie,Comedies
s1652,Movie,Dramas
s1652,Movie,International Movies
s1652,Movie,Thrillers
s1653,TV Show,British TV Shows
s1653,TV Show,TV Horror
s1653,TV Show,TV Thrillers
s1654,TV Show,TV Comedies
s1654,TV Show,TV Dramas
s1655,Movie,Horror Movies
s1656,Movie,Independent Movies
s1656,Movie,International Movies
s1656,Movie,Thrillers
s1657,Movie,Dramas
s1657,Movie,Thrillers
s1658,Movie,Independent Movies
s1658,Movie,Thrillers
s1659,TV Show,Crime TV Shows
s1659,TV Show,International TV Shows
s1659,TV Show,TV Dramas
s1660,TV Show,Docuseries
s1661,Movie,Comedies
s1661,Movie,Dramas
s1661,Movie,Independent Movies
s1662,Movie,Comedies
s1662,Movie,Dramas
s1662,Movie,Independent Movies
s1663,Movie,Children & Family Movies
s1663,Movie,Comedies
s1664,Movie,Comedies
s1664,Movie,Dramas
s1664,Movie,International Movies
s1665,TV Show,International TV Shows
s1665,TV Show,Korean TV Shows
s1665,TV Show,TV Dramas
s1666,Movie,Comedies
s1666,Movie,Romantic Movies
s1667,TV Show,TV Comedies
s1667,TV Show,TV Dramas
s1668,Movie,Comedies
s1668,Movie,Dramas
s1668,Movie,International Movies
s1669,Movie,Comedies
s1670,TV Show,Reality TV
s1671,Movie,Comedies
s1671,Movie,International Movies
s1672,Movie,Horror Movies
s1673,Movie,Horror Movies
s1673,Movie,Thrillers
s1674,Movie,Horror Movies
s1675,Movie,Action & Adventure
s1676,Movie,Comedies
s1677,Movie,International Movies
s1677,Movie,Sports Movies
s1678,Movie,Comedies
s1678,Movie,International Movies
s1679,Movie,Comedies
s1679,Movie,Dramas
s1679,Movie,International Movies
s1680,Movie,Children & Family Movies
s1680,Movie,Comedies
s1681,TV Show,Crime TV Shows
s1681,TV Show,Docuseries
s1682,TV Show,Crime TV Shows
s1682,TV Show,International TV Shows
s1682,TV Show,TV Dramas
s1683,Movie,Comedies
s1683,Movie,Dramas
s1683,Movie,International Movies
s1684,Movie,International Movies
s1684,Movie,Thrillers
s1685,Movie,Stand-Up Comedy
s1686,Movie,Action & Adventure
s1686,Movie,Dramas
s1687,Movie,Documentaries
s1688,TV Show,International TV Shows
s1688,TV Show,TV Dramas
s1688,TV Show,Teen TV Shows
s1689,Movie,Comedies
s1689,Movie,Dramas
s1689,Movie,Independent Movies
s1690,Movie,Dramas
s1690,Movie,International Movies
s1691,Movie,Action & Adventure
s1691,Movie,Comedies
s1691,Movie,International Movies
s1692,TV Show,Crime TV Shows
s1692,TV Show,International TV Shows
s1692,TV Show,TV Dramas
s1693,Movie,Comedies
s1693,Movie,International Movies
s1693,Movie,Romantic Movies
s1694,Movie,Comedies
s1694,Movie,International Movies
s1695,Movie,Horror Movies
s1695,Movie,Thrillers
s1696,TV Show,Reality TV
s1697,Movie,Stand-Up Comedy
s1698,Movie,Stand-Up Comedy
s1699,Movie,Documentaries
s1699,Movie,International Movies
s1700,TV Show,Crime TV Shows
s1700,TV Show,International TV Shows
s1700,TV Show,TV Dramas
s1701,Movie,Horror Movies
s1701,Movie,Independent Movies
s1702,Movie,Action & Adventure
s1703,Movie,Stand-Up Comedy
s1704,TV Show,British TV Shows
s1704,TV Show,Kids' TV
s1704,TV Show,TV Comedies
s1705,Movie,Stand-Up Comedy
s1706,Movie,Stand-Up Comedy
s1707,TV Show,British TV Shows
s1707,TV Show,International TV Shows
s1707,TV Show,TV Comedies
s1708,Movie,International Movies
s1709,Movie,Movies
s1710,Movie,Movies
s1711,TV Show,British TV Shows
s1711,TV Show,International TV Shows
s1711,TV Show,TV Comedies
s1712,TV Show,Crime TV Shows
s1712,TV Show,TV Dramas
s1712,TV Show,TV Thrillers
s1713,TV Show,International TV Shows
s1713,TV Show,Korean TV Shows
s1713,TV Show,TV Dramas
s1714,Movie,Dramas
s1714,Movie,International Movies
s1714,Movie,Romantic Movies
s1715,Movie,Dramas
s1715,Movie,Thrillers
s1716,Movie,Horror Movies
s1716,Movie,Thrillers
s1717,Movie,Comedies
s1717,Movie,Romantic Movies
s1718,Movie,Comedies
s1718,Movie,International Movies
s1719,Movie,Comedies
s1719,Movie,International Movies
s1719,Movie,Romantic Movies
s1720,Movie,Dramas
s1720,Movie,International Movies
s1721,TV Show,International TV Shows
s1721,TV Show,TV Dramas
s1721,TV Show,TV Horror
s1722,Movie,Action & Adventure
s1722,Movie,International Movies
s1723,Movie,Thrillers
s1724,Movie,Dramas
s1725,Movie,Dramas
s1725,Movie,International Movies
s1725,Movie,Romantic Movies
s1726,Movie,Thrillers
s1727,Movie,Dramas
s1727,Movie,International Movies
s1728,Movie,Horror Movies
s1728,Movie,Sci-Fi & Fantasy
s1728,Movie,Thrillers
s1729,TV Show,Anime Series
s1729,TV Show,International TV Shows
s1729,TV Show,TV Horror
s1730,TV Show,International TV Shows
s1731,Movie,Dramas
s1731,Movie,International Movies
s1732,TV Show,Crime TV Shows
s1732,TV Show,TV Dramas
s1732,TV Show,TV Mysteries
s1733,Movie,Action & Adventure
s1733,Movie,Comedies
s1733,Movie,International Movies
s1734,Movie,Dramas
s1734,Movie,Music & Musicals
s1734,Movie,Sports Movies
s1735,Movie,Comedies
s1735,Movie,Dramas
s1735,Movie,Independent Movies
s1736,Movie,Comedies
s1736,Movie,Dramas
s1736,Movie,International Movies
s1737,TV Show,International TV Shows
s1737,TV Show,TV Dramas
s1737,TV Show,TV Sci-Fi & Fantasy
s1738,Movie,Children & Family Movies
s1738,Movie,Dramas
s1738,Movie,International Movies
s1739,TV Show,International TV Shows
s1739,TV Show,TV Dramas
s1740,Movie,Dramas
s1740,Movie,International Movies
s1741,Movie,Comedies
s1741,Movie,International Movies
s1741,Movie,Music & Musicals
s1742,Movie,Action & Adventure
s1742,Movie,International Movies
s1742,Movie,Sci-Fi & Fantasy
s1743,TV Show,International TV Shows
s1743,TV Show,Spanish-Language TV Shows
s1743,TV Show,TV Action & Adventure
s1744,TV Show,Docuseries
s1744,TV Show,Science & Nature TV
s1745,TV Show,Crime TV Shows
s1745,TV Show,International TV Shows
s1745,TV Show,TV Dramas
s1746,TV Show,International TV Shows
s1746,TV Show,Romantic TV Shows
s1746,TV Show,TV Dramas
s1747,Movie,Dramas
s1747,Movie,International Movies
s1748,Movie,Documentaries
s1749,Movie,Documentaries
s1749,Movie,International Movies
s1750,Movie,Dramas
s1750,Movie,International Movies
s1751,Movie,Documentaries
s1752,Movie,Action & Adventure
s1753,Movie,International Movies
s1753,Movie,Thrillers
s1754,Movie,Stand-Up Comedy
s1755,Movie,Children & Family Movies
s1756,Movie,Children & Family Movies
s1757,Movie,Comedies
s1757,Movie,Dramas
s1757,Movie,International Movies
s1758,Movie,Comedies
s1758,Movie,Dramas
s1758,Movie,International Movies
s1759,Movie,Comedies
s1759,Movie,Dramas
s1759,Movie,International Movies
s1760,Movie,Dramas
s1760,Movie,International Movies
s1760,Movie,Music & Musicals
s1761,Movie,Dramas
s1761,Movie,International Movies
s1761,Movie,Romantic Movies
s1762,Movie,International Movies
s1762,Movie,Music & Musicals
s1762,Movie,Romantic Movies
s1763,Movie,Dramas
s1763,Movie,International Movies
s1763,Movie,Romantic Movies
s1764,Movie,Dramas
s1764,Movie,International Movies
s1764,Movie,Romantic Movies
s1765,Movie,Action & Adventure
s1765,Movie,Dramas
s1765,Movie,International Movies
s1766,TV Show,Stand-Up Comedy & Talk Shows
s1767,Movie,Comedies
s1768,TV Show,Anime Series
s1768,TV Show,Kids' TV
s1769,TV Show,Docuseries
s1769,TV Show,Science & Nature TV
s1770,TV Show,Anime Series
s1770,TV Show,Kids' TV
s1771,TV Show,Kids' TV
s1772,TV Show,Kids' TV
s1773,TV Show,Crime TV Shows
s1773,TV Show,TV Dramas
s1773,TV Show,TV Mysteries
s1774,TV Show,Crime TV Shows
s1774,TV Show,Docuseries
s1775,TV Show,International TV Shows
s1775,TV Show,TV Dramas
s1775,TV Show,TV Mysteries
s1776,Movie,Action & Adventure
s1776,Movie,International Movies
s1777,Movie,Documentaries
s1777,Movie,LGBTQ Movies
s1778,Movie,Cult Movies
s1778,Movie,Dramas
s1778,Movie,International Movies
s1779,Movie,Comedies
s1779,Movie,International Movies
s1779,Movie,Romantic Movies
s1780,Movie,Documentaries
s1781,TV Show,TV Action & Adventure
s1781,TV Show,TV Comedies
s1781,TV Show,TV Sci-Fi & Fantasy
s1782,TV Show,TV Comedies
s1783,Movie,Thrillers
s1784,Movie,Action & Adventure
s1784,Movie,International Movies
s1784,Movie,Sci-Fi & Fantasy
s1785,TV Show,British TV Shows
s1785,TV Show,Reality TV
s1786,Movie,Dramas
s1786,Movie,Independent Movies
s1786,Movie,International Movies
s1787,Movie,Children & Family Movies
s1787,Movie,Comedies
s1788,Movie,Action & Adventure
s1788,Movie,Dramas
s1789,Movie,Dramas
s1789,Movie,International Movies
s1790,TV Show,International TV Shows
s1790,TV Show,Romantic TV Shows
s1790,TV Show,TV Comedies
s1791,Movie,Comedies
s1791,Movie,International Movies
s1792,Movie,Dramas
s1792,Movie,Independent Movies
s1792,Movie,International Movies
s1793,TV Show,British TV Shows
s1793,TV Show,International TV Shows
s1793,TV Show,Romantic TV Shows
s1794,Movie,Classic Movies
s1794,Movie,Dramas
s1794,Movie,Romantic Movies
s1795,TV Show,TV Comedies
s1796,Movie,Dramas
s1796,Movie,Thrillers
s1797,TV Show,Docuseries
s1798,TV Show,Crime TV Shows
s1798,TV Show,International TV Shows
s1798,TV Show,TV Dramas
s1799,Movie,Comedies
s1799,Movie,Dramas
s1800,TV Show,International TV Shows
s1800,TV Show,TV Dramas
s1801,Movie,Dramas
s1801,Movie,Independent Movies
s1801,Movie,International Movies
s1802,Movie,Documentaries
s1802,Movie,Music & Musicals
s1803,TV Show,TV Dramas
s1804,Movie,Children & Family Movies
s1804,Movie,Music & Musicals
s1805,Movie,Children & Family Movies
s1806,Movie,Children & Family Movies
s1806,Movie,Dramas
s1807,Movie,International Movies
s1807,Movie,Thrillers
s1808,Movie,Action & Adventure
s1808,Movie,International Movies
s1809,Movie,Action & Adventure
s1809,Movie,International Movies
s1809,Movie,Music & Musicals
s1810,Movie,Comedies
s1810,Movie,Independent Movies
s1811,Movie,Comedies
s1812,Movie,Horror Movies
s1813,Movie,Action & Adventure
s1813,Movie,Documentaries
s1813,Movie,International Movies
s1814,Movie,Action & Adventure
s1814,Movie,Documentaries
s1814,Movie,International Movies
s1815,Movie,Action & Adventure
s1815,Movie,Documentaries
s1815,Movie,International Movies
s1816,TV Show,Crime TV Shows
s1816,TV Show,Docuseries
s1817,Movie,Comedies
s1817,Movie,International Movies
s1817,Movie,Romantic Movies
s1818,Movie,Comedies
s1818,Movie,International Movies
s1818,Movie,Romantic Movies
s1819,Movie,Horror Movies
s1819,Movie,International Movies
s1820,Movie,Documentaries
s1820,Movie,International Movies
s1821,Movie,Comedies
s1821,Movie,Dramas
s1821,Movie,Independent Movies
s1822,Movie,Horror Movies
s1822,Movie,International Movies
s1823,Movie,Stand-Up Comedy
s1824,Movie,Dramas
s1824,Movie,Thrillers
s1825,Movie,Action & Adventure
s1825,Movie,Horror Movies
s1825,Movie,Sci-Fi & Fantasy
s1826,Movie,Action & Adventure
s1826,Movie,Horror Movies
s1826,Movie,Sci-Fi & Fantasy
s1827,TV Show,Reality TV
s1827,TV Show,Science & Nature TV
s1828,Movie,Comedies
s1828,Movie,International Movies
s1829,TV Show,Crime TV Shows
s1829,TV Show,Docuseries
s1830,Movie,Dramas
s1830,Movie,International Movies
s1830,Movie,Romantic Movies
s1831,TV Show,Anime Series
s1831,TV Show,International TV Shows
s1832,Movie,Comedies
s1832,Movie,Dramas
s1832,Movie,International Movies
s1833,Movie,Children & Family Movies
s1833,Movie,Comedies
s1833,Movie,Dramas
s1834,Movie,Thrillers
s1835,Movie,Action & Adventure
s1835,Movie,International Movies
s1836,Movie,Action & Adventure
s1836,Movie,Comedies
s1836,Movie,International Movies
s1837,Movie,Dramas
s1837,Movie,Faith & Spirituality
s1838,Movie,Dramas
s1838,Movie,International Movies
s1839,Movie,Documentaries
s1840,TV Show,Docuseries
s1840,TV Show,Reality TV
s1840,TV Show,Science & Nature TV
s1841,Movie,Stand-Up Comedy
s1842,Movie,Children & Family Movies
s1842,Movie,Comedies
s1843,Movie,Children & Family Movies
s1843,Movie,Comedies
s1844,Movie,Children & Family Movies
s1845,TV Show,British TV Shows
s1845,TV Show,International TV Shows
s1845,TV Show,TV Dramas
s1846,TV Show,Anime Series
s1846,TV Show,International TV Shows
s1847,Movie,Action & Adventure
s1847,Movie,Anime Features
s1847,Movie,Children & Family Movies
s1848,Movie,Action & Adventure
s1848,Movie,International Movies
s1849,TV Show,Anime Series
s1849,TV Show,International TV Shows
s1850,Movie,Action & Adventure
s1850,Movie,Sci-Fi & Fantasy
s1851,Movie,Action & Adventure
s1851,Movie,Sci-Fi & Fantasy
s1852,Movie,Action & Adventure
s1852,Movie,Sci-Fi & Fantasy
s1853,Movie,Action & Adventure
s1853,Movie,Sci-Fi & Fantasy
s1854,Movie,Action & Adventure
s1854,Movie,Sci-Fi & Fantasy
s1855,Movie,Children & Family Movies
s1856,Movie,Children & Family Movies
s1856,Movie,Comedies
s1857,TV Show,Kids' TV
s1857,TV Show,TV Action & Adventure
s1858,TV Show,Kids' TV
s1858,TV Show,TV Comedies
s1859,Movie,Children & Family Movies
s1859,Movie,Comedies
s1860,Movie,Children & Family Movies
s1860,Movie,Comedies
s1861,Movie,Children & Family Movies
s1861,Movie,Comedies
s1862,TV Show,Romantic TV Shows
s1862,TV Show,TV Comedies
s1862,TV Show,TV Dramas
s1863,Movie,Documentaries
s1864,Movie,Documentaries
s1864,Movie,International Movies
s1864,Movie,LGBTQ Movies
s1865,TV Show,Reality TV
s1866,Movie,Documentaries
s1867,TV Show,Kids' TV
s1867,TV Show,TV Comedies
s1868,TV Show,Kids' TV
s1868,TV Show,TV Comedies
s1869,Movie,Children & Family Movies
s1869,Movie,Comedies
s1869,Movie,Music & Musicals
s1870,TV Show,Kids' TV
s1870,TV Show,TV Action & Adventure
s1870,TV Show,TV Sci-Fi & Fantasy
s1871,TV Show,Kids' TV
s1871,TV Show,TV Action & Adventure
s1871,TV Show,TV Comedies
s1872,TV Show,Kids' TV
s1872,TV Show,TV Action & Adventure
s1872,TV Show,TV Comedies
s1873,TV Show,Kids' TV
s1873,TV Show,TV Comedies
s1874,TV Show,Kids' TV
s1874,TV Show,TV Comedies
s1875,Movie,Documentaries
s1875,Movie,International Movies
s1876,TV Show,Anime Series
s1876,TV Show,International TV Shows
s1877,Movie,Comedies
s1877,Movie,International Movies
s1878,Movie,Dramas
s1878,Movie,International Movies
s1878,Movie,Thrillers
s1879,Movie,Action & Adventure
s1879,Movie,International Movies
s1880,Movie,Dramas
s1881,TV Show,Reality TV
s1882,TV Show,Crime TV Shows
s1882,TV Show,Docuseries
s1883,TV Show,Crime TV Shows
s1883,TV Show,International TV Shows
s1883,TV Show,Spanish-Language TV Shows
s1884,TV Show,Crime TV Shows
s1884,TV Show,Docuseries
s1885,Movie,Comedies
s1886,Movie,Dramas
s1886,Movie,Independent Movies
s1886,Movie,International Movies
s1887,Movie,Dramas
s1887,Movie,International Movies
s1888,Movie,Dramas
s1888,Movie,Independent Movies
s1888,Movie,LGBTQ Movies
s1889,Movie,Children & Family Movies
s1889,Movie,Comedies
s1890,Movie,Comedies
s1890,Movie,Dramas
s1890,Movie,Independent Movies
s1891,TV Show,Crime TV Shows
s1891,TV Show,International TV Shows
s1891,TV Show,Spanish-Language TV Shows
s1892,Movie,Dramas
s1892,Movie,Independent Movies
s1892,Movie,International Movies
s1893,Movie,Action & Adventure
s1893,Movie,Dramas
s1893,Movie,International Movies
s1894,Movie,Comedies
s1895,Movie,Comedies
s1895,Movie,Dramas
s1895,Movie,Independent Movies
s1896,Movie,Action & Adventure
s1896,Movie,Dramas
s1896,Movie,International Movies
s1897,Movie,Comedies
s1897,Movie,Dramas
s1897,Movie,International Movies
s1898,TV Show,Anime Series
s1898,TV Show,Crime TV Shows
s1898,TV Show,International TV Shows
s1899,Movie,Dramas
s1899,Movie,International Movies
s1900,Movie,Documentaries
s1900,Movie,International Movies
s1901,TV Show,TV Dramas
s1902,Movie,Documentaries
s1903,Movie,Documentaries
s1904,Movie,Dramas
s1904,Movie,International Movies
s1904,Movie,Thrillers
s1905,Movie,Children & Family Movies
s1905,Movie,Sci-Fi & Fantasy
s1906,TV Show,Kids' TV
s1907,TV Show,British TV Shows
s1907,TV Show,Docuseries
s1907,TV Show,Science & Nature TV
s1908,TV Show,British TV Shows
s1908,TV Show,Docuseries
s1908,TV Show,Science & Nature TV
s1909,Movie,Dramas
s1909,Movie,Romantic Movies
s1910,Movie,Dramas
s1911,TV Show,TV Comedies
s1911,TV Show,TV Dramas
s1912,TV Show,TV Comedies
s1912,TV Show,TV Dramas
s1913,Movie,Comedies
s1913,Movie,Romantic Movies
s1914,TV Show,International TV Shows
s1914,TV Show,Romantic TV Shows
s1914,TV Show,TV Comedies
s1915,Movie,Dramas
s1915,Movie,Romantic Movies
s1916,Movie,International Movies
s1916,Movie,Thrillers
s1917,Movie,Documentaries
s1917,Movie,Music & Musicals
s1918,Movie,Documentaries
s1918,Movie,Sports Movies
s1919,Movie,Stand-Up Comedy
s1920,Movie,Stand-Up Comedy
s1921,TV Show,Crime TV Shows
s1921,TV Show,Kids' TV
s1922,Movie,Independent Movies
s1922,Movie,Thrillers
s1923,Movie,Comedies
s1923,Movie,Dramas
s1923,Movie,Independent Movies
s1924,TV Show,British TV Shows
s1924,TV Show,Docuseries
s1924,TV Show,Science & Nature TV
s1925,TV Show,International TV Shows
s1925,TV Show,Spanish-Language TV Shows
s1925,TV Show,TV Dramas
s1926,Movie,Stand-Up Comedy
s1927,Movie,Stand-Up Comedy
s1928,Movie,Comedies
s1928,Movie,International Movies
s1929,Movie,Dramas
s1929,Movie,International Movies
s1929,Movie,Romantic Movies
s1930,Movie,Horror Movies
s1930,Movie,International Movies
s1931,Movie,Dramas
s1931,Movie,International Movies
s1931,Movie,Romantic Movies
s1932,Movie,Dramas
s1932,Movie,International Movies
s1932,Movie,Romantic Movies
s1933,Movie,Dramas
s1933,Movie,International Movies
s1934,TV Show,Docuseries
s1934,TV Show,International TV Shows
s1935,Movie,Comedies
s1935,Movie,International Movies
s1936,Movie,Dramas
s1936,Movie,Independent Movies
s1936,Movie,International Movies
s1937,Movie,Dramas
s1937,Movie,International Movies
s1937,Movie,Thrillers
s1938,Movie,Dramas
s1938,Movie,International Movies
s1938,Movie,Music & Musicals
s1939,Movie,International Movies
s1939,Movie,Music & Musicals
s1939,Movie,Thrillers
s1940,Movie,Comedies
s1940,Movie,Dramas
s1940,Movie,International Movies
s1941,Movie,Comedies
s1941,Movie,International Movies
s1941,Movie,Romantic Movies
s1942,Movie,Dramas
s1942,Movie,International Movies
s1943,Movie,Action & Adventure
s1944,TV Show,International TV Shows
s1944,TV Show,Romantic TV Shows
s1944,TV Show,Spanish-Language TV Shows
s1945,Movie,Comedies
s1945,Movie,Dramas
s1946,Movie,Dramas
s1946,Movie,Thrillers
s1947,TV Show,Crime TV Shows
s1947,TV Show,International TV Shows
s1947,TV Show,Spanish-Language TV Shows
s1948,TV Show,Crime TV Shows
s1948,TV Show,International TV Shows
s1948,TV Show,Spanish-Language TV Shows
s1949,TV Show,Crime TV Shows
s1949,TV Show,Spanish-Language TV Shows
s1949,TV Show,TV Action & Adventure
s1950,TV Show,Classic & Cult TV
s1950,TV Show,Kids' TV
s1950,TV Show,Spanish-Language TV Shows
s1951,Movie,Documentaries
s1951,Movie,International Movies
s1952,TV Show,Romantic TV Shows
s1952,TV Show,Spanish-Language TV Shows
s1952,TV Show,TV Dramas
s1953,Movie,Comedies
s1953,Movie,International Movies
s1954,Movie,Dramas
s1954,Movie,International Movies
s1955,TV Show,Crime TV Shows
s1955,TV Show,International TV Shows
s1955,TV Show,Spanish-Language TV Shows
s1956,TV Show,Crime TV Shows
s1956,TV Show,International TV Shows
s1956,TV Show,Spanish-Language TV Shows
s1957,Movie,Stand-Up Comedy
s1958,Movie,Documentaries
s1958,Movie,International Movies
s1959,Movie,Documentaries
s1959,Movie,International Movies
s1959,Movie,Sports Movies
s1960,TV Show,Crime TV Shows
s1960,TV Show,International TV Shows
s1960,TV Show,Spanish-Language TV Shows
s1961,Movie,Documentaries
s1961,Movie,International Movies
s1962,Movie,Dramas
s1962,Movie,International Movies
s1962,Movie,Music & Musicals
s1963,TV Show,International TV Shows
s1963,TV Show,Spanish-Language TV Shows
s1963,TV Show,TV Dramas
s1964,TV Show,Crime TV Shows
s1964,TV Show,International TV Shows
s1964,TV Show,Spanish-Language TV Shows
s1965,Movie,Documentaries
s1965,Movie,International Movies
s1966,Movie,Dramas
s1966,Movie,Independent Movies
s1966,Movie,International Movies
s1967,Movie,Documentaries
s1967,Movie,International Movies
s1968,TV Show,International TV Shows
s1968,TV Show,Spanish-Language TV Shows
s1968,TV Show,TV Comedies
s1969,Movie,Children & Family Movies
s1969,Movie,Documentaries
s1969,Movie,International Movies
s1970,Movie,Action & Adventure
s1970,Movie,Comedies
s1970,Movie,International Movies
s1971,Movie,Action & Adventure
s1971,Movie,Cult Movies
s1971,Movie,International Movies
s1972,Movie,Documentaries
s1972,Movie,International Movies
s1973,Movie,International Movies
s1973,Movie,Sci-Fi & Fantasy
s1974,Movie,Dramas
s1974,Movie,International Movies
s1975,Movie,Children & Family Movies
s1976,Movie,Children & Family Movies
s1977,Movie,Horror Movies
s1978,Movie,Dramas
s1978,Movie,International Movies
s1978,Movie,LGBTQ Movies
s1979,TV Show,Crime TV Shows
s1979,TV Show,International TV Shows
s1979,TV Show,Spanish-Language TV Shows
s1980,Movie,Documentaries
s1981,Movie,Dramas
s1981,Movie,Sci-Fi & Fantasy
s1982,TV Show,Stand-Up Comedy & Talk Shows
s1982,TV Show,TV Comedies
s1983,Movie,Documentaries
s1983,Movie,International Movies
s1984,Movie,Documentaries
s1984,Movie,International Movies
s1985,Movie,Documentaries
s1985,Movie,International Movies
s1986,Movie,Children & Family Movies
s1987,Movie,Documentaries
s1988,Movie,Horror Movies
s1988,Movie,Thrillers
s1989,Movie,Comedies
s1989,Movie,Dramas
s1989,Movie,International Movies
s1990,Movie,Documentaries
s1990,Movie,International Movies
s1990,Movie,Music & Musicals
s1991,TV Show,Romantic TV Shows
s1991,TV Show,TV Comedies
s1991,TV Show,TV Dramas
s1992,TV Show,Kids' TV
s1993,Movie,Dramas
s1993,Movie,International Movies
s1994,Movie,Dramas
s1994,Movie,International Movies
s1994,Movie,Music & Musicals
s1995,TV Show,Reality TV
s1996,TV Show,Docuseries
s1997,Movie,Documentaries
s1997,Movie,International Movies
s1998,Movie,Comedies
s1998,Movie,Romantic Movies
s1999,TV Show,International TV Shows
s1999,TV Show,Spanish-Language TV Shows
s1999,TV Show,TV Comedies
s2000,Movie,Dramas
s2000,Movie,Independent Movies
s2000,Movie,International Movies
s2001,TV Show,British TV Shows
s2001,TV Show,Crime TV Shows
s2001,TV Show,Docuseries
s2002,Movie,Documentaries
s2003,Movie,Action & Adventure
s2004,TV Show,Crime TV Shows
s2004,TV Show,Spanish-Language TV Shows
s2004,TV Show,TV Dramas
s2005,Movie,Independent Movies
s2005,Movie,Thrillers
s2006,TV Show,International TV Shows
s2006,TV Show,TV Comedies
s2007,Movie,Comedies
s2007,Movie,Dramas
s2007,Movie,International Movies
s2008,Movie,Stand-Up Comedy
s2009,Movie,Documentaries
s2010,Movie,Action & Adventure
s2010,Movie,Children & Family Movies
s2010,Movie,Dramas
s2011,TV Show,International TV Shows
s2011,TV Show,TV Dramas
s2012,Movie,Dramas
s2012,Movie,Independent Movies
s2012,Movie,Romantic Movies
s2013,Movie,Documentaries
s2013,Movie,International Movies
s2014,Movie,Action & Adventure
s2014,Movie,Classic Movies
s2015,Movie,Action & Adventure
s2015,Movie,International Movies
s2015,Movie,Sci-Fi & Fantasy
s2016,TV Show,Classic & Cult TV
s2016,TV Show,TV Comedies
s2017,Movie,Dramas
s2017,Movie,Romantic Movies
s2017,Movie,Sci-Fi & Fantasy
s2018,TV Show,Kids' TV
s2018,TV Show,TV Comedies
s2019,Movie,Action & Adventure
s2019,Movie,Dramas
s2019,Movie,Sci-Fi & Fantasy
s2020,TV Show,International TV Shows
s2020,TV Show,TV Mysteries
s2020,TV Show,TV Thrillers
s2021,TV Show,Anime Series
s2021,TV Show,International TV Shows
s2021,TV Show,TV Thrillers
s2022,Movie,Stand-Up Comedy
s2023,Movie,Comedies
s2023,Movie,Music & Musicals
s2024,Movie,Horror Movies
s2024,Movie,International Movies
s2024,Movie,Sci-Fi & Fantasy
s2025,Movie,Children & Family Movies
s2026,Movie,Comedies
s2026,Movie,Dramas
s2026,Movie,Independent Movies
s2027,Movie,Action & Adventure
s2027,Movie,International Movies
s2028,TV Show,Docuseries
s2028,TV Show,International TV Shows
s2028,TV Show,Spanish-Language TV Shows
s2029,Movie,Comedies
s2029,Movie,Cult Movies
s2029,Movie,International Movies
s2030,Movie,Dramas
s2030,Movie,International Movies
s2030,Movie,Romantic Movies
s2031,TV Show,International TV Shows
s2031,TV Show,Romantic TV Shows
s2031,TV Show,TV Dramas
s2032,Movie,International Movies
s2032,Movie,Music & Musicals
s2032,Movie,Thrillers
s2033,TV Show,International TV Shows
s2033,TV Show,TV Dramas
s2034,TV Show,International TV Shows
s2034,TV Show,Romantic TV Shows
s2034,TV Show,TV Dramas
s2035,Movie,Dramas
s2035,Movie,International Movies
s2035,Movie,LGBTQ Movies
s2036,TV Show,International TV Shows
s2037,Movie,Comedies
s2037,Movie,Music & Musicals
s2037,Movie,Romantic Movies
s2038,Movie,Children & Family Movies
s2038,Movie,Comedies
s2038,Movie,Faith & Spirituality
s2039,Movie,Action & Adventure
s2039,Movie,Anime Features
s2039,Movie,International Movies
s2040,Movie,Documentaries
s2040,Movie,International Movies
s2041,Movie,Documentaries
s2041,Movie,International Movies
s2042,Movie,Dramas
s2042,Movie,International Movies
s2043,Movie,Dramas
s2043,Movie,Independent Movies
s2043,Movie,International Movies
s2044,Movie,Horror Movies
s2044,Movie,Sci-Fi & Fantasy
s2045,TV Show,Kids' TV
s2046,Movie,Dramas
s2046,Movie,Independent Movies
s2046,Movie,Thrillers
s2047,Movie,Dramas
s2047,Movie,International Movies
s2047,Movie,Thrillers
s2048,Movie,Dramas
s2048,Movie,International Movies
s2048,Movie,Romantic Movies
s2049,TV Show,British TV Shows
s2049,TV Show,Docuseries
s2049,TV Show,International TV Shows
s2050,Movie,Comedies
s2050,Movie,Dramas
s2050,Movie,International Movies
s2051,TV Show,TV Comedies
s2051,TV Show,TV Dramas
s2051,TV Show,Teen TV Shows
s2052,TV Show,TV Dramas
s2053,TV Show,Crime TV Shows
s2053,TV Show,Docuseries
s2053,TV Show,TV Mysteries
s2054,Movie,Comedies
s2054,Movie,Sci-Fi & Fantasy
s2055,Movie,Comedies
s2055,Movie,International Movies
s2055,Movie,Romantic Movies
s2056,Movie,Dramas
s2056,Movie,Independent Movies
s2056,Movie,International Movies
s2057,TV Show,International TV Shows
s2057,TV Show,Romantic TV Shows
s2057,TV Show,TV Comedies
s2058,TV Show,Crime TV Shows
s2058,TV Show,Docuseries
s2058,TV Show,International TV Shows
s2059,TV Show,International TV Shows
s2059,TV Show,TV Dramas
s2060,Movie,Action & Adventure
s2061,Movie,Dramas
s2061,Movie,International Movies
s2061,Movie,Romantic Movies
s2062,TV Show,Crime TV Shows
s2062,TV Show,Docuseries
s2062,TV Show,Science & Nature TV
s2063,Movie,Documentaries
s2063,Movie,International Movies
s2064,Movie,Comedies
s2064,Movie,Romantic Movies
s2065,Movie,Action & Adventure
s2066,Movie,Documentaries
s2067,Movie,Documentaries
s2067,Movie,International Movies
s2068,Movie,Action & Adventure
s2068,Movie,Anime Features
s2068,Movie,Sci-Fi & Fantasy
s2069,TV Show,Docuseries
s2069,TV Show,Science & Nature TV
s2070,Movie,Action & Adventure
s2070,Movie,Dramas
s2070,Movie,Independent Movies
s2071,Movie,Action & Adventure
s2071,Movie,Dramas
s2071,Movie,Sci-Fi & Fantasy
s2072,Movie,Action & Adventure
s2073,TV Show,Crime TV Shows
s2073,TV Show,International TV Shows
s2073,TV Show,Korean TV Shows
s2074,TV Show,British TV Shows
s2074,TV Show,TV Comedies
s2075,TV Show,International TV Shows
s2075,TV Show,Reality TV
s2076,Movie,Dramas
s2076,Movie,Independent Movies
s2077,Movie,Documentaries
s2078,Movie,Dramas
s2078,Movie,International Movies
s2078,Movie,Thrillers
s2079,Movie,Comedies
s2079,Movie,International Movies
s2080,Movie,Comedies
s2080,Movie,International Movies
s2080,Movie,Romantic Movies
s2081,Movie,Comedies
s2081,Movie,International Movies
s2082,TV Show,Crime TV Shows
s2082,TV Show,International TV Shows
s2082,TV Show,TV Dramas
s2083,TV Show,International TV Shows
s2083,TV Show,TV Dramas
s2084,TV Show,TV Comedies
s2085,Movie,Comedies
s2085,Movie,Romantic Movies
s2086,Movie,Children & Family Movies
s2086,Movie,Sci-Fi & Fantasy
s2087,Movie,Stand-Up Comedy
s2088,TV Show,International TV Shows
s2088,TV Show,Reality TV
s2089,Movie,Dramas
s2089,Movie,Independent Movies
s2090,Movie,Stand-Up Comedy
s2091,TV Show,Anime Series
s2091,TV Show,International TV Shows
s2092,Movie,Comedies
s2092,Movie,Faith & Spirituality
s2092,Movie,Romantic Movies
s2093,TV Show,British TV Shows
s2093,TV Show,Crime TV Shows
s2093,TV Show,Docuseries
s2094,Movie,Stand-Up Comedy
s2095,Movie,Action & Adventure
s2095,Movie,Dramas
s2095,Movie,International Movies
s2096,Movie,Comedies
s2097,TV Show,International TV Shows
s2097,TV Show,Romantic TV Shows
s2097,TV Show,TV Comedies
s2098,Movie,Thrillers
s2099,TV Show,Crime TV Shows
s2099,TV Show,International TV Shows
s2099,TV Show,TV Comedies
s2100,Movie,Comedies
s2100,Movie,Romantic Movies
s2101,TV Show,Crime TV Shows
s2101,TV Show,Spanish-Language TV Shows
s2101,TV Show,TV Dramas
s2102,Movie,International Movies
s2102,Movie,Music & Musicals
s2103,TV Show,International TV Shows
s2103,TV Show,Romantic TV Shows
s2103,TV Show,TV Dramas
s2104,Movie,Dramas
s2104,Movie,Independent Movies
s2104,Movie,International Movies
s2105,Movie,Horror Movies
s2106,TV Show,International TV Shows
s2106,TV Show,TV Comedies
s2106,TV Show,TV Dramas
s2107,TV Show,Kids' TV
s2107,TV Show,TV Comedies
s2108,Movie,Documentaries
s2108,Movie,International Movies
s2109,Movie,Children & Family Movies
s2109,Movie,Dramas
s2109,Movie,International Movies
s2110,Movie,Thrillers
s2111,Movie,Comedies
s2111,Movie,Dramas
s2111,Movie,Independent Movies
s2112,Movie,Dramas
s2112,Movie,Independent Movies
s2112,Movie,International Movies
s2113,TV Show,Kids' TV
s2113,TV Show,TV Comedies
s2114,Movie,Comedies
s2114,Movie,International Movies
s2114,Movie,LGBTQ Movies
s2115,Movie,Action & Adventure
s2115,Movie,Dramas
s2115,Movie,International Movies
s2116,Movie,Comedies
s2116,Movie,International Movies
s2117,TV Show,Crime TV Shows
s2117,TV Show,International TV Shows
s2117,TV Show,TV Dramas
s2118,TV Show,International TV Shows
s2118,TV Show,Stand-Up Comedy & Talk Shows
s2118,TV Show,TV Comedies
s2119,Movie,Stand-Up Comedy
s2120,Movie,Dramas
s2120,Movie,International Movies
s2121,TV Show,Kids' TV
s2122,TV Show,Reality TV
s2123,Movie,Stand-Up Comedy
s2124,Movie,Thrillers
s2125,TV Show,Crime TV Shows
s2125,TV Show,International TV Shows
s2125,TV Show,TV Action & Adventure
s2126,TV Show,Anime Series
s2126,TV Show,International TV Shows
s2127,TV Show,Anime Series
s2127,TV Show,International TV Shows
s2128,Movie,Action & Adventure
s2128,Movie,Anime Features
s2128,Movie,International Movies
s2129,TV Show,Anime Series
s2129,TV Show,International TV Shows
s2130,TV Show,Anime Series
s2130,TV Show,International TV Shows
s2131,TV Show,British TV Shows
s2131,TV Show,Crime TV Shows
s2131,TV Show,TV Dramas
s2132,Movie,Comedies
s2133,Movie,Documentaries
s2134,Movie,Comedies
s2134,Movie,Dramas
s2134,Movie,International Movies
s2135,TV Show,Crime TV Shows
s2135,TV Show,International TV Shows
s2135,TV Show,TV Action & Adventure
s2136,Movie,Comedies
s2136,Movie,Cult Movies
s2136,Movie,Dramas
s2137,TV Show,Crime TV Shows
s2137,TV Show,Docuseries
s2138,TV Show,International TV Shows
s2138,TV Show,TV Horror
s2138,TV Show,TV Thrillers
s2139,Movie,Children & Family Movies
s2139,Movie,Comedies
s2140,TV Show,Romantic TV Shows
s2140,TV Show,TV Comedies
s2140,TV Show,TV Dramas
s2141,Movie,Documentaries
s2142,Movie,Children & Family Movies
s2142,Movie,Comedies
s2142,Movie,Dramas
s2143,TV Show,Stand-Up Comedy & Talk Shows
s2143,TV Show,TV Comedies
s2144,Movie,Stand-Up Comedy
s2145,Movie,Stand-Up Comedy
s2146,Movie,Stand-Up Comedy
s2147,Movie,Documentaries
s2147,Movie,LGBTQ Movies
s2148,Movie,Comedies
s2148,Movie,International Movies
s2149,Movie,Stand-Up Comedy
s2150,Movie,Comedies
s2150,Movie,International Movies
s2150,Movie,Sports Movies
s2151,Movie,Classic Movies
s2151,Movie,Comedies
s2151,Movie,Cult Movies
s2152,Movie,International Movies
s2152,Movie,Romantic Movies
s2152,Movie,Thrillers
s2153,Movie,Classic Movies
s2153,Movie,Dramas
s2153,Movie,Music & Musicals
s2154,Movie,Comedies
s2154,Movie,Dramas
s2154,Movie,International Movies
s2155,Movie,Dramas
s2155,Movie,International Movies
s2156,Movie,Comedies
s2156,Movie,International Movies
s2157,TV Show,International TV Shows
s2157,TV Show,Romantic TV Shows
s2157,TV Show,TV Dramas
s2158,Movie,Children & Family Movies
s2158,Movie,Comedies
s2159,TV Show,Docuseries
s2160,Movie,Documentaries
s2161,TV Show,Crime TV Shows
s2161,TV Show,International TV Shows
s2161,TV Show,TV Action & Adventure
s2162,Movie,Documentaries
s2163,Movie,Dramas
s2163,Movie,International Movies
s2164,Movie,Cult Movies
s2164,Movie,Horror Movies
s2164,Movie,Thrillers
s2165,Movie,Horror Movies
s2165,Movie,Thrillers
s2166,Movie,Horror Movies
s2167,TV Show,International TV Shows
s2167,TV Show,TV Dramas
s2168,Movie,International Movies
s2168,Movie,Romantic Movies
s2169,TV Show,International TV Shows
s2169,TV Show,Romantic TV Shows
s2169,TV Show,TV Comedies
s2170,Movie,Dramas
s2170,Movie,International Movies
s2171,Movie,Documentaries
s2171,Movie,International Movies
s2172,TV Show,Docuseries
s2172,TV Show,Science & Nature TV
s2173,Movie,Documentaries
s2174,Movie,Documentaries
s2174,Movie,International Movies
s2175,Movie,Dramas
s2175,Movie,International Movies
s2176,Movie,Dramas
s2176,Movie,Independent Movies
s2176,Movie,International Movies
s2177,TV Show,British TV Shows
s2177,TV Show,Kids' TV
s2178,Movie,Movies
s2179,Movie,Movies
s2180,Movie,Anime Features
s2180,Movie,Romantic Movies
s2181,TV Show,Docuseries
s2182,Movie,Comedies
s2182,Movie,Romantic Movies
s2183,Movie,Action & Adventure
s2184,Movie,Dramas
s2184,Movie,International Movies
s2184,Movie,Romantic Movies
s2185,Movie,Dramas
s2185,Movie,International Movies
s2185,Movie,Romantic Movies
s2186,Movie,Dramas
s2186,Movie,Independent Movies
s2186,Movie,Sports Movies
s2187,TV Show,Docuseries
s2187,TV Show,International TV Shows
s2188,Movie,Dramas
s2189,Movie,Horror Movies
s2189,Movie,International Movies
s2190,Movie,Comedies
s2190,Movie,Dramas
s2190,Movie,Music & Musicals
s2191,Movie,Documentaries
s2191,Movie,Sports Movies
s2192,Movie,Documentaries
s2193,Movie,Children & Family Movies
s2194,TV Show,International TV Shows
s2194,TV Show,Reality TV
s2195,Movie,Dramas
s2195,Movie,International Movies
s2195,Movie,Romantic Movies
s2196,Movie,Documentaries
s2196,Movie,International Movies
s2196,Movie,Sports Movies
s2197,TV Show,Docuseries
s2198,Movie,Action & Adventure
s2198,Movie,International Movies
s2199,Movie,Dramas
s2199,Movie,Independent Movies
s2200,TV Show,Reality TV
s2201,Movie,Dramas
s2201,Movie,International Movies
s2201,Movie,Music & Musicals
s2202,TV Show,TV Comedies
s2202,TV Show,TV Dramas
s2203,Movie,Dramas
s2204,TV Show,Docuseries
s2204,TV Show,International TV Shows
s2205,Movie,Anime Features
s2205,Movie,International Movies
s2205,Movie,Romantic Movies
s2206,Movie,Comedies
s2206,Movie,International Movies
s2207,TV Show,Reality TV
s2208,TV Show,Docuseries
s2208,TV Show,Science & Nature TV
s2209,Movie,Dramas
s2209,Movie,Independent Movies
s2209,Movie,Music & Musicals
s2210,TV Show,Reality TV
s2211,TV Show,Kids' TV
s2211,TV Show,Korean TV Shows
s2212,TV Show,British TV Shows
s2212,TV Show,International TV Shows
s2212,TV Show,TV Comedies
s2213,Movie,Action & Adventure
s2213,Movie,International Movies
s2214,Movie,Documentaries
s2214,Movie,International Movies
s2215,TV Show,Docuseries
s2216,TV Show,International TV Shows
s2216,TV Show,TV Dramas
s2217,Movie,Documentaries
s2217,Movie,International Movies
s2218,TV Show,Anime Series
s2218,TV Show,International TV Shows
s2218,TV Show,Teen TV Shows
s2219,TV Show,Docuseries
s2219,TV Show,Science & Nature TV
s2220,TV Show,International TV Shows
s2220,TV Show,TV Dramas
s2221,Movie,Documentaries
s2221,Movie,Faith & Spirituality
s2221,Movie,International Movies
s2222,Movie,Dramas
s2223,Movie,Documentaries
s2224,Movie,Dramas
s2224,Movie,International Movies
s2225,Movie,Comedies
s2225,Movie,Dramas
s2225,Movie,Independent Movies
s2226,Movie,Comedies
s2227,Movie,Documentaries
s2228,Movie,Dramas
s2228,Movie,International Movies
s2228,Movie,Romantic Movies
s2229,Movie,Children & Family Movies
s2230,Movie,Documentaries
s2231,TV Show,Reality TV
s2232,Movie,Comedies
s2232,Movie,International Movies
s2233,Movie,Documentaries
s2233,Movie,International Movies
s2233,Movie,LGBTQ Movies
s2234,Movie,Action & Adventure
s2234,Movie,Classic Movies
s2234,Movie,Sci-Fi & Fantasy
s2235,Movie,Action & Adventure
s2235,Movie,International Movies
s2236,TV Show,British TV Shows
s2236,TV Show,Docuseries
s2236,TV Show,Science & Nature TV
s2237,Movie,International Movies
s2237,Movie,Thrillers
s2238,TV Show,Crime TV Shows
s2238,TV Show,Docuseries
s2238,TV Show,Science & Nature TV
s2239,TV Show,Anime Series
s2239,TV Show,International TV Shows
s2240,Movie,Documentaries
s2240,Movie,International Movies
s2240,Movie,Sports Movies
s2241,Movie,Documentaries
s2241,Movie,International Movies
s2241,Movie,Sports Movies
s2242,TV Show,Reality TV
s2243,TV Show,International TV Shows
s2243,TV Show,TV Dramas
s2244,Movie,Dramas
s2244,Movie,International Movies
s2245,Movie,Dramas
s2245,Movie,International Movies
s2245,Movie,Thrillers
s2246,Movie,Documentaries
s2247,TV Show,Docuseries
s2248,Movie,Stand-Up Comedy
s2249,Movie,Comedies
s2249,Movie,Romantic Movies
s2250,TV Show,Crime TV Shows
s2250,TV Show,International TV Shows
s2250,TV Show,Spanish-Language TV Shows
s2251,Movie,Comedies
s2251,Movie,Dramas
s2251,Movie,International Movies
s2252,Movie,Classic Movies
s2252,Movie,Comedies
s2252,Movie,International Movies
s2253,Movie,Dramas
s2253,Movie,Thrillers
s2254,Movie,Thrillers
s2255,Movie,Documentaries
s2255,Movie,International Movies
s2256,Movie,Comedies
s2256,Movie,Dramas
s2256,Movie,Independent Movies
s2257,Movie,Stand-Up Comedy
s2258,Movie,Stand-Up Comedy
s2259,Movie,Stand-Up Comedy
s2260,Movie,Dramas
s2260,Movie,Thrillers
s2261,Movie,Documentaries
s2261,Movie,Music & Musicals
s2262,TV Show,International TV Shows
s2262,TV Show,Stand-Up Comedy & Talk Shows
s2263,Movie,Comedies
s2264,TV Show,Classic & Cult TV
s2264,TV Show,TV Comedies
s2265,Movie,Comedies
s2266,Movie,Comedies
s2266,Movie,Dramas
s2266,Movie,Independent Movies
s2267,Movie,Independent Movies
s2267,Movie,Sci-Fi & Fantasy
s2267,Movie,Thrillers
s2268,Movie,Dramas
s2268,Movie,Independent Movies
s2268,Movie,International Movies
s2269,Movie,Music & Musicals
s2269,Movie,Stand-Up Comedy
s2270,Movie,Children & Family Movies
s2270,Movie,Comedies
s2271,Movie,Action & Adventure
s2271,Movie,Comedies
s2271,Movie,Independent Movies
s2272,TV Show,British TV Shows
s2272,TV Show,Kids' TV
s2272,TV Show,TV Dramas
s2273,Movie,Children & Family Movies
s2273,Movie,Dramas
s2274,Movie,Children & Family Movies
s2274,Movie,Dramas
s2275,Movie,Action & Adventure
s2275,Movie,Dramas
s2276,Movie,Children & Family Movies
s2276,Movie,Dramas
s2277,Movie,Dramas
s2277,Movie,International Movies
s2277,Movie,Thrillers
s2278,Movie,Comedies
s2278,Movie,Dramas
s2278,Movie,International Movies
s2279,Movie,Documentaries
s2280,Movie,Comedies
s2280,Movie,International Movies
s2281,Movie,Dramas
s2281,Movie,Independent Movies
s2282,Movie,Comedies
s2282,Movie,International Movies
s2282,Movie,Romantic Movies
s2283,TV Show,Crime TV Shows
s2283,TV Show,TV Dramas
s2283,TV Show,TV Mysteries
s2284,Movie,Dramas
s2284,Movie,Faith & Spirituality
s2285,TV Show,Crime TV Shows
s2285,TV Show,International TV Shows
s2285,TV Show,TV Dramas
s2286,TV Show,Docuseries
s2286,TV Show,Reality TV
s2287,Movie,Horror Movies
s2288,Movie,Horror Movies
s2288,Movie,International Movies
s2289,TV Show,Classic & Cult TV
s2289,TV Show,TV Comedies
s2290,TV Show,Romantic TV Shows
s2290,TV Show,TV Comedies
s2291,Movie,Action & Adventure
s2291,Movie,Dramas
s2291,Movie,International Movies
s2292,Movie,Comedies
s2292,Movie,Dramas
s2292,Movie,International Movies
s2293,TV Show,Classic & Cult TV
s2293,TV Show,TV Action & Adventure
s2293,TV Show,TV Horror
s2294,Movie,Children & Family Movies
s2294,Movie,Comedies
s2294,Movie,Dramas
s2295,Movie,Documentaries
s2296,Movie,Action & Adventure
s2296,Movie,International Movies
s2297,Movie,Documentaries
s2297,Movie,International Movies
s2297,Movie,Sports Movies
s2298,Movie,Dramas
s2298,Movie,Independent Movies
s2298,Movie,Thrillers
s2299,TV Show,International TV Shows
s2299,TV Show,TV Action & Adventure
s2299,TV Show,TV Dramas
s2300,TV Show,British TV Shows
s2300,TV Show,Docuseries
s2300,TV Show,International TV Shows
s2301,Movie,Movies
s2302,Movie,Movies
s2303,Movie,Dramas
s2303,Movie,Independent Movies
s2304,Movie,Dramas
s2304,Movie,Independent Movies
s2305,TV Show,Crime TV Shows
s2305,TV Show,International TV Shows
s2305,TV Show,Spanish-Language TV Shows
s2306,Movie,Action & Adventure
s2306,Movie,Comedies
s2306,Movie,Dramas
s2307,TV Show,Kids' TV
s2307,TV Show,TV Comedies
s2308,Movie,Children & Family Movies
s2308,Movie,Comedies
s2309,Movie,Children & Family Movies
s2309,Movie,Dramas
s2309,Movie,Faith & Spirituality
s2310,Movie,Children & Family Movies
s2310,Movie,Dramas
s2310,Movie,Sports Movies
s2311,Movie,Children & Family Movies
s2311,Movie,Dramas
s2311,Movie,Sports Movies
s2312,TV Show,TV Comedies
s2313,Movie,Action & Adventure
s2313,Movie,Dramas
s2313,Movie,International Movies
s2314,TV Show,Anime Series
s2314,TV Show,International TV Shows
s2315,Movie,Comedies
s2315,Movie,International Movies
s2316,Movie,Dramas
s2316,Movie,International Movies
s2317,Movie,Documentaries
s2318,Movie,Dramas
s2318,Movie,LGBTQ Movies
s2319,Movie,Action & Adventure
s2319,Movie,Dramas
s2319,Movie,International Movies
s2320,Movie,Dramas
s2320,Movie,Thrillers
s2321,TV Show,Crime TV Shows
s2321,TV Show,International TV Shows
s2321,TV Show,TV Dramas
s2322,Movie,Documentaries
s2323,Movie,Dramas
s2323,Movie,Independent Movies
s2323,Movie,International Movies
s2324,Movie,Children & Family Movies
s2324,Movie,Comedies
s2325,Movie,Action & Adventure
s2325,Movie,Comedies
s2325,Movie,International Movies
s2326,Movie,Comedies
s2326,Movie,International Movies
s2326,Movie,Music & Musicals
s2327,Movie,Action & Adventure
s2327,Movie,Dramas
s2327,Movie,International Movies
s2328,TV Show,Kids' TV
s2329,Movie,Stand-Up Comedy
s2330,Movie,Dramas
s2330,Movie,Independent Movies
s2330,Movie,International Movies
s2331,Movie,Stand-Up Comedy
s2332,TV Show,International TV Shows
s2332,TV Show,TV Dramas
s2333,Movie,Stand-Up Comedy
s2334,Movie,Stand-Up Comedy
s2335,Movie,Dramas
s2335,Movie,International Movies
s2335,Movie,Thrillers
s2336,Movie,Documentaries
s2336,Movie,Music & Musicals
s2337,Movie,Dramas
s2337,Movie,International Movies
s2338,TV Show,TV Action & Adventure
s2338,TV Show,TV Comedies
s2339,Movie,Dramas
s2339,Movie,International Movies
s2339,Movie,Romantic Movies
s2340,Movie,International Movies
s2340,Movie,Thrillers
s2341,TV Show,Kids' TV
s2341,TV Show,TV Comedies
s2342,Movie,Comedies
s2342,Movie,International Movies
s2342,Movie,Romantic Movies
s2343,Movie,Horror Movies
s2343,Movie,International Movies
s2343,Movie,Thrillers
s2344,Movie,Horror Movies
s2344,Movie,International Movies
s2344,Movie,Thrillers
s2345,Movie,Horror Movies
s2345,Movie,International Movies
s2345,Movie,Thrillers
s2346,Movie,Action & Adventure
s2346,Movie,Comedies
s2347,TV Show,International TV Shows
s2347,TV Show,TV Comedies
s2347,TV Show,TV Dramas
s2348,TV Show,International TV Shows
s2348,TV Show,Romantic TV Shows
s2348,TV Show,TV Comedies
s2349,Movie,Dramas
s2349,Movie,International Movies
s2350,Movie,Dramas
s2350,Movie,International Movies
s2351,TV Show,International TV Shows
s2351,TV Show,Stand-Up Comedy & Talk Shows
s2351,TV Show,TV Comedies
s2352,Movie,Dramas
s2353,Movie,Action & Adventure
s2353,Movie,Anime Features
s2353,Movie,Horror Movies
s2354,Movie,Dramas
s2354,Movie,Independent Movies
s2354,Movie,International Movies
s2355,Movie,Documentaries
s2356,Movie,Children & Family Movies
s2356,Movie,Comedies
s2357,Movie,Children & Family Movies
s2357,Movie,Comedies
s2358,Movie,Children & Family Movies
s2358,Movie,Comedies
s2359,Movie,Music & Musicals
s2359,Movie,Stand-Up Comedy
s2360,TV Show,Anime Series
s2360,TV Show,International TV Shows
s2361,TV Show,Docuseries
s2362,Movie,Children & Family Movies
s2362,Movie,Dramas
s2362,Movie,Sports Movies
s2363,Movie,Children & Family Movies
s2363,Movie,Dramas
s2363,Movie,Sports Movies
s2364,Movie,Action & Adventure
s2364,Movie,Dramas
s2364,Movie,International Movies
s2365,Movie,Dramas
s2365,Movie,International Movies
s2366,Movie,Horror Movies
s2366,Movie,Thrillers
s2367,Movie,Dramas
s2367,Movie,International Movies
s2368,Movie,Dramas
s2369,Movie,International Movies
s2369,Movie,Music & Musicals
s2370,Movie,Documentaries
s2370,Movie,LGBTQ Movies
s2371,Movie,Documentaries
s2371,Movie,Sports Movies
s2372,Movie,Documentaries
s2372,Movie,Sports Movies
s2373,Movie,Dramas
s2373,Movie,International Movies
s2374,TV Show,British TV Shows
s2374,TV Show,Docuseries
s2374,TV Show,International TV Shows
s2375,TV Show,British TV Shows
s2375,TV Show,Docuseries
s2375,TV Show,International TV Shows
s2376,TV Show,TV Comedies
s2376,TV Show,TV Dramas
s2377,TV Show,Crime TV Shows
s2377,TV Show,International TV Shows
s2377,TV Show,Romantic TV Shows
s2378,Movie,Stand-Up Comedy
s2379,Movie,Children & Family Movies
s2379,Movie,Comedies
s2380,Movie,Horror Movies
s2380,Movie,Thrillers
s2381,TV Show,Kids' TV
s2381,TV Show,TV Comedies
s2382,TV Show,British TV Shows
s2382,TV Show,Crime TV Shows
s2382,TV Show,International TV Shows
s2383,Movie,Comedies
s2383,Movie,Music & Musicals
s2384,Movie,International Movies
s2384,Movie,Thrillers
s2385,Movie,Documentaries
s2386,TV Show,Reality TV
s2387,Movie,Children & Family Movies
s2387,Movie,Comedies
s2388,TV Show,Crime TV Shows
s2388,TV Show,TV Comedies
s2388,TV Show,TV Dramas
s2389,Movie,Action & Adventure
s2389,Movie,Comedies
s2390,Movie,International Movies
s2390,Movie,Thrillers
s2391,Movie,Comedies
s2391,Movie,Romantic Movies
s2392,Movie,Comedies
s2392,Movie,Dramas
s2392,Movie,International Movies
s2393,Movie,Comedies
s2393,Movie,International Movies
s2393,Movie,Thrillers
s2394,Movie,Action & Adventure
s2394,Movie,Dramas
s2394,Movie,International Movies
s2395,Movie,Horror Movies
s2396,TV Show,Anime Series
s2396,TV Show,Crime TV Shows
s2396,TV Show,International TV Shows
s2397,Movie,Documentaries
s2398,Movie,Action & Adventure
s2398,Movie,Anime Features
s2398,Movie,International Movies
s2399,Movie,Children & Family Movies
s2399,Movie,Comedies
s2400,Movie,Action & Adventure
s2400,Movie,Sci-Fi & Fantasy
s2401,Movie,Horror Movies
s2401,Movie,International Movies
s2401,Movie,Thrillers
s2402,Movie,Action & Adventure
s2402,Movie,Anime Features
s2402,Movie,International Movies
s2403,TV Show,Reality TV
s2404,Movie,Action & Adventure
s2404,Movie,Anime Features
s2404,Movie,International Movies
s2405,Movie,Documentaries
s2406,Movie,Horror Movies
s2407,TV Show,International TV Shows
s2407,TV Show,TV Dramas
s2407,TV Show,TV Horror
s2408,Movie,Action & Adventure
s2408,Movie,Dramas
s2408,Movie,International Movies
s2409,Movie,Dramas
s2409,Movie,International Movies
s2410,TV Show,Kids' TV
s2411,Movie,Classic Movies
s2411,Movie,Comedies
s2411,Movie,Music & Musicals
s2412,TV Show,Romantic TV Shows
s2412,TV Show,TV Comedies
s2412,TV Show,TV Dramas
s2413,TV Show,TV Comedies
s2413,TV Show,TV Dramas
s2413,TV Show,Teen TV Shows
s2414,Movie,Dramas
s2414,Movie,Independent Movies
s2415,Movie,Documentaries
s2415,Movie,International Movies
s2415,Movie,Music & Musicals
s2416,Movie,Stand-Up Comedy
s2417,Movie,Stand-Up Comedy
s2418,Movie,Dramas
s2418,Movie,Independent Movies
s2419,Movie,Comedies
s2419,Movie,International Movies
s2419,Movie,Romantic Movies
s2420,TV Show,British TV Shows
s2420,TV Show,Crime TV Shows
s2420,TV Show,International TV Shows
s2421,Movie,Dramas
s2421,Movie,International Movies
s2421,Movie,LGBTQ Movies
s2422,TV Show,International TV Shows
s2422,TV Show,TV Dramas
s2422,TV Show,TV Mysteries
s2423,Movie,Horror Movies
s2424,Movie,Comedies
s2424,Movie,International Movies
s2425,Movie,Dramas
s2425,Movie,International Movies
s2426,TV Show,TV Comedies
s2427,Movie,Comedies
s2427,Movie,Independent Movies
s2428,TV Show,TV Comedies
s2429,TV Show,TV Comedies
s2429,TV Show,TV Dramas
s2430,TV Show,International TV Shows
s2430,TV Show,TV Comedies
s2430,TV Show,TV Dramas
s2431,TV Show,Docuseries
s2431,TV Show,Reality TV
s2432,TV Show,Anime Series
s2432,TV Show,International TV Shows
s2433,Movie,Action & Adventure
s2433,Movie,Anime Features
s2433,Movie,International Movies
s2434,Movie,Comedies
s2434,Movie,Horror Movies
s2434,Movie,International Movies
s2435,Movie,Documentaries
s2436,TV Show,TV Comedies
s2436,TV Show,TV Dramas
s2436,TV Show,Teen TV Shows
s2437,TV Show,International TV Shows
s2437,TV Show,TV Dramas
s2437,TV Show,TV Horror
s2438,TV Show,Kids' TV
s2439,TV Show,Anime Series
s2439,TV Show,Kids' TV
s2440,TV Show,Anime Series
s2440,TV Show,Kids' TV
s2441,TV Show,TV Comedies
s2441,TV Show,TV Dramas
s2442,TV Show,British TV Shows
s2442,TV Show,International TV Shows
s2442,TV Show,Reality TV
s2443,Movie,Documentaries
s2443,Movie,Sports Movies
s2444,TV Show,International TV Shows
s2444,TV Show,TV Dramas
s2445,Movie,Children & Family Movies
s2445,Movie,Comedies
s2446,Movie,Children & Family Movies
s2446,Movie,Dramas
s2447,TV Show,Kids' TV
s2448,Movie,Children & Family Movies
s2449,TV Show,Kids' TV
s2449,TV Show,Spanish-Language TV Shows
s2449,TV Show,Teen TV Shows
s2450,Movie,Children & Family Movies
s2450,Movie,Music & Musicals
s2451,Movie,Children & Family Movies
s2451,Movie,Dramas
s2451,Movie,Faith & Spirituality
s2452,TV Show,Anime Series
s2452,TV Show,International TV Shows
s2453,Movie,Documentaries
s2454,Movie,Action & Adventure
s2454,Movie,International Movies
s2455,Movie,Dramas
s2455,Movie,Faith & Spirituality
s2456,Movie,Dramas
s2456,Movie,Faith & Spirituality
s2457,Movie,Dramas
s2457,Movie,Independent Movies
s2457,Movie,International Movies
s2458,TV Show,TV Dramas
s2459,TV Show,TV Shows
s2460,Movie,Action & Adventure
s2460,Movie,Anime Features
s2460,Movie,International Movies
s2461,Movie,Action & Adventure
s2461,Movie,Anime Features
s2461,Movie,International Movies
s2462,TV Show,International TV Shows
s2462,TV Show,TV Horror
s2462,TV Show,TV Mysteries
s2463,Movie,Children & Family Movies
s2463,Movie,Dramas
s2463,Movie,International Movies
s2464,Movie,Classic Movies
s2464,Movie,Comedies
s2464,Movie,International Movies
s2465,Movie,International Movies
s2465,Movie,Sci-Fi & Fantasy
s2466,Movie,Action & Adventure
s2467,Movie,Dramas
s2468,TV Show,Kids' TV
s2469,Movie,Thrillers
s2470,Movie,Action & Adventure
s2470,Movie,Comedies
s2470,Movie,International Movies
s2471,Movie,Comedies
s2471,Movie,International Movies
s2471,Movie,Music & Musicals
s2472,Movie,Comedies
s2472,Movie,International Movies
s2473,TV Show,Crime TV Shows
s2473,TV Show,International TV Shows
s2473,TV Show,TV Dramas
s2474,Movie,Independent Movies
s2475,TV Show,International TV Shows
s2475,TV Show,TV Dramas
s2475,TV Show,TV Thrillers
s2476,Movie,Comedies
s2476,Movie,International Movies
s2477,Movie,Children & Family Movies
s2477,Movie,Comedies
s2478,Movie,Dramas
s2478,Movie,International Movies
s2478,Movie,Sports Movies
s2479,TV Show,Crime TV Shows
s2479,TV Show,TV Comedies
s2479,TV Show,TV Dramas
s2480,Movie,Documentaries
s2481,Movie,Comedies
s2481,Movie,Independent Movies
s2482,Movie,Dramas
s2483,Movie,Comedies
s2483,Movie,Dramas
s2483,Movie,Independent Movies
s2484,Movie,Dramas
s2484,Movie,International Movies
s2485,Movie,Comedies
s2485,Movie,Romantic Movies
s2486,TV Show,International TV Shows
s2486,TV Show,Romantic TV Shows
s2486,TV Show,TV Comedies
s2487,TV Show,Crime TV Shows
s2487,TV Show,International TV Shows
s2487,TV Show,TV Mysteries
s2488,Movie,Dramas
s2489,Movie,Action & Adventure
s2489,Movie,Thrillers
s2490,Movie,Children & Family Movies
s2490,Movie,Dramas
s2491,Movie,Dramas
s2491,Movie,Independent Movies
s2491,Movie,Thrillers
s2492,TV Show,TV Dramas
s2492,TV Show,TV Sci-Fi & Fantasy
s2493,TV Show,International TV Shows
s2493,TV Show,Korean TV Shows
s2493,TV Show,Romantic TV Shows
s2494,Movie,Classic Movies
s2494,Movie,Dramas
s2495,TV Show,International TV Shows
s2495,TV Show,TV Dramas
s2495,TV Show,TV Horror
s2496,Movie,Dramas
s2496,Movie,Independent Movies
s2497,Movie,Comedies
s2497,Movie,Sports Movies
s2498,Movie,Comedies
s2498,Movie,International Movies
s2498,Movie,Sports Movies
s2499,TV Show,Kids' TV
s2499,TV Show,TV Thrillers
s2500,Movie,Children & Family Movies
s2500,Movie,Comedies
s2501,Movie,Comedies
s2501,Movie,Dramas
s2501,Movie,International Movies
s2502,TV Show,Kids' TV
s2503,Movie,Comedies
s2503,Movie,Dramas
s2503,Movie,International Movies
s2504,TV Show,TV Dramas
s2504,TV Show,Teen TV Shows
s2505,TV Show,Crime TV Shows
s2505,TV Show,TV Action & Adventure
s2505,TV Show,TV Dramas
s2506,Movie,Horror Movies
s2506,Movie,Thrillers
s2507,Movie,Dramas
s2507,Movie,Independent Movies
s2507,Movie,International Movies
s2508,Movie,Dramas
s2508,Movie,International Movies
s2509,TV Show,TV Comedies
s2509,TV Show,TV Dramas
s2510,TV Show,Crime TV Shows
s2510,TV Show,International TV Shows
s2510,TV Show,TV Dramas
s2511,Movie,Dramas
s2512,TV Show,Anime Series
s2512,TV Show,International TV Shows
s2513,TV Show,TV Dramas
s2513,TV Show,Teen TV Shows
s2514,TV Show,British TV Shows
s2514,TV Show,International TV Shows
s2514,TV Show,Reality TV
s2515,TV Show,International TV Shows
s2515,TV Show,Romantic TV Shows
s2515,TV Show,Spanish-Language TV Shows
s2516,Movie,Comedies
s2516,Movie,International Movies
s2516,Movie,Music & Musicals
s2517,Movie,Children & Family Movies
s2517,Movie,Comedies
s2518,Movie,International Movies
s2518,Movie,Thrillers
s2519,Movie,Comedies
s2519,Movie,Horror Movies
s2519,Movie,International Movies
s2520,Movie,Comedies
s2520,Movie,Horror Movies
s2520,Movie,International Movies
s2521,Movie,Comedies
s2521,Movie,Independent Movies
s2522,Movie,Documentaries
s2523,Movie,Classic Movies
s2523,Movie,Comedies
s2523,Movie,Music & Musicals
s2524,TV Show,British TV Shows
s2524,TV Show,International TV Shows
s2524,TV Show,Reality TV
s2525,TV Show,TV Comedies
s2526,TV Show,Anime Series
s2526,TV Show,Crime TV Shows
s2526,TV Show,International TV Shows
s2527,TV Show,Docuseries
s2527,TV Show,Science & Nature TV
s2528,Movie,Children & Family Movies
s2528,Movie,Dramas
s2528,Movie,Sports Movies
s2529,TV Show,British TV Shows
s2529,TV Show,Docuseries
s2529,TV Show,International TV Shows
s2530,TV Show,International TV Shows
s2530,TV Show,Romantic TV Shows
s2530,TV Show,TV Comedies
s2531,TV Show,Kids' TV
s2531,TV Show,TV Action & Adventure
s2531,TV Show,TV Comedies
s2532,TV Show,Crime TV Shows
s2532,TV Show,International TV Shows
s2532,TV Show,Spanish-Language TV Shows
s2533,Movie,Horror Movies
s2533,Movie,Thrillers
s2534,Movie,Comedies
s2534,Movie,Independent Movies
s2534,Movie,International Movies
s2535,TV Show,Kids' TV
s2535,TV Show,TV Dramas
s2535,TV Show,Teen TV Shows
s2536,TV Show,TV Dramas
s2537,Movie,Stand-Up Comedy
s2538,Movie,Stand-Up Comedy
s2539,TV Show,Romantic TV Shows
s2539,TV Show,TV Dramas
s2540,Movie,Action & Adventure
s2541,Movie,Stand-Up Comedy
s2542,Movie,Documentaries
s2543,Movie,Dramas
s2543,Movie,Independent Movies
s2543,Movie,Sports Movies
s2544,TV Show,Kids' TV
s2544,TV Show,TV Comedies
s2545,Movie,Documentaries
s2545,Movie,LGBTQ Movies
s2546,Movie,Children & Family Movies
s2546,Movie,Documentaries
s2547,Movie,Documentaries
s2547,Movie,International Movies
s2548,Movie,Comedies
s2549,Movie,Documentaries
s2549,Movie,International Movies
s2549,Movie,Sports Movies
s2550,Movie,Dramas
s2550,Movie,International Movies
s2551,Movie,Action & Adventure
s2551,Movie,Dramas
s2551,Movie,International Movies
s2552,Movie,Dramas
s2552,Movie,International Movies
s2552,Movie,Thrillers
s2553,Movie,Documentaries
s2553,Movie,International Movies
s2553,Movie,Sports Movies
s2554,Movie,Action & Adventure
s2554,Movie,Dramas
s2554,Movie,International Movies
s2555,Movie,Action & Adventure
s2555,Movie,Dramas
s2555,Movie,International Movies
s2556,TV Show,Anime Series
s2556,TV Show,Crime TV Shows
s2557,Movie,Dramas
s2557,Movie,International Movies
s2557,Movie,Thrillers
s2558,TV Show,Anime Series
s2558,TV Show,International TV Shows
s2559,Movie,Dramas
s2559,Movie,International Movies
s2560,TV Show,Kids' TV
s2560,TV Show,TV Comedies
s2561,Movie,Documentaries
s2561,Movie,International Movies
s2562,Movie,Dramas
s2562,Movie,International Movies
s2563,TV Show,TV Dramas
s2564,TV Show,International TV Shows
s2564,TV Show,TV Comedies
s2565,Movie,Comedies
s2565,Movie,International Movies
s2566,Movie,Comedies
s2566,Movie,International Movies
s2567,Movie,Comedies
s2567,Movie,International Movies
s2568,TV Show,Kids' TV
s2568,TV Show,TV Dramas
s2569,TV Show,Kids' TV
s2570,TV Show,International TV Shows
s2570,TV Show,TV Comedies
s2571,Movie,Dramas
s2571,Movie,International Movies
s2571,Movie,Music & Musicals
s2572,Movie,Comedies
s2572,Movie,Dramas
s2572,Movie,International Movies
s2573,Movie,Dramas
s2573,Movie,International Movies
s2573,Movie,Romantic Movies
s2574,TV Show,Crime TV Shows
s2574,TV Show,International TV Shows
s2574,TV Show,Spanish-Language TV Shows
s2575,Movie,Comedies
s2575,Movie,International Movies
s2575,Movie,Romantic Movies
s2576,Movie,Dramas
s2576,Movie,International Movies
s2576,Movie,Romantic Movies
s2577,TV Show,Anime Series
s2577,TV Show,International TV Shows
s2577,TV Show,Teen TV Shows
s2578,Movie,Comedies
s2579,Movie,Children & Family Movies
s2579,Movie,Comedies
s2579,Movie,Music & Musicals
s2580,Movie,Action & Adventure
s2580,Movie,Comedies
s2580,Movie,International Movies
s2581,Movie,Action & Adventure
s2581,Movie,Dramas
s2581,Movie,International Movies
s2582,Movie,Comedies
s2582,Movie,Dramas
s2582,Movie,Independent Movies
s2583,TV Show,TV Comedies
s2584,Movie,Dramas
s2584,Movie,International Movies
s2584,Movie,Romantic Movies
s2585,Movie,Comedies
s2585,Movie,Dramas
s2585,Movie,Independent Movies
s2586,Movie,Action & Adventure
s2586,Movie,Anime Features
s2586,Movie,Sci-Fi & Fantasy
s2587,Movie,Action & Adventure
s2587,Movie,Sci-Fi & Fantasy
s2588,TV Show,TV Dramas
s2589,Movie,Dramas
s2589,Movie,International Movies
s2589,Movie,Music & Musicals
s2590,Movie,Action & Adventure
s2590,Movie,Dramas
s2591,Movie,Dramas
s2591,Movie,Independent Movies
s2591,Movie,International Movies
s2592,Movie,Comedies
s2592,Movie,International Movies
s2593,Movie,Comedies
s2593,Movie,Dramas
s2593,Movie,International Movies
s2594,TV Show,International TV Shows
s2594,TV Show,TV Dramas
s2594,TV Show,TV Sci-Fi & Fantasy
s2595,Movie,Comedies
s2596,TV Show,Docuseries
s2597,Movie,Thrillers
s2598,Movie,Documentaries
s2599,Movie,Stand-Up Comedy
s2600,Movie,Stand-Up Comedy
s2601,TV Show,TV Horror
s2601,TV Show,TV Mysteries
s2601,TV Show,TV Thrillers
s2602,Movie,Stand-Up Comedy
s2603,Movie,Stand-Up Comedy
s2604,Movie,International Movies
s2604,Movie,Music & Musicals
s2605,Movie,Comedies
s2605,Movie,Horror Movies
s2605,Movie,International Movies
s2606,TV Show,Crime TV Shows
s2606,TV Show,TV Dramas
s2607,TV Show,International TV Shows
s2607,TV Show,Romantic TV Shows
s2607,TV Show,TV Comedies
s2608,TV Show,International TV Shows
s2608,TV Show,Korean TV Shows
s2608,TV Show,TV Dramas
s2609,Movie,Comedies
s2609,Movie,Romantic Movies
s2610,Movie,Dramas
s2610,Movie,Independent Movies
s2610,Movie,International Movies
s2611,Movie,Comedies
s2611,Movie,International Movies
s2611,Movie,Music & Musicals
s2612,Movie,Horror Movies
s2612,Movie,Independent Movies
s2613,TV Show,Crime TV Shows
s2613,TV Show,Docuseries
s2614,Movie,Action & Adventure
s2614,Movie,Comedies
s2614,Movie,Dramas
s2615,Movie,Dramas
s2615,Movie,International Movies
s2615,Movie,Romantic Movies
s2616,Movie,Comedies
s2616,Movie,International Movies
s2616,Movie,Romantic Movies
s2617,TV Show,British TV Shows
s2617,TV Show,Crime TV Shows
s2617,TV Show,International TV Shows
s2618,TV Show,Crime TV Shows
s2618,TV Show,TV Action & Adventure
s2618,TV Show,TV Comedies
s2619,TV Show,TV Comedies
s2619,TV Show,TV Dramas
s2620,Movie,Dramas
s2620,Movie,International Movies
s2621,Movie,Dramas
s2621,Movie,Independent Movies
s2621,Movie,International Movies
s2622,Movie,Action & Adventure
s2623,Movie,Dramas
s2624,Movie,Dramas
s2624,Movie,Independent Movies
s2625,Movie,Action & Adventure
s2625,Movie,International Movies
s2625,Movie,Sci-Fi & Fantasy
s2626,TV Show,TV Comedies
s2627,Movie,Stand-Up Comedy
s2628,Movie,Dramas
s2628,Movie,International Movies
s2629,Movie,Stand-Up Comedy
s2630,Movie,Documentaries
s2630,Movie,Sports Movies
s2631,Movie,Comedies
s2631,Movie,Cult Movies
s2632,Movie,Comedies
s2632,Movie,Cult Movies
s2633,Movie,Documentaries
s2634,TV Show,British TV Shows
s2634,TV Show,Crime TV Shows
s2634,TV Show,Docuseries
s2635,Movie,Children & Family Movies
s2635,Movie,Comedies
s2636,TV Show,Kids' TV
s2636,TV Show,TV Comedies
s2637,Movie,Documentaries
s2637,Movie,Sports Movies
s2638,Movie,Documentaries
s2639,TV Show,TV Comedies
s2639,TV Show,TV Dramas
s2640,Movie,Dramas
s2640,Movie,International Movies
s2641,TV Show,Kids' TV
s2641,TV Show,TV Comedies
s2642,Movie,Stand-Up Comedy
s2643,Movie,Comedies
s2643,Movie,Dramas
s2643,Movie,International Movies
s2644,Movie,Action & Adventure
s2644,Movie,Comedies
s2644,Movie,Dramas
s2645,TV Show,Crime TV Shows
s2645,TV Show,International TV Shows
s2645,TV Show,TV Comedies
s2646,TV Show,Crime TV Shows
s2646,TV Show,International TV Shows
s2646,TV Show,TV Comedies
s2647,Movie,Documentaries
s2647,Movie,International Movies
s2648,TV Show,Kids' TV
s2649,TV Show,TV Comedies
s2649,TV Show,Teen TV Shows
s2650,TV Show,International TV Shows
s2650,TV Show,Romantic TV Shows
s2650,TV Show,TV Dramas
s2651,Movie,Comedies
s2651,Movie,Dramas
s2651,Movie,International Movies
s2652,TV Show,Reality TV
s2652,TV Show,TV Horror
s2652,TV Show,TV Thrillers
s2653,TV Show,Kids' TV
s2653,TV Show,Korean TV Shows
s2654,Movie,Documentaries
s2654,Movie,Horror Movies
s2655,Movie,Horror Movies
s2655,Movie,Independent Movies
s2656,Movie,Documentaries
s2657,TV Show,Crime TV Shows
s2657,TV Show,International TV Shows
s2657,TV Show,TV Dramas
s2658,Movie,Documentaries
s2658,Movie,International Movies
s2659,TV Show,Classic & Cult TV
s2659,TV Show,TV Horror
s2659,TV Show,TV Mysteries
s2660,Movie,Horror Movies
s2660,Movie,Thrillers
s2661,Movie,Dramas
s2661,Movie,International Movies
s2661,Movie,Romantic Movies
s2662,Movie,Comedies
s2662,Movie,Dramas
s2662,Movie,International Movies
s2663,Movie,Action & Adventure
s2664,Movie,Dramas
s2664,Movie,International Movies
s2664,Movie,Romantic Movies
s2665,Movie,Stand-Up Comedy
s2666,Movie,Comedies
s2666,Movie,International Movies
s2667,Movie,Documentaries
s2668,Movie,Comedies
s2668,Movie,Horror Movies
s2669,Movie,Horror Movies
s2669,Movie,Thrillers
s2670,Movie,Horror Movies
s2670,Movie,Independent Movies
s2671,Movie,Dramas
s2671,Movie,Independent Movies
s2671,Movie,LGBTQ Movies
s2672,Movie,Action & Adventure
s2672,Movie,International Movies
s2673,TV Show,Docuseries
s2673,TV Show,Science & Nature TV
s2674,Movie,Dramas
s2674,Movie,Independent Movies
s2674,Movie,International Movies
s2675,Movie,Documentaries
s2676,TV Show,International TV Shows
s2676,TV Show,TV Dramas
s2677,TV Show,International TV Shows
s2677,TV Show,TV Dramas
s2677,TV Show,Teen TV Shows
s2678,Movie,Comedies
s2678,Movie,Romantic Movies
s2679,TV Show,TV Dramas
s2680,Movie,Thrillers
s2681,Movie,Dramas
s2681,Movie,International Movies
s2682,TV Show,International TV Shows
s2682,TV Show,Korean TV Shows
s2682,TV Show,TV Dramas
s2683,TV Show,International TV Shows
s2683,TV Show,Reality TV
s2684,Movie,Children & Family Movies
s2685,TV Show,Kids' TV
s2686,TV Show,Kids' TV
s2686,TV Show,Spanish-Language TV Shows
s2687,Movie,Action & Adventure
s2687,Movie,International Movies
s2688,TV Show,TV Horror
s2688,TV Show,TV Mysteries
s2688,TV Show,TV Sci-Fi & Fantasy
s2689,Movie,Action & Adventure
s2689,Movie,Comedies
s2689,Movie,Independent Movies
s2690,TV Show,Crime TV Shows
s2690,TV Show,TV Action & Adventure
s2691,Movie,Dramas
s2691,Movie,Independent Movies
s2692,Movie,Action & Adventure
s2692,Movie,Cult Movies
s2692,Movie,Sci-Fi & Fantasy
s2693,Movie,Action & Adventure
s2693,Movie,Comedies
s2693,Movie,International Movies
s2694,TV Show,Kids' TV
s2695,Movie,Dramas
s2695,Movie,International Movies
s2695,Movie,Romantic Movies
s2696,TV Show,International TV Shows
s2696,TV Show,Korean TV Shows
s2696,TV Show,Romantic TV Shows
s2697,Movie,Documentaries
s2698,TV Show,TV Horror
s2698,TV Show,TV Mysteries
s2698,TV Show,TV Thrillers
s2699,Movie,Dramas
s2699,Movie,International Movies
s2700,TV Show,Kids' TV
s2700,TV Show,TV Comedies
s2701,Movie,Dramas
s2701,Movie,Romantic Movies
s2701,Movie,Sci-Fi & Fantasy
s2702,TV Show,International TV Shows
s2702,TV Show,Spanish-Language TV Shows
s2702,TV Show,TV Dramas
s2703,Movie,Dramas
s2704,Movie,Action & Adventure
s2704,Movie,Comedies
s2704,Movie,Dramas
s2705,Movie,Horror Movies
s2706,TV Show,International TV Shows
s2706,TV Show,Romantic TV Shows
s2706,TV Show,TV Dramas
s2707,Movie,Documentaries
s2707,Movie,International Movies
s2708,Movie,Action & Adventure
s2708,Movie,International Movies
s2709,TV Show,Anime Series
s2709,TV Show,Crime TV Shows
s2709,TV Show,International TV Shows
s2710,Movie,Action & Adventure
s2710,Movie,Comedies
s2710,Movie,International Movies
s2711,Movie,Documentaries
s2712,Movie,Dramas
s2712,Movie,International Movies
s2713,TV Show,International TV Shows
s2713,TV Show,TV Dramas
s2714,Movie,Children & Family Movies
s2714,Movie,Comedies
s2715,TV Show,International TV Shows
s2715,TV Show,Korean TV Shows
s2715,TV Show,Romantic TV Shows
s2716,TV Show,Anime Series
s2716,TV Show,International TV Shows
s2716,TV Show,Romantic TV Shows
s2717,TV Show,International TV Shows
s2717,TV Show,TV Dramas
s2718,Movie,Action & Adventure
s2719,Movie,Dramas
s2719,Movie,Independent Movies
s2719,Movie,Thrillers
s2720,TV Show,International TV Shows
s2720,TV Show,Korean TV Shows
s2720,TV Show,Reality TV
s2721,TV Show,Crime TV Shows
s2721,TV Show,International TV Shows
s2721,TV Show,TV Dramas
s2722,Movie,Horror Movies
s2722,Movie,International Movies
s2722,Movie,Thrillers
s2723,Movie,International Movies
s2723,Movie,Thrillers
s2724,Movie,Action & Adventure
s2724,Movie,International Movies
s2725,Movie,Action & Adventure
s2725,Movie,International Movies
s2726,Movie,Action & Adventure
s2726,Movie,International Movies
s2727,Movie,Action & Adventure
s2727,Movie,International Movies
s2728,Movie,Action & Adventure
s2728,Movie,International Movies
s2729,Movie,Comedies
s2729,Movie,International Movies
s2729,Movie,Romantic Movies
s2730,Movie,Dramas
s2730,Movie,Sports Movies
s2731,TV Show,Docuseries
s2731,TV Show,Reality TV
s2732,TV Show,Docuseries
s2732,TV Show,Science & Nature TV
s2733,TV Show,Crime TV Shows
s2733,TV Show,International TV Shows
s2733,TV Show,Spanish-Language TV Shows
s2734,Movie,Dramas
s2734,Movie,International Movies
s2735,Movie,Dramas
s2735,Movie,Music & Musicals
s2735,Movie,Romantic Movies
s2736,TV Show,Docuseries
s2736,TV Show,International TV Shows
s2737,Movie,Documentaries
s2737,Movie,International Movies
s2737,Movie,Music & Musicals
s2738,Movie,Action & Adventure
s2738,Movie,Dramas
s2738,Movie,International Movies
s2739,TV Show,Reality TV
s2740,TV Show,TV Dramas
s2741,Movie,International Movies
s2741,Movie,Music & Musicals
s2742,TV Show,Kids' TV
s2743,Movie,Dramas
s2744,Movie,Action & Adventure
s2744,Movie,Comedies
s2744,Movie,International Movies
s2745,TV Show,British TV Shows
s2745,TV Show,Crime TV Shows
s2745,TV Show,International TV Shows
s2746,TV Show,Docuseries
s2746,TV Show,International TV Shows
s2747,Movie,Documentaries
s2748,Movie,Horror Movies
s2748,Movie,Independent Movies
s2749,Movie,Horror Movies
s2749,Movie,International Movies
s2749,Movie,Thrillers
s2750,TV Show,Crime TV Shows
s2750,TV Show,International TV Shows
s2750,TV Show,Spanish-Language TV Shows
s2751,TV Show,Stand-Up Comedy & Talk Shows
s2751,TV Show,TV Comedies
s2752,TV Show,British TV Shows
s2752,TV Show,Docuseries
s2752,TV Show,International TV Shows
s2753,Movie,Dramas
s2753,Movie,International Movies
s2754,TV Show,Docuseries
s2754,TV Show,TV Comedies
s2755,TV Show,British TV Shows
s2755,TV Show,Docuseries
s2756,Movie,Action & Adventure
s2756,Movie,Comedies
s2756,Movie,Romantic Movies
s2757,Movie,Comedies
s2757,Movie,Romantic Movies
s2758,Movie,Documentaries
s2758,Movie,International Movies
s2759,TV Show,British TV Shows
s2759,TV Show,Docuseries
s2759,TV Show,International TV Shows
s2760,Movie,Documentaries
s2760,Movie,Sports Movies
s2761,Movie,Documentaries
s2761,Movie,International Movies
s2762,TV Show,International TV Shows
s2762,TV Show,TV Comedies
s2762,TV Show,TV Dramas
s2763,Movie,Dramas
s2763,Movie,International Movies
s2763,Movie,Romantic Movies
s2764,TV Show,Reality TV
s2765,TV Show,British TV Shows
s2765,TV Show,TV Comedies
s2766,TV Show,Kids' TV
s2767,Movie,Comedies
s2767,Movie,Dramas
s2767,Movie,International Movies
s2768,Movie,Action & Adventure
s2768,Movie,Dramas
s2769,Movie,Dramas
s2769,Movie,International Movies
s2769,Movie,LGBTQ Movies
s2770,Movie,Dramas
s2770,Movie,International Movies
s2771,Movie,Comedies
s2771,Movie,Romantic Movies
s2772,TV Show,Reality TV
s2773,Movie,Children & Family Movies
s2773,Movie,Dramas
s2773,Movie,Romantic Movies
s2774,Movie,Children & Family Movies
s2774,Movie,Dramas
s2775,TV Show,International TV Shows
s2775,TV Show,TV Dramas
s2776,Movie,Comedies
s2776,Movie,Horror Movies
s2777,Movie,Children & Family Movies
s2777,Movie,Comedies
s2777,Movie,Romantic Movies
s2778,TV Show,TV Dramas
s2779,Movie,Comedies
s2779,Movie,Dramas
s2779,Movie,Faith & Spirituality
s2780,Movie,Children & Family Movies
s2780,Movie,Comedies
s2780,Movie,International Movies
s2781,Movie,Comedies
s2781,Movie,International Movies
s2781,Movie,Sports Movies
s2782,Movie,Documentaries
s2783,Movie,Comedies
s2783,Movie,Faith & Spirituality
s2783,Movie,International Movies
s2784,Movie,Comedies
s2784,Movie,Faith & Spirituality
s2784,Movie,International Movies
s2785,Movie,Dramas
s2785,Movie,International Movies
s2786,TV Show,International TV Shows
s2786,TV Show,Romantic TV Shows
s2786,TV Show,TV Comedies
s2787,TV Show,Docuseries
s2788,Movie,Dramas
s2788,Movie,Thrillers
s2789,TV Show,Kids' TV
s2789,TV Show,TV Comedies
s2790,Movie,Documentaries
s2790,Movie,Music & Musicals
s2791,Movie,Dramas
s2791,Movie,Independent Movies
s2791,Movie,International Movies
s2792,TV Show,International TV Shows
s2792,TV Show,TV Dramas
s2793,Movie,Romantic Movies
s2794,Movie,Dramas
s2794,Movie,Romantic Movies
s2795,Movie,Dramas
s2796,Movie,Comedies
s2796,Movie,Dramas
s2796,Movie,International Movies
s2797,Movie,Dramas
s2797,Movie,Independent Movies
s2798,TV Show,International TV Shows
s2798,TV Show,TV Comedies
s2798,TV Show,TV Dramas
s2799,Movie,Children & Family Movies
s2799,Movie,Comedies
s2800,Movie,Children & Family Movies
s2801,TV Show,TV Comedies
s2802,Movie,Children & Family Movies
s2802,Movie,Comedies
s2803,Movie,Children & Family Movies
s2803,Movie,Comedies
s2803,Movie,Dramas
s2804,Movie,Documentaries
s2804,Movie,International Movies
s2805,Movie,Dramas
s2806,Movie,Documentaries
s2806,Movie,International Movies
s2806,Movie,Sports Movies
s2807,TV Show,International TV Shows
s2807,TV Show,Romantic TV Shows
s2807,TV Show,TV Dramas
s2808,Movie,Dramas
s2808,Movie,Horror Movies
s2808,Movie,Sci-Fi & Fantasy
s2809,TV Show,British TV Shows
s2809,TV Show,Kids' TV
s2809,TV Show,TV Comedies
s2810,Movie,Children & Family Movies
s2810,Movie,Comedies
s2811,TV Show,British TV Shows
s2811,TV Show,Docuseries
s2811,TV Show,International TV Shows
s2812,Movie,Horror Movies
s2812,Movie,International Movies
s2813,Movie,Dramas
s2813,Movie,Independent Movies
s2814,TV Show,International TV Shows
s2814,TV Show,Korean TV Shows
s2814,TV Show,TV Comedies
s2815,Movie,Documentaries
s2815,Movie,International Movies
s2816,Movie,Documentaries
s2816,Movie,International Movies
s2817,Movie,Dramas
s2818,Movie,Comedies
s2819,TV Show,Romantic TV Shows
s2819,TV Show,TV Comedies
s2820,Movie,Dramas
s2820,Movie,International Movies
s2821,Movie,Documentaries
s2822,TV Show,Docuseries
s2823,Movie,Comedies
s2823,Movie,Independent Movies
s2824,Movie,Comedies
s2824,Movie,Sports Movies
s2825,Movie,Dramas
s2825,Movie,International Movies
s2825,Movie,Romantic Movies
s2826,TV Show,Crime TV Shows
s2826,TV Show,International TV Shows
s2826,TV Show,TV Dramas
s2827,Movie,Children & Family Movies
s2827,Movie,Comedies
s2828,Movie,Classic Movies
s2828,Movie,Dramas
s2828,Movie,International Movies
s2829,TV Show,Kids' TV
s2829,TV Show,TV Comedies
s2830,Movie,Children & Family Movies
s2830,Movie,Comedies
s2831,Movie,Comedies
s2831,Movie,Independent Movies
s2831,Movie,International Movies
s2832,Movie,Horror Movies
s2832,Movie,Thrillers
s2833,TV Show,TV Dramas
s2833,TV Show,TV Thrillers
s2834,Movie,Horror Movies
s2835,Movie,Documentaries
s2836,Movie,Comedies
s2836,Movie,Independent Movies
s2836,Movie,International Movies
s2837,Movie,Comedies
s2838,Movie,Action & Adventure
s2838,Movie,Sci-Fi & Fantasy
s2839,Movie,Documentaries
s2839,Movie,Music & Musicals
s2840,Movie,Children & Family Movies
s2840,Movie,Comedies
s2841,Movie,Comedies
s2842,Movie,Comedies
s2843,Movie,Documentaries
s2843,Movie,International Movies
s2844,TV Show,Crime TV Shows
s2844,TV Show,Docuseries
s2845,TV Show,Crime TV Shows
s2845,TV Show,TV Dramas
s2845,TV Show,TV Mysteries
s2846,Movie,Comedies
s2846,Movie,International Movies
s2846,Movie,Romantic Movies
s2847,TV Show,British TV Shows
s2847,TV Show,International TV Shows
s2847,TV Show,Reality TV
s2848,Movie,Dramas
s2848,Movie,Romantic Movies
s2849,TV Show,International TV Shows
s2849,TV Show,TV Comedies
s2849,TV Show,TV Dramas
s2850,TV Show,Crime TV Shows
s2850,TV Show,International TV Shows
s2850,TV Show,TV Comedies
s2851,Movie,Documentaries
s2852,Movie,Children & Family Movies
s2853,Movie,Documentaries
s2854,Movie,Classic Movies
s2854,Movie,Dramas
s2854,Movie,Independent Movies
s2855,Movie,Dramas
s2855,Movie,International Movies
s2856,Movie,Comedies
s2856,Movie,Horror Movies
s2857,TV Show,TV Comedies
s2858,Movie,Children & Family Movies
s2858,Movie,Dramas
s2859,Movie,Action & Adventure
s2859,Movie,Sci-Fi & Fantasy
s2860,Movie,Classic Movies
s2860,Movie,Dramas
s2860,Movie,International Movies
s2861,Movie,Dramas
s2861,Movie,International Movies
s2861,Movie,Music & Musicals
s2862,Movie,Documentaries
s2863,Movie,International Movies
s2863,Movie,Music & Musicals
s2863,Movie,Romantic Movies
s2864,Movie,Comedies
s2864,Movie,International Movies
s2864,Movie,Romantic Movies
s2865,TV Show,International TV Shows
s2865,TV Show,Romantic TV Shows
s2865,TV Show,TV Dramas
s2866,Movie,Horror Movies
s2866,Movie,Independent Movies
s2866,Movie,International Movies
s2867,Movie,Action & Adventure
s2867,Movie,Comedies
s2867,Movie,Dramas
s2868,Movie,Action & Adventure
s2869,Movie,Dramas
s2869,Movie,International Movies
s2870,TV Show,Anime Series
s2870,TV Show,International TV Shows
s2871,Movie,Action & Adventure
s2871,Movie,Independent Movies
s2872,Movie,Comedies
s2872,Movie,International Movies
s2872,Movie,Romantic Movies
s2873,TV Show,British TV Shows
s2873,TV Show,Docuseries
s2874,TV Show,Kids' TV
s2875,Movie,Comedies
s2875,Movie,Independent Movies
s2875,Movie,LGBTQ Movies
s2876,Movie,Comedies
s2876,Movie,Independent Movies
s2876,Movie,LGBTQ Movies
s2877,Movie,Comedies
s2877,Movie,International Movies
s2877,Movie,Music & Musicals
s2878,Movie,Horror Movies
s2878,Movie,Thrillers
s2879,Movie,Dramas
s2879,Movie,Independent Movies
s2879,Movie,Music & Musicals
s2880,TV Show,International TV Shows
s2880,TV Show,Korean TV Shows
s2880,TV Show,Romantic TV Shows
s2881,TV Show,International TV Shows
s2881,TV Show,Korean TV Shows
s2881,TV Show,Romantic TV Shows
s2882,TV Show,International TV Shows
s2882,TV Show,Korean TV Shows
s2882,TV Show,Reality TV
s2883,TV Show,Docuseries
s2883,TV Show,International TV Shows
s2884,TV Show,Reality TV
s2885,Movie,Horror Movies
s2885,Movie,International Movies
s2885,Movie,Thrillers
s2886,Movie,Dramas
s2886,Movie,Independent Movies
s2886,Movie,International Movies
s2887,TV Show,British TV Shows
s2887,TV Show,Crime TV Shows
s2887,TV Show,Docuseries
s2888,TV Show,British TV Shows
s2888,TV Show,Crime TV Shows
s2888,TV Show,Docuseries
s2889,Movie,Documentaries
s2889,Movie,Sports Movies
s2890,Movie,Documentaries
s2890,Movie,LGBTQ Movies
s2891,Movie,Documentaries
s2892,Movie,Dramas
s2892,Movie,Independent Movies
s2892,Movie,International Movies
s2893,Movie,Children & Family Movies
s2893,Movie,Comedies
s2893,Movie,Dramas
s2894,Movie,Documentaries
s2895,TV Show,International TV Shows
s2895,TV Show,Spanish-Language TV Shows
s2895,TV Show,TV Comedies
s2896,Movie,Dramas
s2896,Movie,LGBTQ Movies
s2897,Movie,International Movies
s2897,Movie,Sci-Fi & Fantasy
s2897,Movie,Thrillers
s2898,Movie,Comedies
s2898,Movie,International Movies
s2898,Movie,Romantic Movies
s2899,Movie,Comedies
s2899,Movie,Dramas
s2899,Movie,International Movies
s2900,TV Show,TV Comedies
s2900,TV Show,TV Dramas
s2900,TV Show,TV Sci-Fi & Fantasy
s2901,Movie,Documentaries
s2902,Movie,Documentaries
s2902,Movie,International Movies
s2903,Movie,Horror Movies
s2903,Movie,International Movies
s2903,Movie,Thrillers
s2904,Movie,Action & Adventure
s2905,Movie,Action & Adventure
s2906,Movie,Dramas
s2906,Movie,Music & Musicals
s2907,Movie,Action & Adventure
s2907,Movie,Dramas
s2908,Movie,Documentaries
s2908,Movie,Music & Musicals
s2909,Movie,Dramas
s2909,Movie,Independent Movies
s2909,Movie,Thrillers
s2910,Movie,Comedies
s2911,Movie,Children & Family Movies
s2911,Movie,Documentaries
s2912,Movie,Comedies
s2912,Movie,International Movies
s2912,Movie,Romantic Movies
s2913,Movie,Comedies
s2913,Movie,International Movies
s2913,Movie,Music & Musicals
s2914,TV Show,International TV Shows
s2914,TV Show,TV Comedies
s2914,TV Show,TV Dramas
s2915,TV Show,International TV Shows
s2915,TV Show,Romantic TV Shows
s2915,TV Show,TV Dramas
s2916,Movie,Dramas
s2916,Movie,Independent Movies
s2916,Movie,International Movies
s2917,Movie,Comedies
s2917,Movie,International Movies
s2917,Movie,Romantic Movies
s2918,TV Show,TV Comedies
s2919,Movie,Dramas
s2919,Movie,Independent Movies
s2919,Movie,Romantic Movies
s2920,Movie,Dramas
s2920,Movie,Independent Movies
s2921,Movie,Comedies
s2921,Movie,Dramas
s2921,Movie,Independent Movies
s2922,Movie,Documentaries
s2922,Movie,Music & Musicals
s2923,Movie,Stand-Up Comedy
s2924,Movie,Dramas
s2924,Movie,Faith & Spirituality
s2924,Movie,Romantic Movies
s2925,Movie,Documentaries
s2925,Movie,International Movies
s2926,Movie,Dramas
s2926,Movie,Independent Movies
s2926,Movie,International Movies
s2927,TV Show,TV Comedies
s2928,Movie,Dramas
s2928,Movie,Independent Movies
s2929,TV Show,Reality TV
s2930,Movie,Dramas
s2930,Movie,International Movies
s2930,Movie,Thrillers
s2931,Movie,Comedies
s2931,Movie,Romantic Movies
s2932,Movie,International Movies
s2932,Movie,Sci-Fi & Fantasy
s2932,Movie,Thrillers
s2933,Movie,Documentaries
s2933,Movie,Sports Movies
s2934,TV Show,International TV Shows
s2934,TV Show,TV Action & Adventure
s2934,TV Show,TV Sci-Fi & Fantasy
s2935,Movie,Documentaries
s2935,Movie,International Movies
s2935,Movie,Sports Movies
s2936,Movie,Action & Adventure
s2936,Movie,International Movies
s2936,Movie,Sci-Fi & Fantasy
s2937,TV Show,Anime Series
s2937,TV Show,International TV Shows
s2938,Movie,Comedies
s2938,Movie,International Movies
s2938,Movie,Romantic Movies
s2939,TV Show,Reality TV
s2939,TV Show,TV Comedies
s2940,Movie,Dramas
s2941,TV Show,International TV Shows
s2941,TV Show,Romantic TV Shows
s2941,TV Show,TV Dramas
s2942,TV Show,Docuseries
s2942,TV Show,Kids' TV
s2942,TV Show,Science & Nature TV
s2943,Movie,Children & Family Movies
s2944,Movie,Dramas
s2944,Movie,Independent Movies
s2944,Movie,International Movies
s2945,Movie,Stand-Up Comedy
s2946,Movie,Stand-Up Comedy
s2947,Movie,Stand-Up Comedy
s2948,Movie,Stand-Up Comedy
s2949,Movie,Stand-Up Comedy
s2950,Movie,Action & Adventure
s2950,Movie,International Movies
s2950,Movie,Sci-Fi & Fantasy
s2951,Movie,Children & Family Movies
s2951,Movie,Comedies
s2951,Movie,Sci-Fi & Fantasy
s2952,Movie,Dramas
s2952,Movie,Independent Movies
s2952,Movie,International Movies
s2953,TV Show,Docuseries
s2954,Movie,Dramas
s2954,Movie,International Movies
s2954,Movie,Romantic Movies
s2955,TV Show,International TV Shows
s2955,TV Show,Korean TV Shows
s2955,TV Show,TV Dramas
s2956,TV Show,International TV Shows
s2956,TV Show,TV Dramas
s2956,TV Show,TV Horror
s2957,Movie,Action & Adventure
s2957,Movie,International Movies
s2958,Movie,Dramas
s2959,TV Show,Crime TV Shows
s2959,TV Show,International TV Shows
s2959,TV Show,TV Comedies
s2960,Movie,Action & Adventure
s2961,TV Show,International TV Shows
s2961,TV Show,Romantic TV Shows
s2961,TV Show,TV Comedies
s2962,Movie,Independent Movies
s2962,Movie,International Movies
s2962,Movie,Thrillers
s2963,Movie,Dramas
s2964,Movie,Comedies
s2964,Movie,Dramas
s2964,Movie,International Movies
s2965,TV Show,Crime TV Shows
s2965,TV Show,International TV Shows
s2965,TV Show,TV Dramas
s2966,TV Show,International TV Shows
s2966,TV Show,Romantic TV Shows
s2966,TV Show,TV Dramas
s2967,Movie,Dramas
s2967,Movie,International Movies
s2968,Movie,Dramas
s2968,Movie,International Movies
s2969,Movie,International Movies
s2969,Movie,Sci-Fi & Fantasy
s2969,Movie,Thrillers
s2970,Movie,Action & Adventure
s2970,Movie,Dramas
s2971,TV Show,International TV Shows
s2971,TV Show,TV Dramas
s2972,TV Show,Crime TV Shows
s2972,TV Show,TV Dramas
s2973,Movie,Horror Movies
s2973,Movie,International Movies
s2973,Movie,Thrillers
s2974,Movie,Dramas
s2974,Movie,International Movies
s2974,Movie,Thrillers
s2975,Movie,Dramas
s2975,Movie,Sci-Fi & Fantasy
s2975,Movie,Thrillers
s2976,Movie,Horror Movies
s2976,Movie,Thrillers
s2977,Movie,Anime Features
s2977,Movie,Children & Family Movies
s2977,Movie,International Movies
s2978,TV Show,International TV Shows
s2978,TV Show,Romantic TV Shows
s2978,TV Show,TV Comedies
s2979,Movie,Horror Movies
s2979,Movie,Thrillers
s2980,Movie,Action & Adventure
s2980,Movie,Sci-Fi & Fantasy
s2980,Movie,Thrillers
s2981,Movie,Dramas
s2981,Movie,International Movies
s2981,Movie,Romantic Movies
s2982,Movie,Action & Adventure
s2982,Movie,Sci-Fi & Fantasy
s2983,Movie,Dramas
s2983,Movie,International Movies
s2983,Movie,Romantic Movies
s2984,Movie,Thrillers
s2985,Movie,Documentaries
s2986,Movie,Children & Family Movies
s2986,Movie,Comedies
s2987,Movie,Dramas
s2987,Movie,Independent Movies
s2987,Movie,International Movies
s2988,TV Show,British TV Shows
s2988,TV Show,Docuseries
s2988,TV Show,Science & Nature TV
s2989,Movie,Dramas
s2989,Movie,Independent Movies
s2989,Movie,Sports Movies
s2990,TV Show,Reality TV
s2990,TV Show,Romantic TV Shows
s2991,Movie,Action & Adventure
s2991,Movie,Children & Family Movies
s2991,Movie,Sci-Fi & Fantasy
s2992,Movie,Action & Adventure
s2992,Movie,Children & Family Movies
s2992,Movie,Classic Movies
s2993,Movie,Action & Adventure
s2993,Movie,Children & Family Movies
s2993,Movie,Classic Movies
s2994,Movie,Action & Adventure
s2994,Movie,Children & Family Movies
s2994,Movie,Classic Movies
s2995,Movie,Dramas
s2995,Movie,Thrillers
s2996,Movie,Documentaries
s2997,Movie,Documentaries
s2997,Movie,International Movies
s2998,Movie,Action & Adventure
s2999,TV Show,Crime TV Shows
s2999,TV Show,International TV Shows
s2999,TV Show,Spanish-Language TV Shows
s3000,TV Show,Anime Series
s3000,TV Show,Crime TV Shows
s3000,TV Show,International TV Shows
s3001,TV Show,International TV Shows
s3001,TV Show,Korean TV Shows
s3001,TV Show,Romantic TV Shows
s3002,Movie,Horror Movies
s3002,Movie,International Movies
s3002,Movie,Romantic Movies
s3003,TV Show,Crime TV Shows
s3003,TV Show,International TV Shows
s3003,TV Show,TV Dramas
s3004,Movie,Action & Adventure
s3004,Movie,International Movies
s3005,TV Show,Reality TV
s3006,Movie,Dramas
s3006,Movie,International Movies
s3006,Movie,Romantic Movies
s3007,Movie,Action & Adventure
s3007,Movie,Children & Family Movies
s3007,Movie,Sci-Fi & Fantasy
s3008,TV Show,International TV Shows
s3008,TV Show,TV Comedies
s3009,TV Show,Crime TV Shows
s3009,TV Show,International TV Shows
s3009,TV Show,TV Dramas
s3010,Movie,Action & Adventure
s3010,Movie,Dramas
s3010,Movie,International Movies
s3011,TV Show,TV Comedies
s3011,TV Show,TV Dramas
s3011,TV Show,Teen TV Shows
s3012,TV Show,Docuseries
s3012,TV Show,Science & Nature TV
s3013,Movie,Action & Adventure
s3014,TV Show,Crime TV Shows
s3014,TV Show,Docuseries
s3014,TV Show,International TV Shows
s3015,TV Show,British TV Shows
s3015,TV Show,Docuseries
s3015,TV Show,International TV Shows
s3016,TV Show,Crime TV Shows
s3016,TV Show,Docuseries
s3017,TV Show,Docuseries
s3017,TV Show,International TV Shows
s3018,TV Show,British TV Shows
s3018,TV Show,Crime TV Shows
s3018,TV Show,Docuseries
s3019,TV Show,British TV Shows
s3019,TV Show,Crime TV Shows
s3019,TV Show,Docuseries
s3020,Movie,Horror Movies
s3020,Movie,Thrillers
s3021,TV Show,Crime TV Shows
s3021,TV Show,Kids' TV
s3021,TV Show,TV Comedies
s3022,TV Show,Reality TV
s3023,TV Show,International TV Shows
s3023,TV Show,Reality TV
s3024,Movie,Comedies
s3024,Movie,Dramas
s3024,Movie,International Movies
s3025,TV Show,Crime TV Shows
s3025,TV Show,TV Dramas
s3026,TV Show,British TV Shows
s3026,TV Show,International TV Shows
s3026,TV Show,Reality TV
s3027,Movie,Comedies
s3028,Movie,Dramas
s3028,Movie,International Movies
s3028,Movie,Thrillers
s3029,TV Show,International TV Shows
s3029,TV Show,Romantic TV Shows
s3029,TV Show,TV Dramas
s3030,Movie,Documentaries
s3031,TV Show,TV Action & Adventure
s3032,Movie,Dramas
s3032,Movie,International Movies
s3032,Movie,Sci-Fi & Fantasy
s3033,Movie,Documentaries
s3034,TV Show,International TV Shows
s3034,TV Show,TV Dramas
s3034,TV Show,TV Mysteries
s3035,Movie,Action & Adventure
s3035,Movie,Dramas
s3035,Movie,Independent Movies
s3036,Movie,Dramas
s3036,Movie,International Movies
s3036,Movie,Thrillers
s3037,TV Show,Anime Series
s3037,TV Show,International TV Shows
s3038,Movie,Action & Adventure
s3038,Movie,Anime Features
s3038,Movie,International Movies
s3039,Movie,Action & Adventure
s3039,Movie,Anime Features
s3039,Movie,International Movies
s3040,Movie,Action & Adventure
s3040,Movie,Anime Features
s3040,Movie,International Movies
s3041,Movie,Action & Adventure
s3041,Movie,Anime Features
s3041,Movie,International Movies
s3042,Movie,Children & Family Movies
s3042,Movie,Comedies
s3042,Movie,Sci-Fi & Fantasy
s3043,Movie,Dramas
s3043,Movie,Sports Movies
s3044,Movie,Dramas
s3044,Movie,Independent Movies
s3044,Movie,International Movies
s3045,Movie,Documentaries
s3046,Movie,Dramas
s3046,Movie,Independent Movies
s3046,Movie,International Movies
s3047,Movie,Dramas
s3047,Movie,Sci-Fi & Fantasy
s3048,Movie,Action & Adventure
s3048,Movie,Dramas
s3048,Movie,International Movies
s3049,Movie,Action & Adventure
s3049,Movie,International Movies
s3050,Movie,Action & Adventure
s3050,Movie,Dramas
s3050,Movie,International Movies
s3051,Movie,Action & Adventure
s3051,Movie,Dramas
s3051,Movie,International Movies
s3052,Movie,Dramas
s3052,Movie,Independent Movies
s3052,Movie,International Movies
s3053,Movie,Comedies
s3053,Movie,Dramas
s3053,Movie,International Movies
s3054,TV Show,International TV Shows
s3054,TV Show,Korean TV Shows
s3054,TV Show,TV Action & Adventure
s3055,Movie,Documentaries
s3055,Movie,Sports Movies
s3056,Movie,Documentaries
s3056,Movie,International Movies
s3057,TV Show,International TV Shows
s3057,TV Show,Romantic TV Shows
s3057,TV Show,TV Dramas
s3058,Movie,Children & Family Movies
s3058,Movie,Sci-Fi & Fantasy
s3059,TV Show,Kids' TV
s3060,Movie,Action & Adventure
s3060,Movie,Comedies
s3060,Movie,International Movies
s3061,Movie,Dramas
s3061,Movie,Romantic Movies
s3062,TV Show,Anime Series
s3062,TV Show,International TV Shows
s3063,Movie,Dramas
s3063,Movie,Independent Movies
s3063,Movie,International Movies
s3064,Movie,International Movies
s3064,Movie,Romantic Movies
s3065,Movie,Comedies
s3065,Movie,International Movies
s3065,Movie,Music & Musicals
s3066,Movie,Dramas
s3066,Movie,International Movies
s3066,Movie,Romantic Movies
s3067,Movie,Comedies
s3067,Movie,International Movies
s3067,Movie,Romantic Movies
s3068,Movie,Comedies
s3068,Movie,International Movies
s3068,Movie,Romantic Movies
s3069,Movie,Documentaries
s3069,Movie,Faith & Spirituality
s3069,Movie,International Movies
s3070,TV Show,Docuseries
s3070,TV Show,International TV Shows
s3070,TV Show,Science & Nature TV
s3071,Movie,Comedies
s3071,Movie,International Movies
s3071,Movie,Romantic Movies
s3072,TV Show,International TV Shows
s3072,TV Show,Korean TV Shows
s3072,TV Show,Stand-Up Comedy & Talk Shows
s3073,Movie,Dramas
s3073,Movie,International Movies
s3073,Movie,Music & Musicals
s3074,Movie,Horror Movies
s3074,Movie,Independent Movies
s3075,Movie,Documentaries
s3076,Movie,Comedies
s3076,Movie,International Movies
s3076,Movie,Romantic Movies
s3077,Movie,Children & Family Movies
s3077,Movie,Comedies
s3078,TV Show,TV Comedies
s3079,Movie,Comedies
s3079,Movie,International Movies
s3079,Movie,Music & Musicals
s3080,Movie,Comedies
s3080,Movie,International Movies
s3080,Movie,Romantic Movies
s3081,Movie,Comedies
s3081,Movie,International Movies
s3081,Movie,Romantic Movies
s3082,TV Show,International TV Shows
s3082,TV Show,Korean TV Shows
s3082,TV Show,Romantic TV Shows
s3083,Movie,Comedies
s3083,Movie,International Movies
s3083,Movie,Music & Musicals
s3084,TV Show,International TV Shows
s3084,TV Show,Korean TV Shows
s3084,TV Show,TV Dramas
s3085,Movie,Dramas
s3085,Movie,International Movies
s3085,Movie,Thrillers
s3086,Movie,Documentaries
s3086,Movie,Sports Movies
s3087,Movie,Dramas
s3087,Movie,International Movies
s3087,Movie,Romantic Movies
s3088,TV Show,TV Comedies
s3088,TV Show,TV Dramas
s3088,TV Show,TV Horror
s3089,TV Show,Kids' TV
s3090,Movie,Children & Family Movies
s3091,TV Show,International TV Shows
s3091,TV Show,Reality TV
s3092,Movie,Action & Adventure
s3092,Movie,International Movies
s3093,Movie,Dramas
s3093,Movie,International Movies
s3093,Movie,Romantic Movies
s3094,Movie,Comedies
s3094,Movie,International Movies
s3094,Movie,Music & Musicals
s3095,Movie,Comedies
s3095,Movie,International Movies
s3095,Movie,Romantic Movies
s3096,Movie,Comedies
s3096,Movie,International Movies
s3096,Movie,Music & Musicals
s3097,Movie,Children & Family Movies
s3097,Movie,Music & Musicals
s3098,Movie,Documentaries
s3098,Movie,Sports Movies
s3099,TV Show,Crime TV Shows
s3099,TV Show,International TV Shows
s3099,TV Show,TV Dramas
s3100,Movie,Stand-Up Comedy
s3101,Movie,Stand-Up Comedy
s3102,Movie,Stand-Up Comedy
s3103,TV Show,British TV Shows
s3103,TV Show,Docuseries
s3103,TV Show,International TV Shows
s3104,Movie,Dramas
s3104,Movie,Thrillers
s3105,Movie,Documentaries
s3106,Movie,Comedies
s3106,Movie,Dramas
s3106,Movie,International Movies
s3107,Movie,Thrillers
s3108,Movie,Dramas
s3108,Movie,International Movies
s3108,Movie,Sports Movies
s3109,Movie,Comedies
s3109,Movie,Dramas
s3109,Movie,International Movies
s3110,Movie,Dramas
s3110,Movie,International Movies
s3111,Movie,Action & Adventure
s3111,Movie,Comedies
s3111,Movie,International Movies
s3112,Movie,Comedies
s3112,Movie,International Movies
s3112,Movie,Romantic Movies
s3113,Movie,Dramas
s3113,Movie,International Movies
s3114,TV Show,Reality TV
s3115,Movie,Action & Adventure
s3115,Movie,International Movies
s3116,Movie,Movies
s3117,Movie,Dramas
s3117,Movie,Independent Movies
s3117,Movie,International Movies
s3118,Movie,Dramas
s3118,Movie,Independent Movies
s3118,Movie,International Movies
s3119,TV Show,British TV Shows
s3119,TV Show,International TV Shows
s3119,TV Show,Stand-Up Comedy & Talk Shows
s3120,TV Show,Crime TV Shows
s3120,TV Show,International TV Shows
s3120,TV Show,TV Dramas
s3121,Movie,Comedies
s3121,Movie,Dramas
s3121,Movie,International Movies
s3122,Movie,Stand-Up Comedy
s3123,TV Show,Romantic TV Shows
s3123,TV Show,TV Comedies
s3123,TV Show,TV Dramas
s3124,Movie,Stand-Up Comedy
s3125,Movie,Dramas
s3125,Movie,Independent Movies
s3125,Movie,International Movies
s3126,TV Show,Anime Series
s3126,TV Show,International TV Shows
s3127,TV Show,International TV Shows
s3127,TV Show,Stand-Up Comedy & Talk Shows
s3128,Movie,Action & Adventure
s3128,Movie,Dramas
s3129,Movie,Comedies
s3129,Movie,Dramas
s3129,Movie,International Movies
s3130,Movie,Comedies
s3130,Movie,International Movies
s3130,Movie,Music & Musicals
s3131,Movie,Comedies
s3131,Movie,Cult Movies
s3132,Movie,Dramas
s3132,Movie,International Movies
s3132,Movie,Romantic Movies
s3133,Movie,Comedies
s3133,Movie,Dramas
s3133,Movie,International Movies
s3134,Movie,Stand-Up Comedy
s3135,Movie,Stand-Up Comedy
s3136,Movie,Stand-Up Comedy
s3137,Movie,Stand-Up Comedy
s3138,Movie,Stand-Up Comedy
s3139,Movie,Stand-Up Comedy
s3140,Movie,Stand-Up Comedy
s3141,Movie,Stand-Up Comedy
s3142,Movie,Stand-Up Comedy
s3143,Movie,Stand-Up Comedy
s3144,TV Show,Crime TV Shows
s3144,TV Show,Docuseries
s3145,Movie,Dramas
s3145,Movie,Music & Musicals
s3145,Movie,Sci-Fi & Fantasy
s3146,Movie,Stand-Up Comedy
s3147,Movie,Stand-Up Comedy
s3148,TV Show,Spanish-Language TV Shows
s3148,TV Show,TV Dramas
s3149,Movie,Documentaries
s3149,Movie,Stand-Up Comedy
s3150,TV Show,Reality TV
s3151,Movie,Documentaries
s3152,Movie,Documentaries
s3153,TV Show,Classic & Cult TV
s3153,TV Show,TV Action & Adventure
s3153,TV Show,TV Dramas
s3154,Movie,Stand-Up Comedy
s3155,Movie,Stand-Up Comedy
s3156,Movie,Documentaries
s3157,Movie,Stand-Up Comedy
s3158,Movie,Dramas
s3158,Movie,Music & Musicals
s3159,Movie,Children & Family Movies
s3159,Movie,Comedies
s3160,Movie,Documentaries
s3160,Movie,Faith & Spirituality
s3161,Movie,Documentaries
s3161,Movie,LGBTQ Movies
s3162,Movie,Dramas
s3162,Movie,Independent Movies
s3163,Movie,Documentaries
s3164,Movie,Comedies
s3164,Movie,International Movies
s3164,Movie,Music & Musicals
s3165,TV Show,International TV Shows
s3165,TV Show,TV Dramas
s3166,Movie,Documentaries
s3167,Movie,Stand-Up Comedy
s3168,Movie,Stand-Up Comedy
s3169,Movie,Stand-Up Comedy
s3170,Movie,Stand-Up Comedy
s3171,Movie,Stand-Up Comedy
s3172,Movie,Stand-Up Comedy
s3173,Movie,Stand-Up Comedy
s3174,Movie,Stand-Up Comedy
s3175,Movie,Stand-Up Comedy
s3176,Movie,Stand-Up Comedy
s3177,Movie,Documentaries
s3177,Movie,Music & Musicals
s3178,Movie,Stand-Up Comedy
s3179,Movie,Stand-Up Comedy
s3180,Movie,Children & Family Movies
s3180,Movie,Comedies
s3180,Movie,Sci-Fi & Fantasy
s3181,TV Show,International TV Shows
s3181,TV Show,TV Comedies
s3181,TV Show,TV Dramas
s3182,Movie,Dramas
s3182,Movie,International Movies
s3182,Movie,Romantic Movies
s3183,Movie,Children & Family Movies
s3183,Movie,Music & Musicals
s3184,TV Show,Kids' TV
s3185,TV Show,International TV Shows
s3185,TV Show,TV Dramas
s3185,TV Show,TV Mysteries
s3186,Movie,Children & Family Movies
s3186,Movie,Comedies
s3187,Movie,Documentaries
s3188,Movie,Action & Adventure
s3188,Movie,Dramas
s3188,Movie,International Movies
s3189,Movie,Stand-Up Comedy
s3190,Movie,Stand-Up Comedy
s3191,Movie,Stand-Up Comedy
s3192,Movie,Dramas
s3192,Movie,International Movies
s3192,Movie,Thrillers
s3193,Movie,Documentaries
s3194,Movie,Stand-Up Comedy
s3195,Movie,Stand-Up Comedy
s3196,Movie,Action & Adventure
s3196,Movie,Dramas
s3196,Movie,International Movies
s3197,Movie,Documentaries
s3197,Movie,International Movies
s3197,Movie,Music & Musicals
s3198,Movie,Stand-Up Comedy
s3199,Movie,Stand-Up Comedy
s3200,Movie,Stand-Up Comedy
s3201,Movie,Documentaries
s3201,Movie,International Movies
s3202,Movie,Documentaries
s3202,Movie,Music & Musicals
s3203,Movie,Action & Adventure
s3203,Movie,Sci-Fi & Fantasy
s3204,Movie,International Movies
s3204,Movie,Thrillers
s3205,Movie,Dramas
s3205,Movie,Thrillers
s3206,Movie,Stand-Up Comedy
s3207,Movie,Documentaries
s3207,Movie,Music & Musicals
s3208,Movie,Children & Family Movies
s3208,Movie,Comedies
s3209,Movie,Stand-Up Comedy
s3210,Movie,Stand-Up Comedy
s3211,Movie,Stand-Up Comedy
s3212,Movie,Documentaries
s3212,Movie,LGBTQ Movies
s3213,TV Show,Kids' TV
s3214,TV Show,Anime Series
s3214,TV Show,International TV Shows
s3215,TV Show,International TV Shows
s3215,TV Show,Romantic TV Shows
s3215,TV Show,TV Comedies
s3216,Movie,Comedies
s3216,Movie,International Movies
s3216,Movie,Music & Musicals
s3217,Movie,Dramas
s3217,Movie,Independent Movies
s3217,Movie,International Movies
s3218,Movie,Dramas
s3218,Movie,International Movies
s3219,Movie,Dramas
s3219,Movie,Independent Movies
s3219,Movie,Sci-Fi & Fantasy
s3220,TV Show,British TV Shows
s3220,TV Show,TV Dramas
s3220,TV Show,TV Sci-Fi & Fantasy
s3221,Movie,Action & Adventure
s3221,Movie,International Movies
s3222,Movie,Children & Family Movies
s3222,Movie,Dramas
s3222,Movie,Faith & Spirituality
s3223,Movie,Documentaries
s3224,TV Show,Docuseries
s3224,TV Show,International TV Shows
s3225,Movie,Comedies
s3225,Movie,International Movies
s3226,Movie,Dramas
s3226,Movie,Independent Movies
s3226,Movie,International Movies
s3227,TV Show,International TV Shows
s3227,TV Show,TV Horror
s3227,TV Show,TV Mysteries
s3228,TV Show,International TV Shows
s3228,TV Show,Spanish-Language TV Shows
s3228,TV Show,TV Dramas
s3229,TV Show,International TV Shows
s3229,TV Show,Spanish-Language TV Shows
s3229,TV Show,TV Dramas
s3230,Movie,Dramas
s3230,Movie,Independent Movies
s3230,Movie,Romantic Movies
s3231,Movie,Stand-Up Comedy
s3232,Movie,Stand-Up Comedy
s3233,Movie,Comedies
s3233,Movie,Dramas
s3233,Movie,International Movies
s3234,Movie,Comedies
s3234,Movie,International Movies
s3234,Movie,Romantic Movies
s3235,Movie,Action & Adventure
s3235,Movie,Comedies
s3235,Movie,International Movies
s3236,Movie,Children & Family Movies
s3236,Movie,Comedies
s3237,Movie,Documentaries
s3238,Movie,Comedies
s3238,Movie,Dramas
s3239,TV Show,Kids' TV
s3239,TV Show,TV Comedies
s3240,TV Show,Kids' TV
s3241,TV Show,Kids' TV
s3242,TV Show,International TV Shows
s3242,TV Show,Romantic TV Shows
s3242,TV Show,TV Dramas
s3243,TV Show,International TV Shows
s3243,TV Show,Korean TV Shows
s3243,TV Show,Romantic TV Shows
s3244,Movie,Comedies
s3244,Movie,Romantic Movies
s3245,Movie,Comedies
s3245,Movie,Dramas
s3245,Movie,Independent Movies
s3246,Movie,Action & Adventure
s3246,Movie,Sci-Fi & Fantasy
s3247,TV Show,Kids' TV
s3247,TV Show,TV Action & Adventure
s3247,TV Show,TV Sci-Fi & Fantasy
s3248,Movie,Comedies
s3248,Movie,International Movies
s3249,Movie,Dramas
s3249,Movie,International Movies
s3250,Movie,Comedies
s3250,Movie,Romantic Movies
s3251,Movie,Dramas
s3251,Movie,International Movies
s3251,Movie,Music & Musicals
s3252,Movie,International Movies
s3252,Movie,Romantic Movies
s3253,TV Show,International TV Shows
s3253,TV Show,Romantic TV Shows
s3253,TV Show,TV Comedies
s3254,Movie,Movies
s3255,TV Show,International TV Shows
s3255,TV Show,TV Dramas
s3256,Movie,Action & Adventure
s3256,Movie,Comedies
s3256,Movie,International Movies
s3257,Movie,Documentaries
s3257,Movie,Music & Musicals
s3258,Movie,Music & Musicals
s3259,TV Show,Kids' TV
s3260,TV Show,Kids' TV
s3261,Movie,Dramas
s3261,Movie,Independent Movies
s3262,TV Show,Anime Series
s3262,TV Show,Crime TV Shows
s3262,TV Show,International TV Shows
s3263,Movie,Action & Adventure
s3263,Movie,Dramas
s3264,TV Show,Anime Series
s3264,TV Show,Teen TV Shows
s3265,Movie,Anime Features
s3265,Movie,Music & Musicals
s3266,TV Show,International TV Shows
s3266,TV Show,Korean TV Shows
s3266,TV Show,Romantic TV Shows
s3267,TV Show,International TV Shows
s3267,TV Show,TV Comedies
s3267,TV Show,TV Dramas
s3268,TV Show,International TV Shows
s3268,TV Show,TV Comedies
s3268,TV Show,TV Sci-Fi & Fantasy
s3269,Movie,Comedies
s3269,Movie,International Movies
s3270,TV Show,Crime TV Shows
s3270,TV Show,International TV Shows
s3270,TV Show,TV Action & Adventure
s3271,Movie,Dramas
s3271,Movie,International Movies
s3272,Movie,Dramas
s3272,Movie,International Movies
s3272,Movie,Romantic Movies
s3273,Movie,Dramas
s3273,Movie,International Movies
s3273,Movie,Romantic Movies
s3274,Movie,Comedies
s3274,Movie,Dramas
s3274,Movie,International Movies
s3275,Movie,Horror Movies
s3275,Movie,International Movies
s3275,Movie,Thrillers
s3276,Movie,Horror Movies
s3276,Movie,International Movies
s3277,Movie,Action & Adventure
s3277,Movie,Dramas
s3277,Movie,International Movies
s3278,Movie,Dramas
s3278,Movie,International Movies
s3279,Movie,Action & Adventure
s3279,Movie,Dramas
s3279,Movie,International Movies
s3280,TV Show,Anime Series
s3280,TV Show,International TV Shows
s3280,TV Show,TV Horror
s3281,Movie,Dramas
s3281,Movie,International Movies
s3281,Movie,Romantic Movies
s3282,Movie,Comedies
s3282,Movie,Dramas
s3282,Movie,International Movies
s3283,Movie,Dramas
s3283,Movie,International Movies
s3284,Movie,Dramas
s3284,Movie,International Movies
s3284,Movie,Romantic Movies
s3285,Movie,Dramas
s3285,Movie,International Movies
s3285,Movie,Romantic Movies
s3286,Movie,International Movies
s3286,Movie,Music & Musicals
s3286,Movie,Thrillers
s3287,Movie,Children & Family Movies
s3287,Movie,Dramas
s3288,Movie,Dramas
s3288,Movie,International Movies
s3288,Movie,Sports Movies
s3289,Movie,Dramas
s3289,Movie,International Movies
s3289,Movie,Music & Musicals
s3290,TV Show,International TV Shows
s3290,TV Show,TV Dramas
s3290,TV Show,TV Thrillers
s3291,Movie,Comedies
s3291,Movie,Dramas
s3291,Movie,International Movies
s3292,Movie,Comedies
s3292,Movie,International Movies
s3292,Movie,Music & Musicals
s3293,Movie,Thrillers
s3294,Movie,Comedies
s3294,Movie,International Movies
s3295,Movie,Dramas
s3295,Movie,Independent Movies
s3295,Movie,International Movies
s3296,Movie,Dramas
s3296,Movie,Independent Movies
s3296,Movie,International Movies
s3297,Movie,Dramas
s3297,Movie,International Movies
s3298,Movie,Dramas
s3298,Movie,International Movies
s3298,Movie,Music & Musicals
s3299,Movie,Comedies
s3299,Movie,Dramas
s3299,Movie,International Movies
s3300,Movie,Comedies
s3300,Movie,Dramas
s3300,Movie,International Movies
s3301,Movie,Horror Movies
s3301,Movie,International Movies
s3301,Movie,Thrillers
s3302,Movie,Comedies
s3302,Movie,Dramas
s3302,Movie,International Movies
s3303,TV Show,International TV Shows
s3303,TV Show,TV Comedies
s3304,Movie,Comedies
s3304,Movie,Dramas
s3304,Movie,International Movies
s3305,Movie,Dramas
s3305,Movie,International Movies
s3305,Movie,Romantic Movies
s3306,Movie,Comedies
s3306,Movie,International Movies
s3307,Movie,Dramas
s3307,Movie,Faith & Spirituality
s3307,Movie,International Movies
s3308,Movie,Comedies
s3308,Movie,International Movies
s3309,Movie,Stand-Up Comedy
s3310,Movie,Dramas
s3310,Movie,International Movies
s3310,Movie,Thrillers
s3311,Movie,Dramas
s3311,Movie,International Movies
s3312,Movie,International Movies
s3312,Movie,Music & Musicals
s3312,Movie,Romantic Movies
s3313,Movie,Comedies
s3313,Movie,International Movies
s3313,Movie,Romantic Movies
s3314,Movie,Stand-Up Comedy
s3315,Movie,Comedies
s3315,Movie,Romantic Movies
s3316,Movie,Comedies
s3317,TV Show,TV Comedies
s3318,Movie,Comedies
s3318,Movie,Dramas
s3318,Movie,Independent Movies
s3319,Movie,Stand-Up Comedy
s3320,Movie,Stand-Up Comedy
s3321,Movie,Stand-Up Comedy
s3322,Movie,Stand-Up Comedy
s3323,Movie,Stand-Up Comedy
s3324,Movie,Stand-Up Comedy
s3325,Movie,Stand-Up Comedy
s3326,Movie,Stand-Up Comedy
s3327,Movie,Comedies
s3327,Movie,Dramas
s3327,Movie,International Movies
s3328,Movie,Stand-Up Comedy
s3329,Movie,Dramas
s3329,Movie,International Movies
s3330,Movie,Comedies
s3330,Movie,Dramas
s3330,Movie,International Movies
s3331,TV Show,Kids' TV
s3332,Movie,Comedies
s3332,Movie,Dramas
s3332,Movie,Independent Movies
s3333,Movie,Documentaries
s3333,Movie,Music & Musicals
s3334,TV Show,Docuseries
s3335,TV Show,Docuseries
s3336,TV Show,Docuseries
s3337,TV Show,Docuseries
s3338,Movie,Stand-Up Comedy
s3339,TV Show,Anime Series
s3339,TV Show,International TV Shows
s3340,Movie,Stand-Up Comedy
s3341,TV Show,Docuseries
s3342,Movie,Stand-Up Comedy
s3343,Movie,Stand-Up Comedy
s3344,Movie,Stand-Up Comedy
s3345,Movie,Stand-Up Comedy
s3346,Movie,Stand-Up Comedy
s3347,Movie,Stand-Up Comedy
s3348,Movie,Stand-Up Comedy
s3349,Movie,Children & Family Movies
s3349,Movie,Comedies
s3350,Movie,Stand-Up Comedy
s3351,Movie,Stand-Up Comedy
s3352,Movie,Documentaries
s3352,Movie,LGBTQ Movies
s3353,TV Show,Crime TV Shows
s3353,TV Show,International TV Shows
s3353,TV Show,Romantic TV Shows
s3354,Movie,Action & Adventure
s3354,Movie,Dramas
s3354,Movie,International Movies
s3355,TV Show,Crime TV Shows
s3355,TV Show,International TV Shows
s3355,TV Show,TV Comedies
s3356,TV Show,International TV Shows
s3356,TV Show,TV Dramas
s3357,Movie,Dramas
s3357,Movie,International Movies
s3357,Movie,Sports Movies
s3358,Movie,Comedies
s3358,Movie,International Movies
s3358,Movie,Romantic Movies
s3359,Movie,Action & Adventure
s3359,Movie,International Movies
s3360,Movie,Comedies
s3360,Movie,Dramas
s3360,Movie,International Movies
s3361,TV Show,Crime TV Shows
s3361,TV Show,International TV Shows
s3361,TV Show,TV Dramas
s3362,Movie,Classic Movies
s3362,Movie,Comedies
s3362,Movie,Dramas
s3363,Movie,Comedies
s3363,Movie,International Movies
s3363,Movie,Music & Musicals
s3364,Movie,Dramas
s3364,Movie,Independent Movies
s3364,Movie,International Movies
s3365,TV Show,Kids' TV
s3366,Movie,Action & Adventure
s3367,Movie,Action & Adventure
s3368,Movie,Comedies
s3368,Movie,Independent Movies
s3368,Movie,Romantic Movies
s3369,TV Show,Kids' TV
s3369,TV Show,TV Comedies
s3370,Movie,Dramas
s3370,Movie,International Movies
s3370,Movie,Sports Movies
s3371,TV Show,Kids' TV
s3372,Movie,Action & Adventure
s3372,Movie,Dramas
s3372,Movie,International Movies
s3373,Movie,Dramas
s3373,Movie,International Movies
s3373,Movie,Thrillers
s3374,Movie,Children & Family Movies
s3374,Movie,Comedies
s3375,TV Show,Kids' TV
s3376,Movie,Action & Adventure
s3377,Movie,Action & Adventure
s3378,Movie,Action & Adventure
s3378,Movie,Independent Movies
s3378,Movie,Sci-Fi & Fantasy
s3379,Movie,Documentaries
s3379,Movie,International Movies
s3380,TV Show,Anime Series
s3380,TV Show,International TV Shows
s3381,Movie,Comedies
s3381,Movie,International Movies
s3381,Movie,Romantic Movies
s3382,Movie,Action & Adventure
s3383,Movie,Action & Adventure
s3383,Movie,Dramas
s3383,Movie,Independent Movies
s3384,Movie,Dramas
s3384,Movie,Thrillers
s3385,Movie,Dramas
s3385,Movie,International Movies
s3386,Movie,Thrillers
s3387,TV Show,Crime TV Shows
s3387,TV Show,Docuseries
s3388,Movie,Comedies
s3388,Movie,Cult Movies
s3388,Movie,Horror Movies
s3389,TV Show,Crime TV Shows
s3389,TV Show,Docuseries
s3389,TV Show,International TV Shows
s3390,TV Show,British TV Shows
s3390,TV Show,Crime TV Shows
s3390,TV Show,Docuseries
s3391,Movie,Action & Adventure
s3391,Movie,Comedies
s3391,Movie,Romantic Movies
s3392,Movie,Comedies
s3393,Movie,Dramas
s3394,Movie,Action & Adventure
s3394,Movie,Dramas
s3394,Movie,International Movies
s3395,Movie,Dramas
s3395,Movie,Independent Movies
s3395,Movie,Thrillers
s3396,TV Show,TV Comedies
s3397,Movie,Dramas
s3397,Movie,Independent Movies
s3398,Movie,Dramas
s3398,Movie,International Movies
s3399,Movie,Comedies
s3399,Movie,Dramas
s3399,Movie,International Movies
s3400,Movie,Action & Adventure
s3400,Movie,Comedies
s3401,TV Show,International TV Shows
s3401,TV Show,TV Dramas
s3402,TV Show,TV Dramas
s3403,Movie,Documentaries
s3404,TV Show,British TV Shows
s3404,TV Show,Docuseries
s3404,TV Show,Science & Nature TV
s3405,Movie,Comedies
s3405,Movie,Cult Movies
s3405,Movie,Sports Movies
s3406,Movie,Dramas
s3407,TV Show,Crime TV Shows
s3407,TV Show,International TV Shows
s3407,TV Show,TV Dramas
s3408,TV Show,Kids' TV
s3408,TV Show,TV Comedies
s3409,Movie,Comedies
s3409,Movie,International Movies
s3410,Movie,Action & Adventure
s3410,Movie,Dramas
s3410,Movie,International Movies
s3411,Movie,Comedies
s3411,Movie,International Movies
s3411,Movie,Music & Musicals
s3412,Movie,Dramas
s3412,Movie,International Movies
s3412,Movie,Romantic Movies
s3413,TV Show,British TV Shows
s3413,TV Show,Crime TV Shows
s3413,TV Show,International TV Shows
s3414,Movie,Thrillers
s3415,Movie,Documentaries
s3416,TV Show,International TV Shows
s3416,TV Show,Romantic TV Shows
s3416,TV Show,TV Dramas
s3417,TV Show,International TV Shows
s3417,TV Show,TV Dramas
s3417,TV Show,TV Mysteries
s3418,Movie,Comedies
s3418,Movie,Dramas
s3418,Movie,International Movies
s3419,TV Show,British TV Shows
s3419,TV Show,International TV Shows
s3419,TV Show,Reality TV
s3420,Movie,Comedies
s3420,Movie,Horror Movies
s3420,Movie,International Movies
s3421,Movie,Children & Family Movies
s3421,Movie,Comedies
s3422,TV Show,TV Dramas
s3423,TV Show,Anime Series
s3423,TV Show,International TV Shows
s3424,Movie,Documentaries
s3425,Movie,Horror Movies
s3425,Movie,Thrillers
s3426,Movie,Classic Movies
s3426,Movie,Documentaries
s3427,Movie,Sci-Fi & Fantasy
s3427,Movie,Thrillers
s3428,TV Show,International TV Shows
s3428,TV Show,TV Action & Adventure
s3428,TV Show,TV Comedies
s3429,TV Show,International TV Shows
s3429,TV Show,TV Comedies
s3429,TV Show,TV Dramas
s3430,Movie,Comedies
s3430,Movie,International Movies
s3430,Movie,Romantic Movies
s3431,Movie,Comedies
s3431,Movie,International Movies
s3431,Movie,Romantic Movies
s3432,Movie,Comedies
s3432,Movie,Dramas
s3433,Movie,Comedies
s3433,Movie,International Movies
s3433,Movie,Music & Musicals
s3434,Movie,Documentaries
s3435,Movie,International Movies
s3435,Movie,Thrillers
s3436,Movie,Dramas
s3436,Movie,Independent Movies
s3436,Movie,International Movies
s3437,TV Show,Docuseries
s3437,TV Show,International TV Shows
s3438,Movie,Action & Adventure
s3438,Movie,Dramas
s3438,Movie,International Movies
s3439,TV Show,Kids' TV
s3440,TV Show,Kids' TV
s3440,TV Show,Korean TV Shows
s3441,TV Show,International TV Shows
s3441,TV Show,TV Comedies
s3442,TV Show,Docuseries
s3442,TV Show,International TV Shows
s3443,Movie,International Movies
s3443,Movie,Romantic Movies
s3444,Movie,Comedies
s3444,Movie,International Movies
s3444,Movie,Thrillers
s3445,Movie,Children & Family Movies
s3446,Movie,Children & Family Movies
s3447,Movie,Children & Family Movies
s3448,Movie,Children & Family Movies
s3449,Movie,Children & Family Movies
s3450,Movie,Children & Family Movies
s3451,Movie,Children & Family Movies
s3452,Movie,Children & Family Movies
s3453,Movie,Dramas
s3453,Movie,Independent Movies
s3454,Movie,International Movies
s3454,Movie,Romantic Movies
s3455,TV Show,Kids' TV
s3456,Movie,Action & Adventure
s3456,Movie,Horror Movies
s3456,Movie,International Movies
s3457,Movie,Horror Movies
s3458,Movie,Dramas
s3458,Movie,International Movies
s3459,Movie,Comedies
s3459,Movie,Dramas
s3460,Movie,Dramas
s3460,Movie,International Movies
s3460,Movie,Thrillers
s3461,Movie,Comedies
s3461,Movie,Dramas
s3461,Movie,International Movies
s3462,Movie,Dramas
s3462,Movie,Independent Movies
s3462,Movie,International Movies
s3463,TV Show,Kids' TV
s3464,TV Show,Kids' TV
s3465,Movie,Action & Adventure
s3465,Movie,Comedies
s3465,Movie,Cult Movies
s3466,Movie,Children & Family Movies
s3466,Movie,Comedies
s3467,Movie,Children & Family Movies
s3467,Movie,Comedies
s3468,Movie,Children & Family Movies
s3468,Movie,Comedies
s3469,Movie,Action & Adventure
s3469,Movie,Comedies
s3469,Movie,International Movies
s3470,Movie,Horror Movies
s3470,Movie,International Movies
s3471,Movie,Dramas
s3471,Movie,International Movies
s3471,Movie,Romantic Movies
s3472,Movie,International Movies
s3472,Movie,Thrillers
s3473,TV Show,Anime Series
s3473,TV Show,International TV Shows
s3473,TV Show,Teen TV Shows
s3474,TV Show,Anime Series
s3474,TV Show,International TV Shows
s3475,Movie,Documentaries
s3475,Movie,Music & Musicals
s3476,TV Show,International TV Shows
s3476,TV Show,Romantic TV Shows
s3476,TV Show,TV Dramas
s3477,Movie,Comedies
s3477,Movie,Dramas
s3477,Movie,International Movies
s3478,Movie,Dramas
s3478,Movie,International Movies
s3478,Movie,Romantic Movies
s3479,Movie,Comedies
s3479,Movie,International Movies
s3479,Movie,Music & Musicals
s3480,Movie,Comedies
s3480,Movie,International Movies
s3481,Movie,Music & Musicals
s3482,Movie,Comedies
s3482,Movie,International Movies
s3482,Movie,Sci-Fi & Fantasy
s3483,Movie,International Movies
s3483,Movie,Romantic Movies
s3484,TV Show,Crime TV Shows
s3484,TV Show,TV Action & Adventure
s3484,TV Show,TV Comedies
s3485,Movie,Documentaries
s3486,Movie,Comedies
s3486,Movie,International Movies
s3487,Movie,Documentaries
s3488,Movie,Classic Movies
s3488,Movie,Dramas
s3488,Movie,Music & Musicals
s3489,TV Show,Crime TV Shows
s3489,TV Show,International TV Shows
s3489,TV Show,Spanish-Language TV Shows
s3490,Movie,Comedies
s3490,Movie,International Movies
s3491,TV Show,Spanish-Language TV Shows
s3491,TV Show,TV Dramas
s3492,TV Show,International TV Shows
s3492,TV Show,Spanish-Language TV Shows
s3492,TV Show,TV Dramas
s3493,TV Show,International TV Shows
s3493,TV Show,Spanish-Language TV Shows
s3493,TV Show,TV Comedies
s3494,TV Show,International TV Shows
s3494,TV Show,TV Dramas
s3495,Movie,International Movies
s3496,TV Show,International TV Shows
s3496,TV Show,TV Dramas
s3497,TV Show,Crime TV Shows
s3497,TV Show,Docuseries
s3497,TV Show,International TV Shows
s3498,Movie,Action & Adventure
s3498,Movie,International Movies
s3498,Movie,Sci-Fi & Fantasy
s3499,TV Show,Crime TV Shows
s3499,TV Show,International TV Shows
s3499,TV Show,TV Dramas
s3500,TV Show,Crime TV Shows
s3500,TV Show,International TV Shows
s3500,TV Show,Spanish-Language TV Shows
s3501,Movie,Documentaries
s3501,Movie,Music & Musicals
s3502,TV Show,Crime TV Shows
s3502,TV Show,International TV Shows
s3502,TV Show,Spanish-Language TV Shows
s3503,TV Show,International TV Shows
s3503,TV Show,TV Action & Adventure
s3503,TV Show,TV Dramas
s3504,TV Show,Crime TV Shows
s3504,TV Show,International TV Shows
s3504,TV Show,Spanish-Language TV Shows
s3505,TV Show,International TV Shows
s3505,TV Show,Romantic TV Shows
s3506,TV Show,Classic & Cult TV
s3506,TV Show,Crime TV Shows
s3506,TV Show,International TV Shows
s3507,TV Show,Crime TV Shows
s3507,TV Show,International TV Shows
s3507,TV Show,Spanish-Language TV Shows
s3508,Movie,Dramas
s3508,Movie,International Movies
s3508,Movie,Thrillers
s3509,Movie,Comedies
s3509,Movie,Dramas
s3509,Movie,International Movies
s3510,Movie,Horror Movies
s3510,Movie,International Movies
s3511,Movie,Documentaries
s3511,Movie,International Movies
s3511,Movie,Sports Movies
s3512,TV Show,International TV Shows
s3512,TV Show,Stand-Up Comedy & Talk Shows
s3512,TV Show,TV Comedies
s3513,Movie,Comedies
s3513,Movie,Dramas
s3513,Movie,Independent Movies
s3514,Movie,Action & Adventure
s3515,Movie,Dramas
s3515,Movie,Sports Movies
s3516,TV Show,TV Comedies
s3517,Movie,Sci-Fi & Fantasy
s3517,Movie,Thrillers
s3518,Movie,Dramas
s3518,Movie,Independent Movies
s3518,Movie,International Movies
s3519,Movie,Comedies
s3519,Movie,Independent Movies
s3520,TV Show,International TV Shows
s3520,TV Show,Spanish-Language TV Shows
s3520,TV Show,TV Dramas
s3521,Movie,Documentaries
s3521,Movie,International Movies
s3521,Movie,LGBTQ Movies
s3522,Movie,Dramas
s3522,Movie,International Movies
s3522,Movie,Music & Musicals
s3523,Movie,Comedies
s3523,Movie,International Movies
s3524,Movie,Dramas
s3524,Movie,International Movies
s3524,Movie,Romantic Movies
s3525,Movie,Action & Adventure
s3525,Movie,Dramas
s3525,Movie,International Movies
s3526,Movie,Classic Movies
s3526,Movie,Dramas
s3526,Movie,International Movies
s3527,Movie,Dramas
s3527,Movie,International Movies
s3528,TV Show,British TV Shows
s3528,TV Show,International TV Shows
s3528,TV Show,TV Dramas
s3529,Movie,International Movies
s3529,Movie,Thrillers
s3530,Movie,Dramas
s3530,Movie,International Movies
s3530,Movie,Music & Musicals
s3531,Movie,Action & Adventure
s3532,TV Show,Docuseries
s3532,TV Show,TV Comedies
s3533,Movie,Stand-Up Comedy
s3534,TV Show,Kids' TV
s3534,TV Show,Korean TV Shows
s3534,TV Show,TV Comedies
s3535,TV Show,Kids' TV
s3535,TV Show,Korean TV Shows
s3535,TV Show,TV Comedies
s3536,TV Show,Crime TV Shows
s3536,TV Show,International TV Shows
s3536,TV Show,Spanish-Language TV Shows
s3537,TV Show,Crime TV Shows
s3537,TV Show,International TV Shows
s3537,TV Show,Korean TV Shows
s3538,Movie,Documentaries
s3538,Movie,International Movies
s3539,TV Show,Docuseries
s3540,Movie,Dramas
s3540,Movie,Independent Movies
s3540,Movie,LGBTQ Movies
s3541,Movie,Dramas
s3541,Movie,International Movies
s3542,TV Show,Anime Series
s3542,TV Show,International TV Shows
s3543,Movie,Action & Adventure
s3544,Movie,Dramas
s3544,Movie,Independent Movies
s3544,Movie,Romantic Movies
s3545,TV Show,British TV Shows
s3545,TV Show,Romantic TV Shows
s3545,TV Show,TV Dramas
s3546,Movie,Documentaries
s3546,Movie,Sports Movies
s3547,Movie,Children & Family Movies
s3547,Movie,Comedies
s3548,Movie,Stand-Up Comedy
s3549,TV Show,International TV Shows
s3549,TV Show,Romantic TV Shows
s3549,TV Show,TV Dramas
s3550,Movie,Dramas
s3551,TV Show,International TV Shows
s3551,TV Show,Romantic TV Shows
s3551,TV Show,TV Comedies
s3552,Movie,Independent Movies
s3552,Movie,International Movies
s3552,Movie,Thrillers
s3553,Movie,Dramas
s3553,Movie,International Movies
s3554,Movie,Documentaries
s3554,Movie,International Movies
s3554,Movie,Sports Movies
s3555,Movie,Documentaries
s3555,Movie,International Movies
s3556,Movie,Documentaries
s3557,TV Show,Docuseries
s3558,Movie,Comedies
s3558,Movie,Romantic Movies
s3559,Movie,Children & Family Movies
s3559,Movie,Comedies
s3560,Movie,Children & Family Movies
s3561,Movie,Movies
s3562,Movie,Movies
s3563,Movie,Children & Family Movies
s3564,TV Show,British TV Shows
s3564,TV Show,Kids' TV
s3565,TV Show,British TV Shows
s3565,TV Show,Kids' TV
s3566,Movie,Comedies
s3566,Movie,Horror Movies
s3566,Movie,International Movies
s3567,Movie,Dramas
s3568,Movie,Action & Adventure
s3568,Movie,Faith & Spirituality
s3568,Movie,Sci-Fi & Fantasy
s3569,TV Show,TV Dramas
s3569,TV Show,TV Sci-Fi & Fantasy
s3569,TV Show,Teen TV Shows
s3570,Movie,Dramas
s3570,Movie,International Movies
s3570,Movie,Thrillers
s3571,Movie,Children & Family Movies
s3572,Movie,Action & Adventure
s3572,Movie,International Movies
s3572,Movie,Sci-Fi & Fantasy
s3573,TV Show,Kids' TV
s3574,TV Show,Kids' TV
s3575,Movie,Action & Adventure
s3575,Movie,Cult Movies
s3575,Movie,International Movies
s3576,TV Show,Docuseries
s3577,Movie,Children & Family Movies
s3578,Movie,Action & Adventure
s3578,Movie,Horror Movies
s3578,Movie,Sci-Fi & Fantasy
s3579,TV Show,Kids' TV
s3580,Movie,Movies
s3581,TV Show,Kids' TV
s3582,TV Show,Kids' TV
s3583,TV Show,Kids' TV
s3584,TV Show,Kids' TV
s3585,Movie,Documentaries
s3585,Movie,International Movies
s3586,TV Show,Kids' TV
s3587,TV Show,Kids' TV
s3588,Movie,Children & Family Movies
s3588,Movie,Comedies
s3589,Movie,Children & Family Movies
s3590,Movie,Children & Family Movies
s3591,Movie,Children & Family Movies
s3592,TV Show,Kids' TV
s3593,TV Show,Kids' TV
s3594,Movie,Action & Adventure
s3594,Movie,Children & Family Movies
s3595,TV Show,Kids' TV
s3595,TV Show,TV Comedies
s3596,Movie,Children & Family Movies
s3597,TV Show,International TV Shows
s3597,TV Show,TV Dramas
s3597,TV Show,TV Mysteries
s3598,Movie,Comedies
s3598,Movie,International Movies
s3599,TV Show,Docuseries
s3599,TV Show,Reality TV
s3600,Movie,Dramas
s3600,Movie,Independent Movies
s3600,Movie,International Movies
s3601,TV Show,Kids' TV
s3602,Movie,Children & Family Movies
s3602,Movie,Comedies
s3603,Movie,Documentaries
s3603,Movie,International Movies
s3603,Movie,Sports Movies
s3604,Movie,Dramas
s3604,Movie,International Movies
s3604,Movie,Music & Musicals
s3605,Movie,Stand-Up Comedy
s3606,Movie,Documentaries
s3607,Movie,Documentaries
s3608,Movie,Comedies
s3608,Movie,Dramas
s3608,Movie,LGBTQ Movies
s3609,Movie,Classic Movies
s3609,Movie,Documentaries
s3610,Movie,Comedies
s3610,Movie,Dramas
s3610,Movie,International Movies
s3611,TV Show,International TV Shows
s3611,TV Show,Korean TV Shows
s3611,TV Show,Romantic TV Shows
s3612,TV Show,International TV Shows
s3612,TV Show,Korean TV Shows
s3612,TV Show,Romantic TV Shows
s3613,TV Show,Anime Series
s3613,TV Show,International TV Shows
s3614,TV Show,International TV Shows
s3614,TV Show,Romantic TV Shows
s3614,TV Show,TV Comedies
s3615,Movie,Comedies
s3615,Movie,International Movies
s3616,Movie,Comedies
s3616,Movie,LGBTQ Movies
s3617,Movie,Children & Family Movies
s3617,Movie,Comedies
s3618,Movie,Dramas
s3618,Movie,Independent Movies
s3618,Movie,International Movies
s3619,Movie,Documentaries
s3620,TV Show,Reality TV
s3621,Movie,Comedies
s3621,Movie,International Movies
s3621,Movie,Music & Musicals
s3622,TV Show,International TV Shows
s3622,TV Show,Korean TV Shows
s3622,TV Show,TV Dramas
s3623,Movie,Documentaries
s3624,Movie,Comedies
s3624,Movie,Horror Movies
s3624,Movie,Independent Movies
s3625,Movie,Dramas
s3625,Movie,International Movies
s3625,Movie,Music & Musicals
s3626,Movie,Documentaries
s3626,Movie,LGBTQ Movies
s3627,Movie,Action & Adventure
s3627,Movie,Comedies
s3627,Movie,Dramas
s3628,Movie,Dramas
s3628,Movie,Independent Movies
s3628,Movie,International Movies
s3629,TV Show,British TV Shows
s3629,TV Show,Docuseries
s3629,TV Show,Science & Nature TV
s3630,Movie,Documentaries
s3631,TV Show,International TV Shows
s3631,TV Show,Romantic TV Shows
s3631,TV Show,TV Dramas
s3632,TV Show,TV Dramas
s3633,TV Show,British TV Shows
s3633,TV Show,Docuseries
s3633,TV Show,Science & Nature TV
s3634,Movie,Comedies
s3634,Movie,International Movies
s3635,Movie,Horror Movies
s3635,Movie,Independent Movies
s3635,Movie,Thrillers
s3636,Movie,Action & Adventure
s3636,Movie,International Movies
s3637,Movie,Dramas
s3637,Movie,International Movies
s3638,Movie,Dramas
s3638,Movie,Faith & Spirituality
s3639,Movie,Comedies
s3639,Movie,Dramas
s3640,Movie,Classic Movies
s3640,Movie,Dramas
s3640,Movie,International Movies
s3641,Movie,Documentaries
s3641,Movie,Music & Musicals
s3642,Movie,Dramas
s3642,Movie,Thrillers
s3643,Movie,Dramas
s3643,Movie,International Movies
s3643,Movie,Thrillers
s3644,TV Show,Crime TV Shows
s3644,TV Show,TV Comedies
s3644,TV Show,TV Dramas
s3645,Movie,Documentaries
s3645,Movie,International Movies
s3645,Movie,Sports Movies
s3646,TV Show,British TV Shows
s3646,TV Show,TV Comedies
s3647,Movie,Dramas
s3648,Movie,Action & Adventure
s3648,Movie,Dramas
s3648,Movie,International Movies
s3649,Movie,Dramas
s3649,Movie,International Movies
s3649,Movie,LGBTQ Movies
s3650,TV Show,International TV Shows
s3650,TV Show,Romantic TV Shows
s3650,TV Show,TV Comedies
s3651,Movie,Action & Adventure
s3651,Movie,International Movies
s3652,Movie,Comedies
s3652,Movie,Dramas
s3652,Movie,Independent Movies
s3653,Movie,Stand-Up Comedy
s3654,Movie,Dramas
s3654,Movie,Independent Movies
s3654,Movie,International Movies
s3655,Movie,Documentaries
s3655,Movie,Music & Musicals
s3656,Movie,Children & Family Movies
s3657,TV Show,British TV Shows
s3657,TV Show,Kids' TV
s3658,Movie,Comedies
s3658,Movie,Dramas
s3658,Movie,Independent Movies
s3659,Movie,Action & Adventure
s3659,Movie,International Movies
s3659,Movie,Romantic Movies
s3660,Movie,Comedies
s3660,Movie,Horror Movies
s3661,TV Show,Kids' TV
s3661,TV Show,TV Comedies
s3662,Movie,Children & Family Movies
s3662,Movie,Comedies
s3663,Movie,Children & Family Movies
s3663,Movie,Comedies
s3664,Movie,Dramas
s3664,Movie,Independent Movies
s3665,Movie,Documentaries
s3665,Movie,International Movies
s3665,Movie,Sports Movies
s3666,Movie,Children & Family Movies
s3666,Movie,Comedies
s3667,Movie,Comedies
s3668,TV Show,Kids' TV
s3668,TV Show,TV Comedies
s3669,Movie,Children & Family Movies
s3669,Movie,Comedies
s3670,Movie,Children & Family Movies
s3670,Movie,Comedies
s3671,Movie,Children & Family Movies
s3671,Movie,Comedies
s3672,Movie,Children & Family Movies
s3672,Movie,Comedies
s3673,Movie,Children & Family Movies
s3673,Movie,Comedies
s3674,Movie,Children & Family Movies
s3674,Movie,Comedies
s3675,Movie,Children & Family Movies
s3675,Movie,Comedies
s3676,Movie,Comedies
s3676,Movie,Dramas
s3676,Movie,Independent Movies
s3677,TV Show,International TV Shows
s3677,TV Show,Romantic TV Shows
s3677,TV Show,TV Comedies
s3678,TV Show,Anime Series
s3678,TV Show,International TV Shows
s3679,TV Show,Kids' TV
s3680,TV Show,Kids' TV
s3680,TV Show,TV Comedies
s3681,TV Show,Crime TV Shows
s3681,TV Show,International TV Shows
s3681,TV Show,Korean TV Shows
s3682,Movie,Comedies
s3682,Movie,Dramas
s3682,Movie,International Movies
s3683,TV Show,International TV Shows
s3683,TV Show,Korean TV Shows
s3683,TV Show,Romantic TV Shows
s3684,Movie,Horror Movies
s3684,Movie,International Movies
s3684,Movie,Thrillers
s3685,TV Show,Docuseries
s3686,TV Show,TV Comedies
s3686,TV Show,TV Dramas
s3687,Movie,Thrillers
s3688,TV Show,Kids' TV
s3689,Movie,Documentaries
s3690,Movie,Comedies
s3690,Movie,International Movies
s3690,Movie,Romantic Movies
s3691,TV Show,Crime TV Shows
s3691,TV Show,Docuseries
s3691,TV Show,International TV Shows
s3692,TV Show,Crime TV Shows
s3692,TV Show,International TV Shows
s3692,TV Show,Romantic TV Shows
s3693,TV Show,British TV Shows
s3693,TV Show,International TV Shows
s3693,TV Show,TV Comedies
s3694,Movie,Dramas
s3694,Movie,International Movies
s3695,Movie,Comedies
s3695,Movie,International Movies
s3695,Movie,Romantic Movies
s3696,Movie,Action & Adventure
s3696,Movie,Comedies
s3696,Movie,Independent Movies
s3697,Movie,Dramas
s3697,Movie,Independent Movies
s3698,TV Show,TV Action & Adventure
s3698,TV Show,TV Dramas
s3698,TV Show,TV Mysteries
s3699,Movie,Comedies
s3699,Movie,International Movies
s3700,TV Show,Crime TV Shows
s3700,TV Show,International TV Shows
s3700,TV Show,Spanish-Language TV Shows
s3701,Movie,Action & Adventure
s3701,Movie,International Movies
s3701,Movie,Sci-Fi & Fantasy
s3702,Movie,Dramas
s3702,Movie,Independent Movies
s3702,Movie,International Movies
s3703,TV Show,Crime TV Shows
s3703,TV Show,International TV Shows
s3703,TV Show,Romantic TV Shows
s3704,Movie,Dramas
s3704,Movie,Independent Movies
s3704,Movie,International Movies
s3705,Movie,Action & Adventure
s3705,Movie,Classic Movies
s3705,Movie,Cult Movies
s3706,Movie,Comedies
s3706,Movie,International Movies
s3707,TV Show,Kids' TV
s3708,Movie,Classic Movies
s3708,Movie,Dramas
s3708,Movie,Romantic Movies
s3709,Movie,Comedies
s3709,Movie,International Movies
s3710,Movie,Action & Adventure
s3711,Movie,Stand-Up Comedy
s3712,TV Show,British TV Shows
s3712,TV Show,Crime TV Shows
s3712,TV Show,International TV Shows
s3713,Movie,Documentaries
s3714,Movie,Documentaries
s3714,Movie,International Movies
s3714,Movie,Music & Musicals
s3715,TV Show,Crime TV Shows
s3715,TV Show,TV Dramas
s3716,TV Show,Kids' TV
s3717,Movie,Comedies
s3717,Movie,International Movies
s3717,Movie,Romantic Movies
s3718,Movie,Action & Adventure
s3718,Movie,Comedies
s3718,Movie,International Movies
s3719,Movie,Comedies
s3719,Movie,International Movies
s3720,Movie,Dramas
s3720,Movie,International Movies
s3720,Movie,Sports Movies
s3721,Movie,Documentaries
s3721,Movie,International Movies
s3721,Movie,Sports Movies
s3722,TV Show,International TV Shows
s3722,TV Show,Spanish-Language TV Shows
s3722,TV Show,TV Comedies
s3723,Movie,Dramas
s3723,Movie,International Movies
s3724,Movie,Documentaries
s3724,Movie,International Movies
s3725,TV Show,Crime TV Shows
s3725,TV Show,Docuseries
s3725,TV Show,International TV Shows
s3726,Movie,Documentaries
s3726,Movie,International Movies
s3726,Movie,Music & Musicals
s3727,TV Show,Docuseries
s3728,Movie,Documentaries
s3728,Movie,Sports Movies
s3729,TV Show,Kids' TV
s3729,TV Show,TV Comedies
s3729,TV Show,TV Dramas
s3730,Movie,Action & Adventure
s3730,Movie,Dramas
s3730,Movie,International Movies
s3731,TV Show,TV Dramas
s3731,TV Show,TV Horror
s3731,TV Show,TV Mysteries
s3732,Movie,Dramas
s3733,Movie,Comedies
s3733,Movie,International Movies
s3734,TV Show,TV Action & Adventure
s3734,TV Show,TV Dramas
s3734,TV Show,TV Sci-Fi & Fantasy
s3735,TV Show,Anime Series
s3735,TV Show,International TV Shows
s3736,Movie,Music & Musicals
s3737,Movie,Movies
s3738,Movie,Movies
s3739,Movie,Movies
s3740,TV Show,Romantic TV Shows
s3740,TV Show,TV Comedies
s3740,TV Show,TV Dramas
s3741,TV Show,International TV Shows
s3741,TV Show,Romantic TV Shows
s3741,TV Show,TV Dramas
s3742,TV Show,International TV Shows
s3742,TV Show,Romantic TV Shows
s3742,TV Show,TV Comedies
s3743,TV Show,International TV Shows
s3743,TV Show,TV Dramas
s3743,TV Show,Teen TV Shows
s3744,Movie,Dramas
s3744,Movie,International Movies
s3744,Movie,Romantic Movies
s3745,TV Show,International TV Shows
s3745,TV Show,Korean TV Shows
s3745,TV Show,Romantic TV Shows
s3746,TV Show,International TV Shows
s3746,TV Show,Romantic TV Shows
s3746,TV Show,TV Dramas
s3747,TV Show,International TV Shows
s3747,TV Show,Romantic TV Shows
s3747,TV Show,TV Dramas
s3748,Movie,Dramas
s3748,Movie,Independent Movies
s3748,Movie,International Movies
s3749,TV Show,International TV Shows
s3749,TV Show,Romantic TV Shows
s3749,TV Show,TV Comedies
s3750,Movie,Dramas
s3750,Movie,Romantic Movies
s3751,TV Show,International TV Shows
s3751,TV Show,Romantic TV Shows
s3751,TV Show,TV Comedies
s3752,TV Show,International TV Shows
s3752,TV Show,Romantic TV Shows
s3752,TV Show,TV Comedies
s3753,Movie,Comedies
s3753,Movie,Romantic Movies
s3754,TV Show,International TV Shows
s3754,TV Show,Romantic TV Shows
s3754,TV Show,TV Comedies
s3755,Movie,Dramas
s3755,Movie,International Movies
s3755,Movie,Romantic Movies
s3756,Movie,Dramas
s3756,Movie,International Movies
s3756,Movie,Romantic Movies
s3757,TV Show,International TV Shows
s3757,TV Show,Korean TV Shows
s3757,TV Show,Romantic TV Shows
s3758,Movie,Comedies
s3758,Movie,Dramas
s3758,Movie,International Movies
s3759,Movie,International Movies
s3759,Movie,Music & Musicals
s3759,Movie,Romantic Movies
s3760,Movie,Dramas
s3760,Movie,Independent Movies
s3760,Movie,Romantic Movies
s3761,TV Show,International TV Shows
s3761,TV Show,TV Dramas
s3762,Movie,Comedies
s3762,Movie,Dramas
s3762,Movie,International Movies
s3763,Movie,Comedies
s3763,Movie,International Movies
s3763,Movie,Romantic Movies
s3764,Movie,Comedies
s3764,Movie,Dramas
s3764,Movie,Independent Movies
s3765,Movie,Dramas
s3765,Movie,International Movies
s3765,Movie,Romantic Movies
s3766,TV Show,International TV Shows
s3766,TV Show,Romantic TV Shows
s3766,TV Show,TV Comedies
s3767,TV Show,International TV Shows
s3767,TV Show,Romantic TV Shows
s3767,TV Show,TV Comedies
s3768,Movie,Comedies
s3768,Movie,International Movies
s3768,Movie,Romantic Movies
s3769,TV Show,International TV Shows
s3769,TV Show,Romantic TV Shows
s3769,TV Show,TV Comedies
s3770,Movie,International Movies
s3770,Movie,Romantic Movies
s3770,Movie,Sci-Fi & Fantasy
s3771,Movie,Comedies
s3771,Movie,Dramas
s3771,Movie,International Movies
s3772,Movie,Action & Adventure
s3772,Movie,Comedies
s3772,Movie,International Movies
s3773,TV Show,Docuseries
s3773,TV Show,International TV Shows
s3773,TV Show,Reality TV
s3774,Movie,Comedies
s3774,Movie,International Movies
s3774,Movie,Romantic Movies
s3775,TV Show,International TV Shows
s3775,TV Show,Korean TV Shows
s3775,TV Show,Romantic TV Shows
s3776,TV Show,International TV Shows
s3776,TV Show,TV Comedies
s3776,TV Show,TV Dramas
s3777,Movie,Dramas
s3777,Movie,Thrillers
s3778,Movie,Comedies
s3778,Movie,International Movies
s3778,Movie,Romantic Movies
s3779,TV Show,International TV Shows
s3779,TV Show,Romantic TV Shows
s3779,TV Show,TV Comedies
s3780,Movie,Comedies
s3780,Movie,International Movies
s3780,Movie,Romantic Movies
s3781,Movie,Comedies
s3781,Movie,International Movies
s3781,Movie,Romantic Movies
s3782,Movie,Comedies
s3782,Movie,International Movies
s3782,Movie,Romantic Movies
s3783,TV Show,British TV Shows
s3783,TV Show,International TV Shows
s3783,TV Show,Reality TV
s3784,TV Show,Anime Series
s3784,TV Show,Romantic TV Shows
s3784,TV Show,Teen TV Shows
s3785,TV Show,TV Action & Adventure
s3785,TV Show,TV Horror
s3785,TV Show,TV Sci-Fi & Fantasy
s3786,Movie,Comedies
s3786,Movie,Independent Movies
s3786,Movie,Romantic Movies
s3787,Movie,Comedies
s3787,Movie,International Movies
s3787,Movie,Romantic Movies
s3788,Movie,Comedies
s3788,Movie,International Movies
s3788,Movie,Romantic Movies
s3789,Movie,Comedies
s3789,Movie,International Movies
s3789,Movie,Romantic Movies
s3790,TV Show,International TV Shows
s3790,TV Show,Romantic TV Shows
s3790,TV Show,TV Dramas
s3791,Movie,Dramas
s3791,Movie,Independent Movies
s3791,Movie,Romantic Movies
s3792,TV Show,International TV Shows
s3792,TV Show,Romantic TV Shows
s3792,TV Show,TV Comedies
s3793,Movie,Documentaries
s3794,Movie,Dramas
s3794,Movie,Romantic Movies
s3795,Movie,Dramas
s3795,Movie,Independent Movies
s3795,Movie,LGBTQ Movies
s3796,Movie,Comedies
s3796,Movie,International Movies
s3796,Movie,Romantic Movies
s3797,Movie,Dramas
s3797,Movie,International Movies
s3798,Movie,Dramas
s3798,Movie,Independent Movies
s3798,Movie,International Movies
s3799,Movie,Anime Features
s3799,Movie,Music & Musicals
s3799,Movie,Sci-Fi & Fantasy
s3800,Movie,Stand-Up Comedy
s3801,Movie,Children & Family Movies
s3801,Movie,Comedies
s3801,Movie,Music & Musicals
s3802,Movie,Children & Family Movies
s3802,Movie,Comedies
s3802,Movie,Music & Musicals
s3803,Movie,Children & Family Movies
s3803,Movie,Comedies
s3803,Movie,Music & Musicals
s3804,Movie,Children & Family Movies
s3804,Movie,Comedies
s3804,Movie,Music & Musicals
s3805,Movie,Documentaries
s3805,Movie,International Movies
s3805,Movie,Sports Movies
s3806,Movie,Stand-Up Comedy
s3807,Movie,International Movies
s3807,Movie,Sci-Fi & Fantasy
s3807,Movie,Thrillers
s3808,TV Show,Crime TV Shows
s3808,TV Show,TV Comedies
s3808,TV Show,TV Dramas
s3809,Movie,Dramas
s3809,Movie,International Movies
s3809,Movie,Romantic Movies
s3810,Movie,Comedies
s3810,Movie,International Movies
s3810,Movie,Romantic Movies
s3811,Movie,Dramas
s3811,Movie,International Movies
s3811,Movie,Music & Musicals
s3812,TV Show,International TV Shows
s3812,TV Show,Romantic TV Shows
s3812,TV Show,TV Comedies
s3813,Movie,Dramas
s3813,Movie,International Movies
s3813,Movie,Romantic Movies
s3814,Movie,Comedies
s3814,Movie,Dramas
s3814,Movie,International Movies
s3815,TV Show,International TV Shows
s3815,TV Show,Stand-Up Comedy & Talk Shows
s3815,TV Show,TV Comedies
s3816,TV Show,International TV Shows
s3816,TV Show,Spanish-Language TV Shows
s3816,TV Show,TV Dramas
s3817,Movie,Comedies
s3817,Movie,International Movies
s3817,Movie,Romantic Movies
s3818,TV Show,International TV Shows
s3818,TV Show,Romantic TV Shows
s3818,TV Show,TV Dramas
s3819,TV Show,Kids' TV
s3820,TV Show,Kids' TV
s3821,TV Show,International TV Shows
s3821,TV Show,TV Comedies
s3822,TV Show,British TV Shows
s3822,TV Show,Kids' TV
s3823,TV Show,Crime TV Shows
s3823,TV Show,International TV Shows
s3823,TV Show,TV Action & Adventure
s3824,Movie,Action & Adventure
s3824,Movie,Anime Features
s3824,Movie,Classic Movies
s3825,Movie,Horror Movies
s3825,Movie,International Movies
s3825,Movie,Thrillers
s3826,Movie,Comedies
s3826,Movie,International Movies
s3826,Movie,Sports Movies
s3827,Movie,Comedies
s3827,Movie,Dramas
s3827,Movie,International Movies
s3828,Movie,Comedies
s3828,Movie,International Movies
s3828,Movie,Romantic Movies
s3829,Movie,Stand-Up Comedy
s3830,Movie,International Movies
s3830,Movie,Thrillers
s3831,Movie,Dramas
s3831,Movie,Music & Musicals
s3832,Movie,Documentaries
s3832,Movie,Music & Musicals
s3833,Movie,Dramas
s3833,Movie,International Movies
s3834,Movie,Comedies
s3835,Movie,Horror Movies
s3835,Movie,International Movies
s3836,Movie,Action & Adventure
s3837,Movie,Comedies
s3837,Movie,International Movies
s3837,Movie,LGBTQ Movies
s3838,Movie,Action & Adventure
s3838,Movie,Classic Movies
s3838,Movie,Cult Movies
s3839,TV Show,TV Dramas
s3840,Movie,Comedies
s3841,Movie,Cult Movies
s3841,Movie,Horror Movies
s3842,Movie,Dramas
s3842,Movie,International Movies
s3843,Movie,Dramas
s3843,Movie,Independent Movies
s3843,Movie,International Movies
s3844,Movie,Children & Family Movies
s3844,Movie,Comedies
s3845,TV Show,TV Dramas
s3846,Movie,Documentaries
s3847,Movie,Comedies
s3847,Movie,Dramas
s3847,Movie,International Movies
s3848,TV Show,International TV Shows
s3848,TV Show,Reality TV
s3848,TV Show,Spanish-Language TV Shows
s3849,Movie,Documentaries
s3849,Movie,International Movies
s3850,Movie,Dramas
s3850,Movie,International Movies
s3850,Movie,Thrillers
s3851,Movie,International Movies
s3851,Movie,Thrillers
s3852,TV Show,Kids' TV
s3852,TV Show,TV Comedies
s3853,TV Show,Anime Series
s3853,TV Show,International TV Shows
s3854,TV Show,Anime Series
s3854,TV Show,International TV Shows
s3855,TV Show,Reality TV
s3855,TV Show,TV Comedies
s3856,TV Show,International TV Shows
s3856,TV Show,Korean TV Shows
s3856,TV Show,Romantic TV Shows
s3857,Movie,Children & Family Movies
s3858,TV Show,Docuseries
s3858,TV Show,International TV Shows
s3858,TV Show,Science & Nature TV
s3859,Movie,Action & Adventure
s3859,Movie,Documentaries
s3859,Movie,International Movies
s3860,Movie,Comedies
s3860,Movie,International Movies
s3860,Movie,Romantic Movies
s3861,Movie,Dramas
s3861,Movie,Independent Movies
s3862,Movie,Children & Family Movies
s3862,Movie,Documentaries
s3862,Movie,International Movies
s3863,Movie,Action & Adventure
s3863,Movie,Dramas
s3863,Movie,International Movies
s3864,Movie,Dramas
s3864,Movie,International Movies
s3865,TV Show,International TV Shows
s3865,TV Show,TV Action & Adventure
s3865,TV Show,TV Sci-Fi & Fantasy
s3866,TV Show,International TV Shows
s3866,TV Show,TV Action & Adventure
s3866,TV Show,TV Sci-Fi & Fantasy
s3867,Movie,Comedies
s3867,Movie,Dramas
s3867,Movie,International Movies
s3868,TV Show,International TV Shows
s3868,TV Show,TV Comedies
s3869,Movie,Comedies
s3869,Movie,International Movies
s3870,TV Show,International TV Shows
s3870,TV Show,Romantic TV Shows
s3870,TV Show,TV Dramas
s3871,TV Show,Anime Series
s3871,TV Show,Romantic TV Shows
s3872,Movie,International Movies
s3872,Movie,Music & Musicals
s3872,Movie,Romantic Movies
s3873,Movie,Action & Adventure
s3873,Movie,Comedies
s3873,Movie,Dramas
s3874,Movie,Comedies
s3874,Movie,Dramas
s3874,Movie,International Movies
s3875,Movie,Comedies
s3875,Movie,International Movies
s3875,Movie,Music & Musicals
s3876,Movie,Dramas
s3876,Movie,International Movies
s3876,Movie,Music & Musicals
s3877,TV Show,International TV Shows
s3877,TV Show,TV Comedies
s3877,TV Show,TV Dramas
s3878,TV Show,Crime TV Shows
s3878,TV Show,Docuseries
s3879,Movie,Documentaries
s3880,Movie,Documentaries
s3880,Movie,International Movies
s3881,TV Show,Kids' TV
s3881,TV Show,TV Comedies
s3882,Movie,Comedies
s3882,Movie,International Movies
s3883,Movie,Dramas
s3883,Movie,International Movies
s3884,Movie,Dramas
s3884,Movie,International Movies
s3884,Movie,Romantic Movies
s3885,Movie,Action & Adventure
s3885,Movie,International Movies
s3885,Movie,Romantic Movies
s3886,Movie,Stand-Up Comedy
s3887,Movie,Horror Movies
s3887,Movie,Thrillers
s3888,Movie,Children & Family Movies
s3888,Movie,Comedies
s3889,Movie,Children & Family Movies
s3889,Movie,Comedies
s3890,TV Show,Kids' TV
s3890,TV Show,TV Action & Adventure
s3890,TV Show,TV Comedies
s3891,Movie,Horror Movies
s3892,Movie,Dramas
s3892,Movie,Independent Movies
s3892,Movie,International Movies
s3893,Movie,Comedies
s3893,Movie,International Movies
s3894,TV Show,British TV Shows
s3894,TV Show,TV Comedies
s3895,TV Show,British TV Shows
s3895,TV Show,TV Comedies
s3896,Movie,Action & Adventure
s3896,Movie,Dramas
s3897,TV Show,Crime TV Shows
s3897,TV Show,International TV Shows
s3897,TV Show,Korean TV Shows
s3898,Movie,Comedies
s3898,Movie,International Movies
s3898,Movie,Romantic Movies
s3899,TV Show,International TV Shows
s3899,TV Show,Reality TV
s3899,TV Show,TV Action & Adventure
s3900,TV Show,TV Comedies
s3901,Movie,Dramas
s3901,Movie,Independent Movies
s3901,Movie,International Movies
s3902,Movie,Dramas
s3902,Movie,International Movies
s3902,Movie,Romantic Movies
s3903,Movie,Dramas
s3903,Movie,Independent Movies
s3904,Movie,Dramas
s3904,Movie,Independent Movies
s3905,Movie,Comedies
s3905,Movie,Independent Movies
s3905,Movie,Romantic Movies
s3906,Movie,Action & Adventure
s3906,Movie,International Movies
s3907,TV Show,Crime TV Shows
s3907,TV Show,TV Dramas
s3907,TV Show,TV Mysteries
s3908,TV Show,TV Comedies
s3908,TV Show,TV Dramas
s3908,TV Show,TV Mysteries
s3909,Movie,Comedies
s3909,Movie,International Movies
s3909,Movie,Romantic Movies
s3910,Movie,Comedies
s3910,Movie,Dramas
s3910,Movie,International Movies
s3911,Movie,Dramas
s3911,Movie,Independent Movies
s3912,Movie,Comedies
s3912,Movie,Dramas
s3912,Movie,International Movies
s3913,Movie,Dramas
s3913,Movie,International Movies
s3913,Movie,Romantic Movies
s3914,Movie,Documentaries
s3914,Movie,International Movies
s3915,Movie,Dramas
s3915,Movie,International Movies
s3915,Movie,Thrillers
s3916,Movie,Comedies
s3916,Movie,International Movies
s3916,Movie,Music & Musicals
s3917,Movie,Comedies
s3917,Movie,Dramas
s3917,Movie,International Movies
s3918,Movie,Comedies
s3918,Movie,Dramas
s3918,Movie,Independent Movies
s3919,Movie,Dramas
s3919,Movie,Independent Movies
s3919,Movie,International Movies
s3920,Movie,Dramas
s3920,Movie,Independent Movies
s3920,Movie,International Movies
s3921,Movie,Dramas
s3921,Movie,Independent Movies
s3921,Movie,International Movies
s3922,Movie,Dramas
s3922,Movie,Independent Movies
s3922,Movie,International Movies
s3923,Movie,Dramas
s3923,Movie,Independent Movies
s3923,Movie,International Movies
s3924,Movie,Comedies
s3924,Movie,Dramas
s3925,TV Show,Crime TV Shows
s3925,TV Show,International TV Shows
s3925,TV Show,Spanish-Language TV Shows
s3926,Movie,Horror Movies
s3926,Movie,Thrillers
s3927,TV Show,Docuseries
s3927,TV Show,Spanish-Language TV Shows
s3928,Movie,Action & Adventure
s3929,Movie,Stand-Up Comedy
s3930,Movie,Stand-Up Comedy
s3931,Movie,Stand-Up Comedy
s3932,TV Show,British TV Shows
s3932,TV Show,Crime TV Shows
s3932,TV Show,International TV Shows
s3933,TV Show,Anime Series
s3933,TV Show,International TV Shows
s3933,TV Show,Teen TV Shows
s3934,TV Show,Docuseries
s3935,Movie,Stand-Up Comedy
s3936,TV Show,TV Action & Adventure
s3936,TV Show,TV Dramas
s3937,Movie,Movies
s3938,Movie,Action & Adventure
s3938,Movie,International Movies
s3939,Movie,Stand-Up Comedy
s3940,Movie,Stand-Up Comedy
s3941,Movie,Children & Family Movies
s3941,Movie,Music & Musicals
s3942,TV Show,International TV Shows
s3942,TV Show,TV Dramas
s3942,TV Show,TV Horror
s3943,Movie,Stand-Up Comedy
s3944,Movie,Movies
s3945,TV Show,TV Comedies
s3946,Movie,Stand-Up Comedy
s3947,TV Show,TV Comedies
s3948,Movie,Dramas
s3948,Movie,Independent Movies
s3948,Movie,International Movies
s3949,Movie,Comedies
s3949,Movie,International Movies
s3950,Movie,Dramas
s3951,TV Show,Reality TV
s3951,TV Show,Romantic TV Shows
s3952,TV Show,Docuseries
s3952,TV Show,Science & Nature TV
s3952,TV Show,TV Dramas
s3953,TV Show,International TV Shows
s3953,TV Show,TV Dramas
s3953,TV Show,TV Thrillers
s3954,Movie,Action & Adventure
s3954,Movie,International Movies
s3955,Movie,Stand-Up Comedy
s3956,Movie,Documentaries
s3956,Movie,Faith & Spirituality
s3957,Movie,Stand-Up Comedy
s3958,Movie,Documentaries
s3958,Movie,International Movies
s3959,Movie,Documentaries
s3959,Movie,Sports Movies
s3960,TV Show,Anime Series
s3960,TV Show,International TV Shows
s3961,TV Show,Anime Series
s3961,TV Show,International TV Shows
s3962,Movie,Children & Family Movies
s3962,Movie,Sci-Fi & Fantasy
s3963,TV Show,TV Action & Adventure
s3963,TV Show,TV Sci-Fi & Fantasy
s3964,TV Show,Crime TV Shows
s3964,TV Show,TV Action & Adventure
s3965,Movie,Children & Family Movies
s3965,Movie,Sci-Fi & Fantasy
s3966,TV Show,Crime TV Shows
s3966,TV Show,TV Action & Adventure
s3966,TV Show,TV Dramas
s3967,Movie,Action & Adventure
s3967,Movie,Sci-Fi & Fantasy
s3968,TV Show,Crime TV Shows
s3968,TV Show,TV Action & Adventure
s3968,TV Show,TV Dramas
s3969,TV Show,Crime TV Shows
s3969,TV Show,TV Action & Adventure
s3969,TV Show,TV Dramas
s3970,TV Show,Crime TV Shows
s3970,TV Show,TV Action & Adventure
s3970,TV Show,TV Dramas
s3971,TV Show,Crime TV Shows
s3971,TV Show,TV Action & Adventure
s3971,TV Show,TV Thrillers
s3972,Movie,Anime Features
s3972,Movie,Children & Family Movies
s3973,Movie,Dramas
s3973,Movie,International Movies
s3973,Movie,Sports Movies
s3974,Movie,Children & Family Movies
s3974,Movie,Music & Musicals
s3975,TV Show,British TV Shows
s3975,TV Show,International TV Shows
s3975,TV Show,Reality TV
s3976,TV Show,International TV Shows
s3976,TV Show,TV Comedies
s3976,TV Show,TV Dramas
s3977,Movie,Comedies
s3977,Movie,International Movies
s3978,TV Show,International TV Shows
s3978,TV Show,TV Comedies
s3979,Movie,Comedies
s3980,TV Show,Kids' TV
s3981,TV Show,Kids' TV
s3982,TV Show,Kids' TV
s3983,Movie,Comedies
s3983,Movie,Dramas
s3983,Movie,International Movies
s3984,Movie,Dramas
s3984,Movie,Independent Movies
s3984,Movie,International Movies
s3985,Movie,Action & Adventure
s3985,Movie,International Movies
s3986,TV Show,TV Comedies
s3987,Movie,Action & Adventure
s3987,Movie,International Movies
s3988,Movie,Dramas
s3988,Movie,International Movies
s3989,Movie,Dramas
s3989,Movie,Independent Movies
s3989,Movie,International Movies
s3990,Movie,Comedies
s3990,Movie,Dramas
s3990,Movie,International Movies
s3991,Movie,Comedies
s3991,Movie,Dramas
s3991,Movie,International Movies
s3992,Movie,Stand-Up Comedy
s3993,Movie,Action & Adventure
s3993,Movie,Dramas
s3993,Movie,International Movies
s3994,Movie,Stand-Up Comedy
s3995,Movie,Dramas
s3995,Movie,Independent Movies
s3996,Movie,Horror Movies
s3996,Movie,International Movies
s3997,Movie,Dramas
s3997,Movie,International Movies
s3998,Movie,Comedies
s3998,Movie,International Movies
s3998,Movie,Music & Musicals
s3999,Movie,Documentaries
s4000,Movie,Dramas
s4000,Movie,International Movies
s4000,Movie,Music & Musicals
s4001,Movie,International Movies
s4001,Movie,Music & Musicals
s4002,Movie,Documentaries
s4003,Movie,Stand-Up Comedy
s4004,Movie,Comedies
s4004,Movie,International Movies
s4004,Movie,Romantic Movies
s4005,Movie,Comedies
s4005,Movie,Dramas
s4005,Movie,International Movies
s4006,Movie,Stand-Up Comedy
s4007,Movie,Dramas
s4007,Movie,Independent Movies
s4007,Movie,Thrillers
s4008,Movie,Comedies
s4009,Movie,Classic Movies
s4009,Movie,Dramas
s4009,Movie,Independent Movies
s4010,TV Show,Docuseries
s4010,TV Show,Reality TV
s4010,TV Show,Science & Nature TV
s4011,TV Show,Docuseries
s4011,TV Show,TV Dramas
s4012,TV Show,Crime TV Shows
s4012,TV Show,TV Action & Adventure
s4012,TV Show,TV Comedies
s4013,TV Show,International TV Shows
s4013,TV Show,TV Dramas
s4014,Movie,Dramas
s4015,Movie,Horror Movies
s4015,Movie,International Movies
s4015,Movie,Thrillers
s4016,TV Show,British TV Shows
s4016,TV Show,International TV Shows
s4016,TV Show,TV Comedies
s4017,Movie,Comedies
s4017,Movie,Dramas
s4017,Movie,International Movies
s4018,Movie,Documentaries
s4019,TV Show,British TV Shows
s4019,TV Show,Docuseries
s4019,TV Show,International TV Shows
s4020,TV Show,Anime Series
s4020,TV Show,International TV Shows
s4021,TV Show,Reality TV
s4022,Movie,Dramas
s4022,Movie,International Movies
s4023,Movie,Dramas
s4023,Movie,International Movies
s4023,Movie,Romantic Movies
s4024,Movie,Dramas
s4024,Movie,International Movies
s4024,Movie,Romantic Movies
s4025,TV Show,International TV Shows
s4025,TV Show,Romantic TV Shows
s4025,TV Show,TV Comedies
s4026,Movie,Comedies
s4026,Movie,Dramas
s4026,Movie,Independent Movies
s4027,Movie,Dramas
s4027,Movie,International Movies
s4027,Movie,Thrillers
s4028,Movie,Dramas
s4028,Movie,International Movies
s4028,Movie,LGBTQ Movies
s4029,TV Show,Crime TV Shows
s4029,TV Show,International TV Shows
s4029,TV Show,Korean TV Shows
s4030,Movie,Documentaries
s4031,TV Show,International TV Shows
s4031,TV Show,Romantic TV Shows
s4031,TV Show,TV Dramas
s4032,Movie,Action & Adventure
s4032,Movie,Comedies
s4032,Movie,Sci-Fi & Fantasy
s4033,Movie,Action & Adventure
s4033,Movie,Comedies
s4033,Movie,Sci-Fi & Fantasy
s4034,TV Show,International TV Shows
s4034,TV Show,Korean TV Shows
s4034,TV Show,Stand-Up Comedy & Talk Shows
s4035,Movie,Comedies
s4035,Movie,International Movies
s4036,Movie,Dramas
s4036,Movie,Independent Movies
s4037,Movie,Dramas
s4037,Movie,Independent Movies
s4038,Movie,Action & Adventure
s4038,Movie,Dramas
s4038,Movie,International Movies
s4039,Movie,Documentaries
s4040,Movie,Dramas
s4040,Movie,International Movies
s4040,Movie,Sports Movies
s4041,Movie,Documentaries
s4042,Movie,Dramas
s4042,Movie,Thrillers
s4043,Movie,Horror Movies
s4044,TV Show,International TV Shows
s4044,TV Show,TV Dramas
s4045,Movie,Dramas
s4045,Movie,International Movies
s4046,Movie,Dramas
s4046,Movie,Independent Movies
s4046,Movie,International Movies
s4047,TV Show,International TV Shows
s4047,TV Show,TV Dramas
s4047,TV Show,Teen TV Shows
s4048,TV Show,British TV Shows
s4048,TV Show,International TV Shows
s4048,TV Show,TV Action & Adventure
s4049,TV Show,TV Comedies
s4050,Movie,Comedies
s4050,Movie,International Movies
s4051,Movie,Comedies
s4051,Movie,International Movies
s4052,Movie,Action & Adventure
s4052,Movie,Dramas
s4052,Movie,International Movies
s4053,Movie,Independent Movies
s4053,Movie,Thrillers
s4054,TV Show,TV Dramas
s4054,TV Show,TV Thrillers
s4055,Movie,Music & Musicals
s4056,TV Show,TV Shows
s4057,TV Show,International TV Shows
s4057,TV Show,Romantic TV Shows
s4057,TV Show,TV Dramas
s4058,Movie,Dramas
s4058,Movie,International Movies
s4058,Movie,Thrillers
s4059,Movie,Documentaries
s4059,Movie,International Movies
s4059,Movie,Music & Musicals
s4060,TV Show,International TV Shows
s4060,TV Show,Reality TV
s4060,TV Show,Spanish-Language TV Shows
s4061,Movie,Action & Adventure
s4061,Movie,Comedies
s4061,Movie,International Movies
s4062,Movie,Children & Family Movies
s4062,Movie,Comedies
s4062,Movie,Dramas
s4063,Movie,Comedies
s4063,Movie,International Movies
s4064,Movie,Comedies
s4064,Movie,International Movies
s4064,Movie,Sci-Fi & Fantasy
s4065,Movie,Action & Adventure
s4065,Movie,Dramas
s4065,Movie,International Movies
s4066,TV Show,Kids' TV
s4067,Movie,Dramas
s4067,Movie,Independent Movies
s4067,Movie,International Movies
s4068,Movie,Comedies
s4068,Movie,Music & Musicals
s4068,Movie,Romantic Movies
s4069,Movie,Stand-Up Comedy
s4070,Movie,Documentaries
s4070,Movie,International Movies
s4070,Movie,LGBTQ Movies
s4071,Movie,Stand-Up Comedy
s4072,Movie,Stand-Up Comedy
s4073,Movie,Stand-Up Comedy
s4074,Movie,Comedies
s4074,Movie,Dramas
s4074,Movie,Independent Movies
s4075,Movie,Children & Family Movies
s4075,Movie,Comedies
s4076,TV Show,TV Comedies
s4077,Movie,Comedies
s4077,Movie,Romantic Movies
s4078,TV Show,International TV Shows
s4078,TV Show,TV Dramas
s4079,TV Show,International TV Shows
s4079,TV Show,TV Dramas
s4080,TV Show,International TV Shows
s4080,TV Show,Stand-Up Comedy & Talk Shows
s4080,TV Show,TV Comedies
s4081,Movie,Action & Adventure
s4081,Movie,Sci-Fi & Fantasy
s4082,TV Show,Kids' TV
s4083,Movie,Children & Family Movies
s4084,TV Show,Kids' TV
s4084,TV Show,TV Comedies
s4085,TV Show,Kids' TV
s4085,TV Show,TV Comedies
s4086,TV Show,Kids' TV
s4086,TV Show,TV Comedies
s4087,TV Show,Kids' TV
s4087,TV Show,TV Comedies
s4088,TV Show,Kids' TV
s4089,TV Show,Kids' TV
s4090,Movie,Children & Family Movies
s4090,Movie,Sports Movies
s4091,Movie,Stand-Up Comedy
s4092,Movie,Stand-Up Comedy
s4093,Movie,Stand-Up Comedy
s4094,Movie,Stand-Up Comedy
s4095,Movie,Stand-Up Comedy
s4096,Movie,Stand-Up Comedy
s4097,Movie,Dramas
s4097,Movie,International Movies
s4098,Movie,Action & Adventure
s4099,Movie,Dramas
s4099,Movie,International Movies
s4099,Movie,Romantic Movies
s4100,Movie,Documentaries
s4100,Movie,Music & Musicals
s4101,Movie,Comedies
s4101,Movie,International Movies
s4101,Movie,Romantic Movies
s4102,Movie,Dramas
s4102,Movie,Independent Movies
s4102,Movie,LGBTQ Movies
s4103,TV Show,International TV Shows
s4103,TV Show,Romantic TV Shows
s4103,TV Show,Spanish-Language TV Shows
s4104,TV Show,Reality TV
s4105,TV Show,British TV Shows
s4105,TV Show,International TV Shows
s4105,TV Show,Reality TV
s4106,TV Show,Crime TV Shows
s4106,TV Show,International TV Shows
s4106,TV Show,TV Dramas
s4107,TV Show,Crime TV Shows
s4107,TV Show,International TV Shows
s4107,TV Show,TV Dramas
s4108,Movie,International Movies
s4108,Movie,Sci-Fi & Fantasy
s4108,Movie,Thrillers
s4109,Movie,Comedies
s4109,Movie,Cult Movies
s4109,Movie,Independent Movies
s4110,TV Show,Crime TV Shows
s4110,TV Show,TV Dramas
s4110,TV Show,TV Mysteries
s4111,Movie,Dramas
s4111,Movie,International Movies
s4111,Movie,Thrillers
s4112,Movie,Dramas
s4112,Movie,Independent Movies
s4113,TV Show,Kids' TV
s4114,TV Show,Kids' TV
s4115,TV Show,Kids' TV
s4115,TV Show,Korean TV Shows
s4116,TV Show,Kids' TV
s4116,TV Show,Korean TV Shows
s4117,Movie,Documentaries
s4118,Movie,Dramas
s4118,Movie,International Movies
s4119,TV Show,Reality TV
s4120,Movie,Children & Family Movies
s4120,Movie,Dramas
s4120,Movie,Sports Movies
s4121,Movie,Dramas
s4121,Movie,International Movies
s4122,TV Show,Kids' TV
s4122,TV Show,TV Action & Adventure
s4123,Movie,Dramas
s4123,Movie,International Movies
s4123,Movie,Sci-Fi & Fantasy
s4124,Movie,Action & Adventure
s4124,Movie,Anime Features
s4124,Movie,Children & Family Movies
s4125,Movie,Stand-Up Comedy
s4126,Movie,Children & Family Movies
s4126,Movie,Comedies
s4127,Movie,Dramas
s4127,Movie,International Movies
s4127,Movie,Music & Musicals
s4128,TV Show,International TV Shows
s4128,TV Show,Korean TV Shows
s4128,TV Show,TV Dramas
s4129,Movie,Comedies
s4129,Movie,Dramas
s4129,Movie,International Movies
s4130,Movie,Children & Family Movies
s4130,Movie,Comedies
s4130,Movie,International Movies
s4131,Movie,Children & Family Movies
s4131,Movie,Comedies
s4131,Movie,International Movies
s4132,TV Show,International TV Shows
s4132,TV Show,Romantic TV Shows
s4132,TV Show,TV Comedies
s4133,Movie,Documentaries
s4133,Movie,Music & Musicals
s4134,TV Show,International TV Shows
s4134,TV Show,Romantic TV Shows
s4134,TV Show,TV Comedies
s4135,TV Show,Crime TV Shows
s4135,TV Show,International TV Shows
s4135,TV Show,Spanish-Language TV Shows
s4136,Movie,Anime Features
s4137,TV Show,International TV Shows
s4137,TV Show,Romantic TV Shows
s4137,TV Show,TV Comedies
s4138,Movie,Dramas
s4138,Movie,International Movies
s4139,Movie,Dramas
s4139,Movie,International Movies
s4139,Movie,Thrillers
s4140,Movie,Dramas
s4140,Movie,International Movies
s4141,Movie,Romantic Movies
s4142,TV Show,International TV Shows
s4142,TV Show,Korean TV Shows
s4142,TV Show,Romantic TV Shows
s4143,Movie,Documentaries
s4144,TV Show,International TV Shows
s4144,TV Show,Romantic TV Shows
s4144,TV Show,TV Comedies
s4145,Movie,Documentaries
s4145,Movie,Music & Musicals
s4146,Movie,Dramas
s4146,Movie,Independent Movies
s4147,Movie,Dramas
s4147,Movie,Independent Movies
s4148,Movie,Documentaries
s4149,Movie,Documentaries
s4150,Movie,Action & Adventure
s4150,Movie,International Movies
s4150,Movie,Music & Musicals
s4151,Movie,Action & Adventure
s4151,Movie,Dramas
s4152,Movie,Comedies
s4152,Movie,International Movies
s4152,Movie,Romantic Movies
s4153,Movie,Dramas
s4153,Movie,Independent Movies
s4154,Movie,Documentaries
s4155,Movie,Stand-Up Comedy
s4156,Movie,Stand-Up Comedy
s4157,TV Show,International TV Shows
s4157,TV Show,TV Action & Adventure
s4157,TV Show,TV Comedies
s4158,TV Show,Anime Series
s4158,TV Show,International TV Shows
s4159,TV Show,Anime Series
s4159,TV Show,International TV Shows
s4160,Movie,Anime Features
s4160,Movie,Children & Family Movies
s4161,TV Show,TV Comedies
s4161,TV Show,Teen TV Shows
s4162,Movie,Dramas
s4162,Movie,Independent Movies
s4162,Movie,International Movies
s4163,Movie,Comedies
s4163,Movie,International Movies
s4164,Movie,Action & Adventure
s4164,Movie,Horror Movies
s4164,Movie,Independent Movies
s4165,Movie,Action & Adventure
s4165,Movie,Dramas
s4165,Movie,International Movies
s4166,Movie,Dramas
s4166,Movie,Independent Movies
s4166,Movie,Thrillers
s4167,Movie,Dramas
s4167,Movie,International Movies
s4168,TV Show,Kids' TV
s4169,Movie,Dramas
s4170,Movie,Dramas
s4170,Movie,International Movies
s4170,Movie,Thrillers
s4171,TV Show,International TV Shows
s4171,TV Show,Korean TV Shows
s4171,TV Show,Romantic TV Shows
s4172,Movie,Comedies
s4172,Movie,Dramas
s4172,Movie,International Movies
s4173,Movie,Dramas
s4174,TV Show,International TV Shows
s4174,TV Show,Spanish-Language TV Shows
s4174,TV Show,TV Dramas
s4175,Movie,Thrillers
s4176,TV Show,British TV Shows
s4176,TV Show,International TV Shows
s4176,TV Show,Reality TV
s4177,Movie,Documentaries
s4177,Movie,International Movies
s4178,Movie,Action & Adventure
s4178,Movie,Comedies
s4179,Movie,Comedies
s4179,Movie,Dramas
s4179,Movie,International Movies
s4180,TV Show,Kids' TV
s4180,TV Show,Korean TV Shows
s4181,TV Show,British TV Shows
s4181,TV Show,Docuseries
s4181,TV Show,Science & Nature TV
s4182,TV Show,Crime TV Shows
s4182,TV Show,International TV Shows
s4182,TV Show,TV Action & Adventure
s4183,Movie,Children & Family Movies
s4183,Movie,Comedies
s4184,Movie,Comedies
s4184,Movie,International Movies
s4185,Movie,Children & Family Movies
s4186,Movie,Children & Family Movies
s4187,Movie,Children & Family Movies
s4187,Movie,Music & Musicals
s4188,Movie,Movies
s4189,Movie,Children & Family Movies
s4190,Movie,Children & Family Movies
s4191,Movie,Children & Family Movies
s4192,Movie,Children & Family Movies
s4193,Movie,Children & Family Movies
s4194,Movie,Children & Family Movies
s4195,Movie,Children & Family Movies
s4196,Movie,Children & Family Movies
s4197,Movie,Children & Family Movies
s4198,Movie,Children & Family Movies
s4199,Movie,Children & Family Movies
s4200,Movie,Children & Family Movies
s4200,Movie,Comedies
s4201,Movie,Children & Family Movies
s4202,TV Show,Kids' TV
s4203,Movie,Comedies
s4203,Movie,Romantic Movies
s4204,Movie,Action & Adventure
s4204,Movie,Dramas
s4204,Movie,Independent Movies
s4205,TV Show,Anime Series
s4205,TV Show,Romantic TV Shows
s4206,TV Show,British TV Shows
s4206,TV Show,Docuseries
s4206,TV Show,International TV Shows
s4207,TV Show,British TV Shows
s4207,TV Show,Docuseries
s4207,TV Show,International TV Shows
s4208,Movie,Action & Adventure
s4208,Movie,Classic Movies
s4208,Movie,Comedies
s4209,TV Show,British TV Shows
s4209,TV Show,Docuseries
s4209,TV Show,TV Comedies
s4210,Movie,Documentaries
s4211,Movie,Comedies
s4212,Movie,Comedies
s4212,Movie,Documentaries
s4213,Movie,Comedies
s4213,Movie,Documentaries
s4214,Movie,Comedies
s4215,Movie,Documentaries
s4216,TV Show,British TV Shows
s4216,TV Show,Docuseries
s4217,TV Show,International TV Shows
s4217,TV Show,TV Comedies
s4218,TV Show,British TV Shows
s4218,TV Show,Classic & Cult TV
s4218,TV Show,International TV Shows
s4219,Movie,Classic Movies
s4219,Movie,Comedies
s4219,Movie,Cult Movies
s4220,TV Show,British TV Shows
s4220,TV Show,TV Comedies
s4221,TV Show,Crime TV Shows
s4221,TV Show,International TV Shows
s4221,TV Show,Spanish-Language TV Shows
s4222,Movie,Dramas
s4222,Movie,Independent Movies
s4222,Movie,Sci-Fi & Fantasy
s4223,Movie,Dramas
s4223,Movie,Independent Movies
s4223,Movie,LGBTQ Movies
s4224,Movie,Action & Adventure
s4224,Movie,Comedies
s4224,Movie,International Movies
s4225,Movie,Dramas
s4225,Movie,Independent Movies
s4225,Movie,International Movies
s4226,TV Show,International TV Shows
s4226,TV Show,TV Dramas
s4226,TV Show,TV Mysteries
s4227,TV Show,British TV Shows
s4227,TV Show,Kids' TV
s4228,Movie,Dramas
s4228,Movie,Independent Movies
s4228,Movie,International Movies
s4229,TV Show,Crime TV Shows
s4229,TV Show,International TV Shows
s4229,TV Show,TV Dramas
s4230,Movie,Documentaries
s4231,Movie,Dramas
s4231,Movie,International Movies
s4232,Movie,Stand-Up Comedy
s4233,TV Show,International TV Shows
s4233,TV Show,TV Action & Adventure
s4233,TV Show,TV Dramas
s4234,TV Show,International TV Shows
s4234,TV Show,Romantic TV Shows
s4234,TV Show,TV Dramas
s4235,Movie,Documentaries
s4235,Movie,International Movies
s4236,Movie,Action & Adventure
s4236,Movie,Dramas
s4236,Movie,International Movies
s4237,Movie,Dramas
s4237,Movie,International Movies
s4238,TV Show,Kids' TV
s4239,Movie,Comedies
s4239,Movie,Dramas
s4239,Movie,International Movies
s4240,Movie,Comedies
s4240,Movie,International Movies
s4241,TV Show,Kids' TV
s4242,Movie,Children & Family Movies
s4242,Movie,Comedies
s4243,Movie,Action & Adventure
s4243,Movie,Documentaries
s4243,Movie,International Movies
s4244,TV Show,Docuseries
s4244,TV Show,International TV Shows
s4245,Movie,Comedies
s4246,TV Show,Docuseries
s4246,TV Show,Science & Nature TV
s4247,TV Show,International TV Shows
s4247,TV Show,TV Dramas
s4248,Movie,Action & Adventure
s4248,Movie,Children & Family Movies
s4248,Movie,Dramas
s4249,Movie,Dramas
s4249,Movie,International Movies
s4249,Movie,Thrillers
s4250,Movie,Dramas
s4251,Movie,Comedies
s4251,Movie,Romantic Movies
s4252,Movie,Documentaries
s4252,Movie,International Movies
s4253,TV Show,TV Comedies
s4253,TV Show,Teen TV Shows
s4254,Movie,Children & Family Movies
s4254,Movie,Comedies
s4254,Movie,Sci-Fi & Fantasy
s4255,Movie,Dramas
s4255,Movie,Independent Movies
s4255,Movie,International Movies
s4256,Movie,Action & Adventure
s4256,Movie,Comedies
s4256,Movie,Romantic Movies
s4257,Movie,Comedies
s4257,Movie,International Movies
s4257,Movie,Romantic Movies
s4258,Movie,Comedies
s4258,Movie,Independent Movies
s4259,TV Show,International TV Shows
s4259,TV Show,Korean TV Shows
s4259,TV Show,Romantic TV Shows
s4260,Movie,Comedies
s4260,Movie,Dramas
s4260,Movie,International Movies
s4261,Movie,Comedies
s4262,TV Show,Kids' TV
s4262,TV Show,TV Comedies
s4263,Movie,International Movies
s4263,Movie,Thrillers
s4264,Movie,Comedies
s4264,Movie,International Movies
s4265,Movie,Comedies
s4265,Movie,Dramas
s4265,Movie,International Movies
s4266,Movie,Dramas
s4266,Movie,Independent Movies
s4266,Movie,International Movies
s4267,Movie,Dramas
s4267,Movie,Independent Movies
s4267,Movie,International Movies
s4268,Movie,Documentaries
s4268,Movie,LGBTQ Movies
s4269,Movie,Dramas
s4269,Movie,International Movies
s4270,Movie,Dramas
s4270,Movie,Independent Movies
s4271,Movie,Dramas
s4271,Movie,Independent Movies
s4272,Movie,Action & Adventure
s4272,Movie,International Movies
s4273,Movie,Comedies
s4273,Movie,International Movies
s4273,Movie,Romantic Movies
s4274,Movie,Comedies
s4274,Movie,International Movies
s4274,Movie,Romantic Movies
s4275,Movie,Action & Adventure
s4275,Movie,Dramas
s4275,Movie,International Movies
s4276,Movie,Children & Family Movies
s4276,Movie,Comedies
s4276,Movie,Dramas
s4277,Movie,Dramas
s4277,Movie,Independent Movies
s4277,Movie,International Movies
s4278,Movie,Comedies
s4278,Movie,International Movies
s4278,Movie,Romantic Movies
s4279,Movie,Comedies
s4279,Movie,International Movies
s4279,Movie,Romantic Movies
s4280,Movie,Dramas
s4280,Movie,International Movies
s4281,Movie,Horror Movies
s4281,Movie,International Movies
s4282,Movie,Comedies
s4282,Movie,International Movies
s4282,Movie,Music & Musicals
s4283,Movie,Children & Family Movies
s4284,Movie,Children & Family Movies
s4284,Movie,Comedies
s4285,Movie,Action & Adventure
s4285,Movie,Comedies
s4285,Movie,Dramas
s4286,Movie,Comedies
s4286,Movie,Dramas
s4286,Movie,International Movies
s4287,Movie,Action & Adventure
s4287,Movie,International Movies
s4288,TV Show,British TV Shows
s4288,TV Show,Crime TV Shows
s4288,TV Show,Docuseries
s4289,TV Show,Crime TV Shows
s4289,TV Show,Docuseries
s4290,Movie,Comedies
s4291,Movie,Comedies
s4291,Movie,Cult Movies
s4291,Movie,Horror Movies
s4292,Movie,Documentaries
s4293,TV Show,Crime TV Shows
s4293,TV Show,Docuseries
s4294,TV Show,International TV Shows
s4294,TV Show,Romantic TV Shows
s4294,TV Show,TV Comedies
s4295,Movie,Dramas
s4295,Movie,Independent Movies
s4295,Movie,International Movies
s4296,Movie,Comedies
s4296,Movie,Dramas
s4296,Movie,International Movies
s4297,Movie,Comedies
s4297,Movie,Dramas
s4297,Movie,Independent Movies
s4298,TV Show,Kids' TV
s4298,TV Show,TV Comedies
s4299,Movie,Sci-Fi & Fantasy
s4299,Movie,Thrillers
s4300,Movie,Comedies
s4300,Movie,International Movies
s4301,Movie,Action & Adventure
s4301,Movie,Classic Movies
s4301,Movie,Dramas
s4302,Movie,Documentaries
s4302,Movie,International Movies
s4303,Movie,International Movies
s4303,Movie,Romantic Movies
s4304,TV Show,Kids' TV
s4304,TV Show,TV Comedies
s4305,Movie,Children & Family Movies
s4305,Movie,Comedies
s4306,Movie,Documentaries
s4306,Movie,International Movies
s4307,Movie,Comedies
s4307,Movie,International Movies
s4307,Movie,Music & Musicals
s4308,Movie,Dramas
s4308,Movie,International Movies
s4308,Movie,Thrillers
s4309,Movie,Dramas
s4309,Movie,Independent Movies
s4309,Movie,International Movies
s4310,TV Show,International TV Shows
s4310,TV Show,Korean TV Shows
s4310,TV Show,TV Action & Adventure
s4311,Movie,Dramas
s4311,Movie,Faith & Spirituality
s4312,TV Show,International TV Shows
s4312,TV Show,Romantic TV Shows
s4313,TV Show,International TV Shows
s4313,TV Show,Romantic TV Shows
s4313,TV Show,TV Comedies
s4314,Movie,Comedies
s4314,Movie,International Movies
s4315,Movie,Comedies
s4315,Movie,Independent Movies
s4316,Movie,Comedies
s4316,Movie,Dramas
s4316,Movie,International Movies
s4317,Movie,Comedies
s4317,Movie,Romantic Movies
s4318,TV Show,International TV Shows
s4318,TV Show,Korean TV Shows
s4318,TV Show,Romantic TV Shows
s4319,Movie,Comedies
s4319,Movie,International Movies
s4319,Movie,Sci-Fi & Fantasy
s4320,Movie,Comedies
s4320,Movie,International Movies
s4321,Movie,Dramas
s4322,Movie,Dramas
s4322,Movie,Independent Movies
s4322,Movie,International Movies
s4323,TV Show,International TV Shows
s4323,TV Show,Korean TV Shows
s4323,TV Show,Romantic TV Shows
s4324,Movie,Dramas
s4325,Movie,Comedies
s4325,Movie,Dramas
s4325,Movie,International Movies
s4326,TV Show,British TV Shows
s4326,TV Show,International TV Shows
s4326,TV Show,Reality TV
s4327,TV Show,International TV Shows
s4327,TV Show,Romantic TV Shows
s4327,TV Show,TV Dramas
s4328,Movie,Comedies
s4328,Movie,Dramas
s4328,Movie,International Movies
s4329,TV Show,International TV Shows
s4329,TV Show,Stand-Up Comedy & Talk Shows
s4330,TV Show,Crime TV Shows
s4330,TV Show,International TV Shows
s4330,TV Show,Korean TV Shows
s4331,Movie,Children & Family Movies
s4332,Movie,Children & Family Movies
s4332,Movie,Comedies
s4333,Movie,Children & Family Movies
s4333,Movie,Comedies
s4334,Movie,Children & Family Movies
s4334,Movie,Comedies
s4335,Movie,Children & Family Movies
s4336,Movie,Children & Family Movies
s4337,TV Show,Kids' TV
s4338,TV Show,Crime TV Shows
s4338,TV Show,International TV Shows
s4338,TV Show,Korean TV Shows
s4339,Movie,Dramas
s4339,Movie,International Movies
s4340,TV Show,International TV Shows
s4340,TV Show,Romantic TV Shows
s4340,TV Show,TV Dramas
s4341,TV Show,Stand-Up Comedy & Talk Shows
s4342,Movie,International Movies
s4343,Movie,Documentaries
s4343,Movie,International Movies
s4344,TV Show,International TV Shows
s4344,TV Show,Korean TV Shows
s4344,TV Show,Romantic TV Shows
s4345,Movie,Comedies
s4345,Movie,Dramas
s4345,Movie,International Movies
s4346,Movie,Documentaries
s4347,TV Show,Kids' TV
s4348,Movie,Comedies
s4348,Movie,International Movies
s4348,Movie,Romantic Movies
s4349,TV Show,International TV Shows
s4349,TV Show,TV Dramas
s4350,TV Show,International TV Shows
s4350,TV Show,Korean TV Shows
s4350,TV Show,Romantic TV Shows
s4351,TV Show,International TV Shows
s4351,TV Show,Korean TV Shows
s4351,TV Show,Romantic TV Shows
s4352,Movie,Action & Adventure
s4352,Movie,Comedies
s4352,Movie,International Movies
s4353,Movie,Documentaries
s4354,TV Show,International TV Shows
s4354,TV Show,Korean TV Shows
s4354,TV Show,Romantic TV Shows
s4355,TV Show,International TV Shows
s4355,TV Show,Korean TV Shows
s4355,TV Show,Romantic TV Shows
s4356,Movie,Dramas
s4357,Movie,Comedies
s4357,Movie,International Movies
s4358,Movie,Comedies
s4358,Movie,International Movies
s4359,Movie,Comedies
s4359,Movie,International Movies
s4360,Movie,Comedies
s4360,Movie,International Movies
s4361,Movie,Comedies
s4361,Movie,Dramas
s4361,Movie,Independent Movies
s4362,TV Show,British TV Shows
s4362,TV Show,Docuseries
s4363,Movie,Thrillers
s4364,Movie,Comedies
s4364,Movie,International Movies
s4365,Movie,Action & Adventure
s4365,Movie,Dramas
s4365,Movie,International Movies
s4366,Movie,Documentaries
s4366,Movie,International Movies
s4367,Movie,Dramas
s4367,Movie,Romantic Movies
s4368,Movie,Comedies
s4368,Movie,International Movies
s4368,Movie,Romantic Movies
s4369,Movie,Comedies
s4369,Movie,International Movies
s4370,TV Show,Docuseries
s4370,TV Show,International TV Shows
s4370,TV Show,Science & Nature TV
s4371,TV Show,TV Comedies
s4371,TV Show,TV Sci-Fi & Fantasy
s4372,TV Show,TV Comedies
s4372,TV Show,TV Sci-Fi & Fantasy
s4373,Movie,Comedies
s4373,Movie,Dramas
s4373,Movie,Independent Movies
s4374,TV Show,International TV Shows
s4374,TV Show,Korean TV Shows
s4374,TV Show,TV Comedies
s4375,Movie,Dramas
s4375,Movie,Thrillers
s4376,TV Show,International TV Shows
s4376,TV Show,TV Dramas
s4376,TV Show,TV Horror
s4377,Movie,Horror Movies
s4377,Movie,International Movies
s4378,TV Show,International TV Shows
s4378,TV Show,TV Comedies
s4378,TV Show,TV Dramas
s4379,TV Show,British TV Shows
s4379,TV Show,Docuseries
s4380,Movie,Dramas
s4380,Movie,International Movies
s4381,Movie,Action & Adventure
s4381,Movie,International Movies
s4382,Movie,Action & Adventure
s4382,Movie,Dramas
s4382,Movie,International Movies
s4383,Movie,Comedies
s4383,Movie,Sports Movies
s4384,TV Show,British TV Shows
s4384,TV Show,International TV Shows
s4384,TV Show,Reality TV
s4385,Movie,Documentaries
s4385,Movie,International Movies
s4386,TV Show,Anime Series
s4386,TV Show,Romantic TV Shows
s4386,TV Show,Teen TV Shows
s4387,TV Show,Reality TV
s4388,TV Show,International TV Shows
s4388,TV Show,Reality TV
s4389,TV Show,International TV Shows
s4389,TV Show,Reality TV
s4390,TV Show,Reality TV
s4391,TV Show,International TV Shows
s4391,TV Show,Reality TV
s4391,TV Show,Spanish-Language TV Shows
s4392,TV Show,International TV Shows
s4392,TV Show,Reality TV
s4392,TV Show,Spanish-Language TV Shows
s4393,Movie,Horror Movies
s4394,Movie,Comedies
s4394,Movie,Romantic Movies
s4395,Movie,Documentaries
s4396,Movie,Action & Adventure
s4396,Movie,Comedies
s4396,Movie,International Movies
s4397,Movie,Comedies
s4397,Movie,Dramas
s4397,Movie,International Movies
s4398,Movie,Dramas
s4398,Movie,Independent Movies
s4399,Movie,Horror Movies
s4399,Movie,International Movies
s4399,Movie,Romantic Movies
s4400,Movie,Comedies
s4400,Movie,Dramas
s4400,Movie,LGBTQ Movies
s4401,Movie,Comedies
s4401,Movie,Dramas
s4401,Movie,Romantic Movies
s4402,TV Show,Crime TV Shows
s4402,TV Show,TV Action & Adventure
s4402,TV Show,TV Dramas
s4403,TV Show,Crime TV Shows
s4403,TV Show,TV Action & Adventure
s4403,TV Show,TV Dramas
s4404,TV Show,Crime TV Shows
s4404,TV Show,Docuseries
s4405,TV Show,Anime Series
s4405,TV Show,International TV Shows
s4406,Movie,Action & Adventure
s4406,Movie,Anime Features
s4406,Movie,International Movies
s4407,Movie,Action & Adventure
s4407,Movie,Anime Features
s4407,Movie,International Movies
s4408,Movie,Action & Adventure
s4408,Movie,Anime Features
s4408,Movie,International Movies
s4409,Movie,Action & Adventure
s4409,Movie,Anime Features
s4409,Movie,International Movies
s4410,Movie,Action & Adventure
s4410,Movie,Anime Features
s4410,Movie,International Movies
s4411,Movie,Action & Adventure
s4411,Movie,Anime Features
s4411,Movie,International Movies
s4412,Movie,Action & Adventure
s4412,Movie,Anime Features
s4412,Movie,International Movies
s4413,Movie,Action & Adventure
s4413,Movie,Anime Features
s4413,Movie,International Movies
s4414,Movie,Dramas
s4414,Movie,International Movies
s4414,Movie,Romantic Movies
s4415,Movie,Documentaries
s4415,Movie,International Movies
s4415,Movie,Music & Musicals
s4416,Movie,Stand-Up Comedy
s4417,Movie,Stand-Up Comedy
s4418,Movie,Comedies
s4419,Movie,Movies
s4420,Movie,Stand-Up Comedy
s4421,Movie,Dramas
s4421,Movie,Independent Movies
s4421,Movie,International Movies
s4422,Movie,Documentaries
s4423,Movie,Action & Adventure
s4423,Movie,Comedies
s4423,Movie,Independent Movies
s4424,Movie,Documentaries
s4425,Movie,Action & Adventure
s4425,Movie,Children & Family Movies
s4426,Movie,Dramas
s4426,Movie,International Movies
s4427,Movie,Comedies
s4428,Movie,Dramas
s4428,Movie,Independent Movies
s4429,TV Show,Docuseries
s4429,TV Show,Science & Nature TV
s4430,TV Show,Docuseries
s4430,TV Show,Science & Nature TV
s4431,Movie,Documentaries
s4432,TV Show,British TV Shows
s4432,TV Show,Docuseries
s4432,TV Show,Science & Nature TV
s4433,TV Show,British TV Shows
s4433,TV Show,Docuseries
s4433,TV Show,Science & Nature TV
s4434,TV Show,British TV Shows
s4434,TV Show,Docuseries
s4434,TV Show,Science & Nature TV
s4435,TV Show,British TV Shows
s4435,TV Show,Docuseries
s4435,TV Show,Science & Nature TV
s4436,Movie,Comedies
s4436,Movie,International Movies
s4436,Movie,Music & Musicals
s4437,Movie,Classic Movies
s4437,Movie,Documentaries
s4438,TV Show,Docuseries
s4439,TV Show,Crime TV Shows
s4439,TV Show,TV Dramas
s4439,TV Show,TV Mysteries
s4440,Movie,Action & Adventure
s4440,Movie,Comedies
s4440,Movie,International Movies
s4441,Movie,Stand-Up Comedy
s4442,Movie,International Movies
s4442,Movie,Thrillers
s4443,Movie,Action & Adventure
s4443,Movie,Dramas
s4443,Movie,International Movies
s4444,Movie,Dramas
s4444,Movie,International Movies
s4444,Movie,Romantic Movies
s4445,TV Show,TV Comedies
s4445,TV Show,TV Sci-Fi & Fantasy
s4445,TV Show,Teen TV Shows
s4446,TV Show,Anime Series
s4446,TV Show,International TV Shows
s4447,Movie,Dramas
s4447,Movie,International Movies
s4448,Movie,Comedies
s4448,Movie,International Movies
s4449,TV Show,TV Comedies
s4450,TV Show,TV Comedies
s4450,TV Show,TV Dramas
s4450,TV Show,Teen TV Shows
s4451,Movie,Dramas
s4451,Movie,Faith & Spirituality
s4452,TV Show,Romantic TV Shows
s4452,TV Show,TV Comedies
s4453,Movie,Dramas
s4453,Movie,International Movies
s4454,Movie,Children & Family Movies
s4454,Movie,Comedies
s4455,Movie,Dramas
s4455,Movie,Independent Movies
s4455,Movie,Romantic Movies
s4456,Movie,Documentaries
s4457,Movie,Action & Adventure
s4457,Movie,Sci-Fi & Fantasy
s4458,Movie,Comedies
s4458,Movie,Dramas
s4458,Movie,International Movies
s4459,Movie,Children & Family Movies
s4459,Movie,Comedies
s4459,Movie,Sci-Fi & Fantasy
s4460,TV Show,Reality TV
s4461,Movie,Action & Adventure
s4461,Movie,Dramas
s4461,Movie,International Movies
s4462,TV Show,Crime TV Shows
s4462,TV Show,International TV Shows
s4462,TV Show,Spanish-Language TV Shows
s4463,Movie,Dramas
s4463,Movie,Independent Movies
s4464,Movie,Dramas
s4464,Movie,Independent Movies
s4465,Movie,Dramas
s4465,Movie,Independent Movies
s4465,Movie,Thrillers
s4466,Movie,Comedies
s4466,Movie,International Movies
s4466,Movie,Romantic Movies
s4467,TV Show,Docuseries
s4467,TV Show,Science & Nature TV
s4468,Movie,Movies
s4469,TV Show,Crime TV Shows
s4469,TV Show,Docuseries
s4470,Movie,Dramas
s4470,Movie,Independent Movies
s4470,Movie,Thrillers
s4471,TV Show,TV Horror
s4471,TV Show,TV Mysteries
s4471,TV Show,TV Sci-Fi & Fantasy
s4472,TV Show,International TV Shows
s4472,TV Show,Korean TV Shows
s4472,TV Show,TV Dramas
s4473,TV Show,British TV Shows
s4473,TV Show,International TV Shows
s4473,TV Show,Reality TV
s4474,Movie,Dramas
s4474,Movie,Romantic Movies
s4475,Movie,Stand-Up Comedy
s4476,Movie,Dramas
s4476,Movie,International Movies
s4476,Movie,Romantic Movies
s4477,Movie,Dramas
s4477,Movie,International Movies
s4478,Movie,Action & Adventure
s4479,TV Show,Anime Series
s4479,TV Show,Kids' TV
s4480,TV Show,Kids' TV
s4480,TV Show,TV Comedies
s4481,Movie,Action & Adventure
s4481,Movie,Anime Features
s4481,Movie,Children & Family Movies
s4482,TV Show,Crime TV Shows
s4482,TV Show,Docuseries
s4482,TV Show,International TV Shows
s4483,Movie,Comedies
s4483,Movie,International Movies
s4484,Movie,Comedies
s4484,Movie,Dramas
s4484,Movie,International Movies
s4485,Movie,Documentaries
s4485,Movie,Music & Musicals
s4486,Movie,Comedies
s4486,Movie,International Movies
s4487,Movie,Comedies
s4487,Movie,Dramas
s4487,Movie,International Movies
s4488,TV Show,Anime Series
s4488,TV Show,International TV Shows
s4489,Movie,Action & Adventure
s4489,Movie,Anime Features
s4489,Movie,Sci-Fi & Fantasy
s4490,TV Show,Kids' TV
s4490,TV Show,TV Comedies
s4490,TV Show,TV Dramas
s4491,Movie,Comedies
s4491,Movie,Dramas
s4491,Movie,International Movies
s4492,Movie,Dramas
s4492,Movie,International Movies
s4493,Movie,Dramas
s4493,Movie,International Movies
s4494,Movie,Dramas
s4494,Movie,International Movies
s4494,Movie,Romantic Movies
s4495,Movie,Comedies
s4495,Movie,Romantic Movies
s4496,TV Show,International TV Shows
s4496,TV Show,Reality TV
s4496,TV Show,Spanish-Language TV Shows
s4497,TV Show,Romantic TV Shows
s4497,TV Show,TV Comedies
s4497,TV Show,TV Dramas
s4498,TV Show,International TV Shows
s4498,TV Show,TV Dramas
s4498,TV Show,TV Thrillers
s4499,Movie,Dramas
s4499,Movie,Independent Movies
s4499,Movie,International Movies
s4500,Movie,Dramas
s4500,Movie,Independent Movies
s4500,Movie,International Movies
s4501,Movie,Horror Movies
s4501,Movie,International Movies
s4502,Movie,Documentaries
s4503,TV Show,International TV Shows
s4503,TV Show,TV Comedies
s4503,TV Show,TV Dramas
s4504,Movie,Dramas
s4504,Movie,Thrillers
s4505,TV Show,Kids' TV
s4506,TV Show,Stand-Up Comedy & Talk Shows
s4506,TV Show,TV Comedies
s4507,Movie,Stand-Up Comedy
s4508,Movie,Children & Family Movies
s4509,Movie,Children & Family Movies
s4510,Movie,Children & Family Movies
s4510,Movie,Comedies
s4511,Movie,Documentaries
s4512,TV Show,International TV Shows
s4512,TV Show,TV Comedies
s4513,TV Show,British TV Shows
s4513,TV Show,Romantic TV Shows
s4513,TV Show,TV Dramas
s4514,TV Show,TV Dramas
s4515,Movie,Documentaries
s4516,Movie,Dramas
s4516,Movie,International Movies
s4517,Movie,Documentaries
s4517,Movie,Dramas
s4517,Movie,International Movies
s4518,Movie,Comedies
s4518,Movie,Dramas
s4518,Movie,International Movies
s4519,Movie,Dramas
s4519,Movie,Faith & Spirituality
s4519,Movie,International Movies
s4520,Movie,Dramas
s4520,Movie,Faith & Spirituality
s4520,Movie,International Movies
s4521,Movie,Children & Family Movies
s4521,Movie,Documentaries
s4522,Movie,Documentaries
s4523,Movie,Documentaries
s4524,Movie,Documentaries
s4525,Movie,Documentaries
s4526,Movie,Documentaries
s4527,Movie,Documentaries
s4528,Movie,Documentaries
s4529,Movie,Documentaries
s4530,Movie,Documentaries
s4531,Movie,Documentaries
s4532,Movie,Documentaries
s4533,Movie,Documentaries
s4534,Movie,Documentaries
s4535,Movie,Documentaries
s4536,Movie,Documentaries
s4537,Movie,Documentaries
s4538,Movie,Documentaries
s4539,Movie,Documentaries
s4540,Movie,Movies
s4541,TV Show,Crime TV Shows
s4541,TV Show,Docuseries
s4541,TV Show,International TV Shows
s4542,Movie,Dramas
s4542,Movie,Thrillers
s4543,Movie,Dramas
s4544,Movie,Documentaries
s4544,Movie,Music & Musicals
s4545,Movie,Dramas
s4546,TV Show,Crime TV Shows
s4546,TV Show,International TV Shows
s4546,TV Show,TV Action & Adventure
s4547,TV Show,Crime TV Shows
s4547,TV Show,International TV Shows
s4547,TV Show,TV Dramas
s4548,TV Show,Docuseries
s4548,TV Show,International TV Shows
s4548,TV Show,Spanish-Language TV Shows
s4549,TV Show,Kids' TV
s4550,Movie,Documentaries
s4550,Movie,International Movies
s4551,Movie,Documentaries
s4551,Movie,International Movies
s4551,Movie,Music & Musicals
s4552,TV Show,Anime Series
s4552,TV Show,Crime TV Shows
s4553,TV Show,TV Comedies
s4553,TV Show,TV Dramas
s4554,TV Show,British TV Shows
s4554,TV Show,Crime TV Shows
s4554,TV Show,Docuseries
s4555,Movie,Dramas
s4555,Movie,Independent Movies
s4555,Movie,International Movies
s4556,Movie,Dramas
s4556,Movie,Independent Movies
s4556,Movie,International Movies
s4557,Movie,Dramas
s4557,Movie,International Movies
s4558,TV Show,International TV Shows
s4558,TV Show,Romantic TV Shows
s4558,TV Show,TV Dramas
s4559,Movie,Documentaries
s4559,Movie,International Movies
s4559,Movie,Music & Musicals
s4560,Movie,Comedies
s4560,Movie,Dramas
s4560,Movie,Independent Movies
s4561,Movie,Documentaries
s4561,Movie,International Movies
s4562,Movie,Action & Adventure
s4562,Movie,Sci-Fi & Fantasy
s4563,TV Show,International TV Shows
s4563,TV Show,TV Dramas
s4563,TV Show,TV Thrillers
s4564,Movie,Action & Adventure
s4564,Movie,Classic Movies
s4564,Movie,Comedies
s4565,Movie,Action & Adventure
s4565,Movie,Comedies
s4566,Movie,Action & Adventure
s4566,Movie,Comedies
s4567,TV Show,Crime TV Shows
s4567,TV Show,International TV Shows
s4567,TV Show,TV Dramas
s4568,TV Show,TV Action & Adventure
s4568,TV Show,TV Dramas
s4568,TV Show,TV Horror
s4569,TV Show,British TV Shows
s4569,TV Show,Kids' TV
s4570,Movie,Children & Family Movies
s4571,Movie,Children & Family Movies
s4572,TV Show,Kids' TV
s4572,TV Show,TV Comedies
s4573,Movie,Movies
s4574,Movie,Movies
s4575,Movie,Comedies
s4575,Movie,International Movies
s4576,TV Show,Stand-Up Comedy & Talk Shows
s4577,Movie,Comedies
s4577,Movie,International Movies
s4578,Movie,International Movies
s4578,Movie,Thrillers
s4579,TV Show,International TV Shows
s4579,TV Show,Romantic TV Shows
s4579,TV Show,TV Comedies
s4580,Movie,Action & Adventure
s4581,Movie,Action & Adventure
s4581,Movie,Comedies
s4581,Movie,International Movies
s4582,TV Show,TV Comedies
s4582,TV Show,TV Dramas
s4583,TV Show,Kids' TV
s4583,TV Show,TV Comedies
s4584,Movie,Action & Adventure
s4584,Movie,Comedies
s4584,Movie,International Movies
s4585,TV Show,International TV Shows
s4585,TV Show,Korean TV Shows
s4585,TV Show,Romantic TV Shows
s4586,Movie,Comedies
s4586,Movie,Horror Movies
s4586,Movie,International Movies
s4587,Movie,Comedies
s4587,Movie,Horror Movies
s4587,Movie,International Movies
s4588,Movie,Comedies
s4588,Movie,Horror Movies
s4588,Movie,International Movies
s4589,Movie,Comedies
s4589,Movie,Dramas
s4589,Movie,International Movies
s4590,TV Show,Kids' TV
s4590,TV Show,TV Action & Adventure
s4590,TV Show,TV Sci-Fi & Fantasy
s4591,TV Show,Kids' TV
s4591,TV Show,TV Comedies
s4592,Movie,Stand-Up Comedy
s4593,Movie,Comedies
s4593,Movie,International Movies
s4594,Movie,Comedies
s4594,Movie,International Movies
s4594,Movie,Music & Musicals
s4595,Movie,Comedies
s4595,Movie,International Movies
s4595,Movie,Music & Musicals
s4596,Movie,Comedies
s4596,Movie,International Movies
s4596,Movie,Music & Musicals
s4597,TV Show,International TV Shows
s4597,TV Show,TV Comedies
s4598,Movie,Comedies
s4598,Movie,International Movies
s4598,Movie,Romantic Movies
s4599,Movie,Action & Adventure
s4599,Movie,Comedies
s4599,Movie,Dramas
s4600,Movie,Anime Features
s4600,Movie,Children & Family Movies
s4601,Movie,Documentaries
s4602,TV Show,International TV Shows
s4602,TV Show,TV Dramas
s4603,Movie,Documentaries
s4603,Movie,International Movies
s4604,TV Show,International TV Shows
s4604,TV Show,TV Comedies
s4604,TV Show,TV Dramas
s4605,TV Show,Docuseries
s4606,TV Show,Kids' TV
s4607,Movie,Dramas
s4607,Movie,Independent Movies
s4607,Movie,International Movies
s4608,Movie,Action & Adventure
s4609,Movie,Comedies
s4609,Movie,Dramas
s4609,Movie,International Movies
s4610,Movie,Comedies
s4610,Movie,International Movies
s4611,Movie,Comedies
s4611,Movie,International Movies
s4611,Movie,Romantic Movies
s4612,TV Show,International TV Shows
s4612,TV Show,TV Dramas
s4612,TV Show,TV Sci-Fi & Fantasy
s4613,Movie,Dramas
s4613,Movie,International Movies
s4613,Movie,Romantic Movies
s4614,TV Show,International TV Shows
s4614,TV Show,TV Dramas
s4614,TV Show,TV Mysteries
s4615,TV Show,Romantic TV Shows
s4615,TV Show,TV Comedies
s4615,TV Show,TV Dramas
s4616,Movie,Dramas
s4616,Movie,International Movies
s4617,TV Show,International TV Shows
s4617,TV Show,TV Dramas
s4618,Movie,Action & Adventure
s4618,Movie,International Movies
s4619,Movie,Documentaries
s4619,Movie,Faith & Spirituality
s4620,Movie,Dramas
s4620,Movie,International Movies
s4621,Movie,Action & Adventure
s4621,Movie,Comedies
s4621,Movie,International Movies
s4622,Movie,Dramas
s4622,Movie,Independent Movies
s4622,Movie,International Movies
s4623,Movie,Documentaries
s4623,Movie,Music & Musicals
s4624,Movie,Documentaries
s4624,Movie,Music & Musicals
s4625,Movie,Documentaries
s4625,Movie,Music & Musicals
s4626,Movie,Documentaries
s4626,Movie,Music & Musicals
s4627,Movie,Documentaries
s4627,Movie,Music & Musicals
s4628,Movie,Documentaries
s4628,Movie,Music & Musicals
s4629,Movie,Documentaries
s4629,Movie,Music & Musicals
s4630,Movie,Documentaries
s4630,Movie,Music & Musicals
s4631,TV Show,International TV Shows
s4631,TV Show,Romantic TV Shows
s4631,TV Show,TV Dramas
s4632,TV Show,International TV Shows
s4632,TV Show,TV Comedies
s4632,TV Show,TV Sci-Fi & Fantasy
s4633,Movie,Dramas
s4633,Movie,International Movies
s4634,Movie,Dramas
s4634,Movie,International Movies
s4634,Movie,Music & Musicals
s4635,Movie,Dramas
s4635,Movie,International Movies
s4635,Movie,Music & Musicals
s4636,Movie,Action & Adventure
s4636,Movie,Classic Movies
s4636,Movie,International Movies
s4637,Movie,Action & Adventure
s4637,Movie,Comedies
s4637,Movie,Dramas
s4638,Movie,Comedies
s4638,Movie,Dramas
s4638,Movie,International Movies
s4639,Movie,Dramas
s4639,Movie,International Movies
s4639,Movie,Romantic Movies
s4640,TV Show,TV Comedies
s4641,Movie,Dramas
s4641,Movie,International Movies
s4642,Movie,Dramas
s4642,Movie,International Movies
s4643,Movie,Documentaries
s4643,Movie,Music & Musicals
s4644,Movie,Documentaries
s4644,Movie,International Movies
s4644,Movie,Music & Musicals
s4645,Movie,Documentaries
s4645,Movie,Sports Movies
s4646,Movie,Comedies
s4647,Movie,Dramas
s4648,Movie,Documentaries
s4649,TV Show,International TV Shows
s4649,TV Show,Korean TV Shows
s4649,TV Show,Romantic TV Shows
s4650,Movie,Dramas
s4650,Movie,International Movies
s4650,Movie,Romantic Movies
s4651,Movie,Dramas
s4651,Movie,International Movies
s4651,Movie,Music & Musicals
s4652,Movie,Documentaries
s4653,TV Show,TV Comedies
s4653,TV Show,Teen TV Shows
s4654,TV Show,Anime Series
s4655,TV Show,International TV Shows
s4655,TV Show,Korean TV Shows
s4655,TV Show,Romantic TV Shows
s4656,TV Show,Docuseries
s4656,TV Show,Science & Nature TV
s4657,Movie,Documentaries
s4657,Movie,International Movies
s4657,Movie,Music & Musicals
s4658,TV Show,Anime Series
s4658,TV Show,Crime TV Shows
s4658,TV Show,International TV Shows
s4659,Movie,Dramas
s4659,Movie,International Movies
s4659,Movie,Romantic Movies
s4660,Movie,Dramas
s4660,Movie,Independent Movies
s4660,Movie,Romantic Movies
s4661,Movie,Cult Movies
s4661,Movie,Independent Movies
s4661,Movie,Thrillers
s4662,Movie,Thrillers
s4663,Movie,Documentaries
s4663,Movie,International Movies
s4664,Movie,Children & Family Movies
s4664,Movie,Comedies
s4665,Movie,Comedies
s4665,Movie,Independent Movies
s4665,Movie,Music & Musicals
s4666,Movie,Action & Adventure
s4666,Movie,International Movies
s4667,Movie,Children & Family Movies
s4667,Movie,Comedies
s4667,Movie,Romantic Movies
s4668,Movie,Action & Adventure
s4668,Movie,Dramas
s4668,Movie,International Movies
s4669,TV Show,British TV Shows
s4669,TV Show,Reality TV
s4670,Movie,Action & Adventure
s4670,Movie,International Movies
s4671,Movie,Documentaries
s4672,TV Show,British TV Shows
s4672,TV Show,Kids' TV
s4672,TV Show,TV Comedies
s4673,TV Show,International TV Shows
s4673,TV Show,Korean TV Shows
s4673,TV Show,Romantic TV Shows
s4674,Movie,Action & Adventure
s4674,Movie,International Movies
s4675,Movie,Comedies
s4675,Movie,Dramas
s4675,Movie,Independent Movies
s4676,Movie,Action & Adventure
s4676,Movie,International Movies
s4677,Movie,Documentaries
s4678,TV Show,TV Comedies
s4678,TV Show,TV Dramas
s4679,Movie,Dramas
s4679,Movie,International Movies
s4679,Movie,Sci-Fi & Fantasy
s4680,TV Show,Crime TV Shows
s4680,TV Show,International TV Shows
s4680,TV Show,TV Dramas
s4681,Movie,Dramas
s4681,Movie,Independent Movies
s4681,Movie,International Movies
s4682,Movie,Comedies
s4682,Movie,Dramas
s4683,Movie,Action & Adventure
s4683,Movie,Comedies
s4683,Movie,International Movies
s4684,TV Show,Docuseries
s4685,Movie,Comedies
s4685,Movie,Dramas
s4685,Movie,International Movies
s4686,TV Show,Kids' TV
s4687,TV Show,International TV Shows
s4687,TV Show,TV Dramas
s4687,TV Show,TV Mysteries
s4688,Movie,Comedies
s4688,Movie,Dramas
s4688,Movie,Independent Movies
s4689,Movie,Comedies
s4690,Movie,Dramas
s4690,Movie,Independent Movies
s4690,Movie,International Movies
s4691,Movie,Dramas
s4691,Movie,International Movies
s4691,Movie,Thrillers
s4692,Movie,Dramas
s4692,Movie,International Movies
s4693,Movie,Documentaries
s4693,Movie,International Movies
s4694,Movie,Horror Movies
s4694,Movie,Thrillers
s4695,Movie,Comedies
s4695,Movie,Dramas
s4695,Movie,Independent Movies
s4696,Movie,Comedies
s4696,Movie,Dramas
s4696,Movie,International Movies
s4697,TV Show,Docuseries
s4697,TV Show,Science & Nature TV
s4698,Movie,Documentaries
s4699,Movie,Comedies
s4699,Movie,Dramas
s4699,Movie,International Movies
s4700,Movie,Dramas
s4700,Movie,Romantic Movies
s4701,TV Show,Anime Series
s4701,TV Show,Romantic TV Shows
s4701,TV Show,Teen TV Shows
s4702,Movie,Classic Movies
s4702,Movie,Dramas
s4702,Movie,International Movies
s4703,Movie,Documentaries
s4704,Movie,Documentaries
s4704,Movie,International Movies
s4705,TV Show,Reality TV
s4706,TV Show,TV Action & Adventure
s4706,TV Show,TV Dramas
s4706,TV Show,Teen TV Shows
s4707,TV Show,Romantic TV Shows
s4707,TV Show,TV Action & Adventure
s4707,TV Show,TV Dramas
s4708,Movie,Action & Adventure
s4708,Movie,Dramas
s4709,Movie,Action & Adventure
s4710,Movie,Dramas
s4710,Movie,Independent Movies
s4711,Movie,Action & Adventure
s4712,TV Show,International TV Shows
s4712,TV Show,Romantic TV Shows
s4712,TV Show,TV Comedies
s4713,Movie,Children & Family Movies
s4713,Movie,Music & Musicals
s4714,Movie,Comedies
s4714,Movie,International Movies
s4715,Movie,Action & Adventure
s4715,Movie,Comedies
s4715,Movie,International Movies
s4716,Movie,Comedies
s4716,Movie,Dramas
s4716,Movie,International Movies
s4717,TV Show,Crime TV Shows
s4717,TV Show,TV Dramas
s4717,TV Show,TV Thrillers
s4718,Movie,Horror Movies
s4718,Movie,International Movies
s4719,Movie,Comedies
s4719,Movie,Independent Movies
s4719,Movie,International Movies
s4720,TV Show,Kids' TV
s4720,TV Show,TV Comedies
s4721,Movie,Dramas
s4721,Movie,Romantic Movies
s4722,Movie,Action & Adventure
s4722,Movie,Dramas
s4722,Movie,International Movies
s4723,TV Show,Kids' TV
s4723,TV Show,TV Comedies
s4724,Movie,Dramas
s4724,Movie,International Movies
s4725,TV Show,International TV Shows
s4725,TV Show,TV Dramas
s4726,TV Show,British TV Shows
s4726,TV Show,Kids' TV
s4727,TV Show,Crime TV Shows
s4727,TV Show,International TV Shows
s4727,TV Show,Spanish-Language TV Shows
s4728,Movie,Documentaries
s4728,Movie,International Movies
s4729,TV Show,Kids' TV
s4729,TV Show,TV Comedies
s4730,Movie,Movies
s4731,Movie,Children & Family Movies
s4732,TV Show,Crime TV Shows
s4732,TV Show,TV Comedies
s4733,Movie,Documentaries
s4733,Movie,International Movies
s4734,Movie,Dramas
s4734,Movie,International Movies
s4734,Movie,Romantic Movies
s4735,TV Show,International TV Shows
s4735,TV Show,Romantic TV Shows
s4735,TV Show,TV Dramas
s4736,Movie,Comedies
s4736,Movie,Dramas
s4736,Movie,Independent Movies
s4737,Movie,Horror Movies
s4737,Movie,International Movies
s4738,Movie,Dramas
s4738,Movie,Independent Movies
s4738,Movie,International Movies
s4739,Movie,Dramas
s4739,Movie,International Movies
s4739,Movie,Romantic Movies
s4740,Movie,Comedies
s4740,Movie,Dramas
s4740,Movie,International Movies
s4741,Movie,Action & Adventure
s4741,Movie,International Movies
s4742,Movie,Action & Adventure
s4742,Movie,Dramas
s4743,Movie,Dramas
s4744,Movie,Dramas
s4744,Movie,International Movies
s4745,TV Show,Kids' TV
s4746,TV Show,International TV Shows
s4746,TV Show,Reality TV
s4746,TV Show,Spanish-Language TV Shows
s4747,Movie,Dramas
s4747,Movie,International Movies
s4748,Movie,Documentaries
s4748,Movie,International Movies
s4748,Movie,Sports Movies
s4749,Movie,Dramas
s4749,Movie,International Movies
s4749,Movie,Romantic Movies
s4750,Movie,Dramas
s4750,Movie,International Movies
s4750,Movie,Sci-Fi & Fantasy
s4751,TV Show,Docuseries
s4751,TV Show,Science & Nature TV
s4752,Movie,Action & Adventure
s4752,Movie,Dramas
s4752,Movie,International Movies
s4753,Movie,Dramas
s4753,Movie,International Movies
s4753,Movie,Thrillers
s4754,Movie,Thrillers
s4755,Movie,Dramas
s4755,Movie,International Movies
s4755,Movie,Romantic Movies
s4756,Movie,Documentaries
s4756,Movie,International Movies
s4757,Movie,Children & Family Movies
s4757,Movie,Comedies
s4758,Movie,Comedies
s4758,Movie,Dramas
s4758,Movie,International Movies
s4759,Movie,Dramas
s4759,Movie,Independent Movies
s4759,Movie,Romantic Movies
s4760,TV Show,Kids' TV
s4761,TV Show,International TV Shows
s4761,TV Show,Spanish-Language TV Shows
s4761,TV Show,TV Comedies
s4762,Movie,Action & Adventure
s4762,Movie,Dramas
s4762,Movie,International Movies
s4763,Movie,Dramas
s4763,Movie,Independent Movies
s4763,Movie,International Movies
s4764,TV Show,TV Comedies
s4765,Movie,Dramas
s4765,Movie,Independent Movies
s4766,TV Show,British TV Shows
s4766,TV Show,Crime TV Shows
s4766,TV Show,International TV Shows
s4767,TV Show,International TV Shows
s4767,TV Show,TV Dramas
s4767,TV Show,TV Horror
s4768,Movie,Horror Movies
s4768,Movie,Thrillers
s4769,Movie,Horror Movies
s4769,Movie,International Movies
s4769,Movie,Thrillers
s4770,TV Show,Docuseries
s4771,Movie,Children & Family Movies
s4771,Movie,Comedies
s4772,TV Show,Anime Series
s4772,TV Show,International TV Shows
s4772,TV Show,TV Horror
s4773,Movie,Documentaries
s4773,Movie,International Movies
s4773,Movie,Music & Musicals
s4774,Movie,Dramas
s4774,Movie,International Movies
s4774,Movie,Romantic Movies
s4775,Movie,Dramas
s4775,Movie,Independent Movies
s4775,Movie,International Movies
s4776,Movie,Horror Movies
s4776,Movie,International Movies
s4777,Movie,Classic Movies
s4777,Movie,Cult Movies
s4777,Movie,Documentaries
s4778,Movie,Dramas
s4778,Movie,Independent Movies
s4778,Movie,International Movies
s4779,Movie,Stand-Up Comedy
s4780,TV Show,TV Comedies
s4781,Movie,Dramas
s4781,Movie,International Movies
s4782,Movie,Comedies
s4783,TV Show,International TV Shows
s4783,TV Show,Korean TV Shows
s4783,TV Show,TV Comedies
s4784,Movie,Comedies
s4785,TV Show,International TV Shows
s4785,TV Show,Romantic TV Shows
s4785,TV Show,Spanish-Language TV Shows
s4786,Movie,Action & Adventure
s4786,Movie,Dramas
s4786,Movie,International Movies
s4787,Movie,Action & Adventure
s4788,TV Show,International TV Shows
s4788,TV Show,Reality TV
s4789,TV Show,Kids' TV
s4790,Movie,Dramas
s4790,Movie,International Movies
s4790,Movie,Sports Movies
s4791,Movie,Documentaries
s4792,Movie,Documentaries
s4792,Movie,International Movies
s4793,Movie,Comedies
s4794,TV Show,Stand-Up Comedy & Talk Shows
s4794,TV Show,TV Comedies
s4795,Movie,Action & Adventure
s4796,Movie,Comedies
s4796,Movie,International Movies
s4796,Movie,Romantic Movies
s4797,Movie,Stand-Up Comedy
s4798,TV Show,Stand-Up Comedy & Talk Shows
s4798,TV Show,TV Comedies
s4799,Movie,Stand-Up Comedy
s4800,Movie,Action & Adventure
s4800,Movie,Comedies
s4801,TV Show,British TV Shows
s4801,TV Show,Docuseries
s4801,TV Show,International TV Shows
s4802,Movie,Dramas
s4802,Movie,International Movies
s4803,TV Show,Reality TV
s4804,Movie,Comedies
s4804,Movie,Independent Movies
s4804,Movie,International Movies
s4805,Movie,Comedies
s4805,Movie,International Movies
s4806,Movie,Comedies
s4806,Movie,Dramas
s4806,Movie,Independent Movies
s4807,TV Show,British TV Shows
s4807,TV Show,Crime TV Shows
s4807,TV Show,International TV Shows
s4808,TV Show,International TV Shows
s4808,TV Show,TV Dramas
s4809,Movie,Documentaries
s4809,Movie,International Movies
s4809,Movie,Sports Movies
s4810,Movie,Comedies
s4810,Movie,Horror Movies
s4810,Movie,International Movies
s4811,Movie,Children & Family Movies
s4811,Movie,Comedies
s4811,Movie,Cult Movies
s4812,TV Show,Classic & Cult TV
s4812,TV Show,Kids' TV
s4812,TV Show,TV Comedies
s4813,Movie,Movies
s4814,Movie,Comedies
s4814,Movie,Dramas
s4814,Movie,Independent Movies
s4815,Movie,Comedies
s4815,Movie,Dramas
s4815,Movie,International Movies
s4816,Movie,Comedies
s4816,Movie,International Movies
s4817,Movie,Dramas
s4817,Movie,International Movies
s4818,Movie,Dramas
s4818,Movie,Independent Movies
s4818,Movie,International Movies
s4819,Movie,Comedies
s4819,Movie,Dramas
s4819,Movie,International Movies
s4820,Movie,Children & Family Movies
s4820,Movie,Comedies
s4820,Movie,Romantic Movies
s4821,Movie,Children & Family Movies
s4821,Movie,Comedies
s4822,TV Show,TV Dramas
s4822,TV Show,TV Horror
s4822,TV Show,TV Mysteries
s4823,TV Show,British TV Shows
s4823,TV Show,TV Comedies
s4824,Movie,Dramas
s4824,Movie,LGBTQ Movies
s4825,Movie,Action & Adventure
s4826,Movie,Documentaries
s4826,Movie,International Movies
s4827,Movie,Dramas
s4827,Movie,International Movies
s4827,Movie,Thrillers
s4828,Movie,Documentaries
s4829,Movie,Thrillers
s4830,TV Show,Crime TV Shows
s4830,TV Show,International TV Shows
s4830,TV Show,TV Dramas
s4831,Movie,Documentaries
s4832,TV Show,Crime TV Shows
s4832,TV Show,TV Action & Adventure
s4832,TV Show,TV Dramas
s4833,TV Show,International TV Shows
s4833,TV Show,Korean TV Shows
s4833,TV Show,TV Dramas
s4834,Movie,Dramas
s4834,Movie,International Movies
s4834,Movie,Thrillers
s4835,Movie,Stand-Up Comedy
s4836,Movie,Documentaries
s4837,Movie,Children & Family Movies
s4837,Movie,Comedies
s4838,Movie,Children & Family Movies
s4838,Movie,Comedies
s4839,Movie,Action & Adventure
s4839,Movie,Comedies
s4839,Movie,Dramas
s4840,Movie,Action & Adventure
s4840,Movie,Comedies
s4840,Movie,Dramas
s4841,Movie,Children & Family Movies
s4841,Movie,Comedies
s4842,Movie,Dramas
s4842,Movie,International Movies
s4842,Movie,Thrillers
s4843,Movie,Action & Adventure
s4843,Movie,International Movies
s4844,Movie,Action & Adventure
s4844,Movie,Dramas
s4844,Movie,International Movies
s4845,Movie,Classic Movies
s4845,Movie,Dramas
s4845,Movie,LGBTQ Movies
s4846,Movie,Comedies
s4846,Movie,Dramas
s4846,Movie,International Movies
s4847,Movie,Comedies
s4847,Movie,International Movies
s4848,Movie,International Movies
s4848,Movie,Romantic Movies
s4849,Movie,Horror Movies
s4849,Movie,International Movies
s4850,Movie,Comedies
s4850,Movie,International Movies
s4850,Movie,Romantic Movies
s4851,Movie,Comedies
s4851,Movie,Dramas
s4851,Movie,International Movies
s4852,Movie,Dramas
s4852,Movie,Independent Movies
s4852,Movie,International Movies
s4853,Movie,Children & Family Movies
s4853,Movie,Documentaries
s4854,Movie,Dramas
s4854,Movie,Independent Movies
s4854,Movie,International Movies
s4855,Movie,Dramas
s4856,Movie,Dramas
s4856,Movie,Independent Movies
s4856,Movie,Thrillers
s4857,Movie,Romantic Movies
s4858,Movie,Dramas
s4858,Movie,Independent Movies
s4858,Movie,International Movies
s4859,TV Show,International TV Shows
s4859,TV Show,TV Action & Adventure
s4859,TV Show,TV Sci-Fi & Fantasy
s4860,Movie,Dramas
s4860,Movie,Independent Movies
s4860,Movie,International Movies
s4861,TV Show,International TV Shows
s4861,TV Show,TV Dramas
s4862,Movie,Action & Adventure
s4862,Movie,Comedies
s4863,Movie,Dramas
s4863,Movie,International Movies
s4864,Movie,Children & Family Movies
s4865,TV Show,Kids' TV
s4865,TV Show,TV Comedies
s4866,Movie,Dramas
s4866,Movie,Independent Movies
s4866,Movie,International Movies
s4867,TV Show,TV Shows
s4868,TV Show,TV Shows
s4869,Movie,Dramas
s4869,Movie,International Movies
s4869,Movie,Music & Musicals
s4870,Movie,Horror Movies
s4870,Movie,International Movies
s4870,Movie,Thrillers
s4871,Movie,Dramas
s4871,Movie,International Movies
s4872,TV Show,Kids' TV
s4873,Movie,Comedies
s4873,Movie,Dramas
s4873,Movie,International Movies
s4874,Movie,Dramas
s4874,Movie,Independent Movies
s4874,Movie,International Movies
s4875,Movie,Children & Family Movies
s4875,Movie,Comedies
s4875,Movie,Sci-Fi & Fantasy
s4876,TV Show,British TV Shows
s4876,TV Show,Docuseries
s4876,TV Show,Science & Nature TV
s4877,TV Show,British TV Shows
s4877,TV Show,Docuseries
s4877,TV Show,International TV Shows
s4878,Movie,Action & Adventure
s4878,Movie,Sci-Fi & Fantasy
s4879,Movie,Dramas
s4879,Movie,International Movies
s4880,Movie,Action & Adventure
s4880,Movie,Classic Movies
s4880,Movie,Dramas
s4881,Movie,Action & Adventure
s4881,Movie,International Movies
s4882,Movie,Comedies
s4882,Movie,Romantic Movies
s4882,Movie,Sports Movies
s4883,Movie,Dramas
s4884,Movie,Documentaries
s4884,Movie,International Movies
s4885,TV Show,International TV Shows
s4885,TV Show,Romantic TV Shows
s4885,TV Show,Spanish-Language TV Shows
s4886,Movie,International Movies
s4886,Movie,Music & Musicals
s4887,Movie,Dramas
s4887,Movie,International Movies
s4887,Movie,Thrillers
s4888,TV Show,Kids' TV
s4888,TV Show,Spanish-Language TV Shows
s4889,Movie,Movies
s4890,Movie,Movies
s4891,Movie,Movies
s4892,Movie,Movies
s4893,Movie,Movies
s4894,Movie,Movies
s4895,Movie,Action & Adventure
s4896,TV Show,Anime Series
s4896,TV Show,Kids' TV
s4896,TV Show,TV Action & Adventure
s4897,Movie,Anime Features
s4897,Movie,Children & Family Movies
s4898,Movie,Anime Features
s4898,Movie,Children & Family Movies
s4899,TV Show,Anime Series
s4899,TV Show,Kids' TV
s4900,TV Show,Anime Series
s4900,TV Show,Kids' TV
s4901,Movie,Anime Features
s4901,Movie,Children & Family Movies
s4902,Movie,Action & Adventure
s4902,Movie,International Movies
s4903,Movie,Horror Movies
s4904,TV Show,Kids' TV
s4905,TV Show,Kids' TV
s4905,TV Show,TV Dramas
s4906,Movie,Comedies
s4906,Movie,International Movies
s4906,Movie,Music & Musicals
s4907,TV Show,Anime Series
s4907,TV Show,International TV Shows
s4908,Movie,Dramas
s4908,Movie,International Movies
s4908,Movie,Romantic Movies
s4909,Movie,Documentaries
s4909,Movie,Faith & Spirituality
s4909,Movie,International Movies
s4910,Movie,Action & Adventure
s4910,Movie,Children & Family Movies
s4910,Movie,Comedies
s4911,TV Show,Kids' TV
s4912,TV Show,Kids' TV
s4912,TV Show,Korean TV Shows
s4913,TV Show,TV Comedies
s4914,Movie,Dramas
s4914,Movie,Independent Movies
s4914,Movie,Romantic Movies
s4915,TV Show,TV Dramas
s4916,Movie,Action & Adventure
s4916,Movie,Dramas
s4917,Movie,Dramas
s4917,Movie,International Movies
s4917,Movie,Romantic Movies
s4918,Movie,Comedies
s4918,Movie,Dramas
s4918,Movie,International Movies
s4919,TV Show,Crime TV Shows
s4919,TV Show,International TV Shows
s4919,TV Show,Korean TV Shows
s4920,Movie,Dramas
s4920,Movie,Independent Movies
s4920,Movie,LGBTQ Movies
s4921,Movie,Comedies
s4921,Movie,International Movies
s4922,Movie,Comedies
s4922,Movie,Dramas
s4922,Movie,International Movies
s4923,Movie,Comedies
s4923,Movie,Independent Movies
s4924,TV Show,Crime TV Shows
s4924,TV Show,International TV Shows
s4924,TV Show,TV Dramas
s4925,TV Show,Kids' TV
s4925,TV Show,Korean TV Shows
s4926,Movie,Dramas
s4926,Movie,International Movies
s4927,TV Show,Kids' TV
s4928,TV Show,Kids' TV
s4929,TV Show,Kids' TV
s4930,TV Show,Kids' TV
s4931,TV Show,Kids' TV
s4932,TV Show,Kids' TV
s4933,TV Show,Kids' TV
s4934,TV Show,Kids' TV
s4935,TV Show,Kids' TV
s4936,TV Show,Kids' TV
s4937,TV Show,Kids' TV
s4938,TV Show,Kids' TV
s4939,TV Show,Kids' TV
s4940,TV Show,Kids' TV
s4941,TV Show,Kids' TV
s4942,TV Show,Kids' TV
s4943,Movie,Movies
s4944,Movie,Children & Family Movies
s4945,Movie,Movies
s4946,TV Show,Kids' TV
s4947,Movie,Movies
s4948,TV Show,Kids' TV
s4949,Movie,Children & Family Movies
s4949,Movie,Sci-Fi & Fantasy
s4950,Movie,Movies
s4951,TV Show,Kids' TV
s4952,TV Show,Kids' TV
s4953,TV Show,Kids' TV
s4954,TV Show,Kids' TV
s4955,TV Show,Kids' TV
s4956,Movie,Children & Family Movies
s4957,Movie,Children & Family Movies
s4958,Movie,Dramas
s4958,Movie,Independent Movies
s4958,Movie,International Movies
s4959,Movie,Action & Adventure
s4959,Movie,Dramas
s4959,Movie,International Movies
s4960,TV Show,Reality TV
s4960,TV Show,TV Comedies
s4960,TV Show,TV Horror
s4961,Movie,Classic Movies
s4961,Movie,Documentaries
s4962,Movie,Action & Adventure
s4962,Movie,Dramas
s4962,Movie,International Movies
s4963,Movie,International Movies
s4963,Movie,Romantic Movies
s4964,Movie,Documentaries
s4965,TV Show,International TV Shows
s4965,TV Show,Korean TV Shows
s4965,TV Show,TV Dramas
s4966,TV Show,Docuseries
s4967,Movie,Thrillers
s4968,TV Show,International TV Shows
s4968,TV Show,Romantic TV Shows
s4968,TV Show,TV Dramas
s4969,Movie,Comedies
s4969,Movie,International Movies
s4969,Movie,Music & Musicals
s4970,Movie,Dramas
s4970,Movie,Thrillers
s4971,Movie,Dramas
s4971,Movie,International Movies
s4971,Movie,Romantic Movies
s4972,Movie,Comedies
s4972,Movie,International Movies
s4972,Movie,Romantic Movies
s4973,TV Show,Kids' TV
s4973,TV Show,TV Comedies
s4974,TV Show,Kids' TV
s4974,TV Show,TV Comedies
s4975,Movie,Children & Family Movies
s4975,Movie,Comedies
s4976,Movie,Dramas
s4976,Movie,Independent Movies
s4976,Movie,LGBTQ Movies
s4977,Movie,Documentaries
s4978,TV Show,International TV Shows
s4978,TV Show,Korean TV Shows
s4978,TV Show,TV Comedies
s4979,Movie,Comedies
s4979,Movie,Dramas
s4979,Movie,Independent Movies
s4980,TV Show,Crime TV Shows
s4980,TV Show,International TV Shows
s4980,TV Show,TV Dramas
s4981,TV Show,TV Comedies
s4981,TV Show,TV Dramas
s4982,Movie,Comedies
s4982,Movie,Dramas
s4982,Movie,International Movies
s4983,Movie,Comedies
s4983,Movie,Romantic Movies
s4984,TV Show,Crime TV Shows
s4984,TV Show,Docuseries
s4985,Movie,Dramas
s4985,Movie,Independent Movies
s4985,Movie,International Movies
s4986,TV Show,Kids' TV
s4987,Movie,Dramas
s4987,Movie,Independent Movies
s4987,Movie,International Movies
s4988,Movie,Action & Adventure
s4989,TV Show,International TV Shows
s4989,TV Show,TV Dramas
s4989,TV Show,Teen TV Shows
s4990,Movie,Horror Movies
s4991,Movie,Documentaries
s4992,Movie,Sci-Fi & Fantasy
s4992,Movie,Thrillers
s4993,TV Show,International TV Shows
s4993,TV Show,Spanish-Language TV Shows
s4993,TV Show,TV Comedies
s4994,Movie,Horror Movies
s4994,Movie,International Movies
s4994,Movie,Thrillers
s4995,Movie,Action & Adventure
s4995,Movie,Comedies
s4995,Movie,International Movies
s4996,TV Show,Kids' TV
s4996,TV Show,Korean TV Shows
s4997,TV Show,Anime Series
s4997,TV Show,International TV Shows
s4998,TV Show,Crime TV Shows
s4998,TV Show,International TV Shows
s4998,TV Show,Spanish-Language TV Shows
s4999,Movie,Comedies
s5000,TV Show,Kids' TV
s5001,Movie,Action & Adventure
s5001,Movie,Dramas
s5001,Movie,International Movies
s5002,Movie,Action & Adventure
s5002,Movie,Dramas
s5002,Movie,International Movies
s5003,Movie,Classic Movies
s5003,Movie,Cult Movies
s5003,Movie,Dramas
s5004,Movie,Dramas
s5004,Movie,International Movies
s5005,TV Show,Kids' TV
s5005,TV Show,TV Comedies
s5006,Movie,Children & Family Movies
s5006,Movie,Comedies
s5007,Movie,Children & Family Movies
s5007,Movie,Comedies
s5008,Movie,Children & Family Movies
s5008,Movie,Comedies
s5008,Movie,Music & Musicals
s5009,Movie,Children & Family Movies
s5009,Movie,Comedies
s5010,Movie,International Movies
s5010,Movie,Thrillers
s5011,Movie,Action & Adventure
s5012,Movie,Children & Family Movies
s5012,Movie,Comedies
s5013,Movie,Children & Family Movies
s5013,Movie,Comedies
s5014,TV Show,International TV Shows
s5014,TV Show,Romantic TV Shows
s5014,TV Show,Teen TV Shows
s5015,Movie,Comedies
s5015,Movie,Dramas
s5015,Movie,International Movies
s5016,Movie,Comedies
s5016,Movie,Dramas
s5016,Movie,International Movies
s5017,Movie,Comedies
s5017,Movie,International Movies
s5017,Movie,Romantic Movies
s5018,TV Show,International TV Shows
s5018,TV Show,Romantic TV Shows
s5018,TV Show,TV Dramas
s5019,Movie,Dramas
s5019,Movie,International Movies
s5019,Movie,Music & Musicals
s5020,Movie,Documentaries
s5020,Movie,Sports Movies
s5021,Movie,Comedies
s5021,Movie,International Movies
s5021,Movie,Romantic Movies
s5022,TV Show,Docuseries
s5023,Movie,Dramas
s5023,Movie,International Movies
s5024,TV Show,International TV Shows
s5024,TV Show,TV Dramas
s5025,Movie,Dramas
s5025,Movie,International Movies
s5025,Movie,Romantic Movies
s5026,Movie,Music & Musicals
s5027,TV Show,International TV Shows
s5027,TV Show,Romantic TV Shows
s5027,TV Show,Spanish-Language TV Shows
s5028,TV Show,Crime TV Shows
s5028,TV Show,TV Dramas
s5028,TV Show,TV Mysteries
s5029,Movie,Action & Adventure
s5030,Movie,Comedies
s5030,Movie,Dramas
s5030,Movie,Independent Movies
s5031,Movie,Comedies
s5031,Movie,Dramas
s5031,Movie,International Movies
s5032,TV Show,International TV Shows
s5032,TV Show,Romantic TV Shows
s5032,TV Show,TV Comedies
s5033,Movie,Dramas
s5034,TV Show,Crime TV Shows
s5034,TV Show,TV Action & Adventure
s5034,TV Show,TV Dramas
s5035,TV Show,International TV Shows
s5035,TV Show,TV Action & Adventure
s5035,TV Show,TV Dramas
s5036,TV Show,International TV Shows
s5036,TV Show,Stand-Up Comedy & Talk Shows
s5036,TV Show,TV Comedies
s5037,TV Show,Stand-Up Comedy & Talk Shows
s5037,TV Show,TV Comedies
s5038,TV Show,Reality TV
s5039,TV Show,International TV Shows
s5039,TV Show,Reality TV
s5040,Movie,Dramas
s5040,Movie,Independent Movies
s5040,Movie,International Movies
s5041,TV Show,Crime TV Shows
s5041,TV Show,International TV Shows
s5041,TV Show,TV Dramas
s5042,Movie,Dramas
s5042,Movie,Sports Movies
s5043,Movie,Action & Adventure
s5044,Movie,Documentaries
s5044,Movie,Music & Musicals
s5045,TV Show,Kids' TV
s5046,Movie,Action & Adventure
s5046,Movie,Comedies
s5046,Movie,Dramas
s5047,Movie,Children & Family Movies
s5047,Movie,Comedies
s5048,Movie,Dramas
s5048,Movie,International Movies
s5048,Movie,Thrillers
s5049,Movie,Dramas
s5049,Movie,International Movies
s5049,Movie,Thrillers
s5050,TV Show,International TV Shows
s5050,TV Show,Romantic TV Shows
s5050,TV Show,TV Dramas
s5051,TV Show,Kids' TV
s5051,TV Show,TV Comedies
s5052,Movie,Dramas
s5052,Movie,Independent Movies
s5052,Movie,International Movies
s5053,Movie,Action & Adventure
s5053,Movie,International Movies
s5053,Movie,Music & Musicals
s5054,Movie,Action & Adventure
s5054,Movie,International Movies
s5054,Movie,Music & Musicals
s5055,Movie,Children & Family Movies
s5056,Movie,Dramas
s5056,Movie,Independent Movies
s5057,Movie,Documentaries
s5057,Movie,International Movies
s5057,Movie,Sports Movies
s5058,Movie,Children & Family Movies
s5058,Movie,Comedies
s5059,Movie,Dramas
s5059,Movie,International Movies
s5060,Movie,Dramas
s5060,Movie,Independent Movies
s5061,Movie,Action & Adventure
s5061,Movie,Dramas
s5061,Movie,International Movies
s5062,Movie,Stand-Up Comedy
s5063,Movie,Stand-Up Comedy
s5064,Movie,Classic Movies
s5064,Movie,Dramas
s5064,Movie,Sports Movies
s5065,Movie,Horror Movies
s5065,Movie,International Movies
s5066,Movie,Horror Movies
s5066,Movie,International Movies
s5067,TV Show,International TV Shows
s5067,TV Show,TV Action & Adventure
s5067,TV Show,TV Dramas
s5068,Movie,Dramas
s5068,Movie,International Movies
s5069,Movie,Documentaries
s5070,Movie,Action & Adventure
s5070,Movie,Comedies
s5070,Movie,International Movies
s5071,Movie,Classic Movies
s5071,Movie,Dramas
s5072,Movie,Dramas
s5072,Movie,International Movies
s5072,Movie,Sci-Fi & Fantasy
s5073,TV Show,Kids' TV
s5074,Movie,Comedies
s5074,Movie,Dramas
s5074,Movie,Independent Movies
s5075,TV Show,Kids' TV
s5075,TV Show,TV Action & Adventure
s5075,TV Show,TV Dramas
s5076,Movie,Children & Family Movies
s5076,Movie,Dramas
s5076,Movie,Sports Movies
s5077,Movie,Dramas
s5077,Movie,Independent Movies
s5077,Movie,Romantic Movies
s5078,Movie,Dramas
s5078,Movie,International Movies
s5078,Movie,Romantic Movies
s5079,Movie,Dramas
s5079,Movie,International Movies
s5079,Movie,Thrillers
s5080,TV Show,Docuseries
s5080,TV Show,International TV Shows
s5081,Movie,Comedies
s5081,Movie,Dramas
s5081,Movie,International Movies
s5082,Movie,Comedies
s5082,Movie,Dramas
s5082,Movie,Independent Movies
s5083,TV Show,Crime TV Shows
s5083,TV Show,International TV Shows
s5083,TV Show,TV Comedies
s5084,Movie,Horror Movies
s5084,Movie,Independent Movies
s5084,Movie,International Movies
s5085,Movie,Children & Family Movies
s5085,Movie,Comedies
s5086,Movie,Stand-Up Comedy
s5087,Movie,Stand-Up Comedy
s5088,Movie,Documentaries
s5088,Movie,Faith & Spirituality
s5089,Movie,Dramas
s5089,Movie,International Movies
s5089,Movie,Music & Musicals
s5090,Movie,Classic Movies
s5090,Movie,Dramas
s5090,Movie,International Movies
s5091,Movie,International Movies
s5091,Movie,Thrillers
s5092,TV Show,International TV Shows
s5092,TV Show,TV Dramas
s5093,Movie,Dramas
s5093,Movie,International Movies
s5094,Movie,Comedies
s5094,Movie,Dramas
s5094,Movie,International Movies
s5095,Movie,Action & Adventure
s5095,Movie,International Movies
s5096,Movie,Action & Adventure
s5096,Movie,Horror Movies
s5096,Movie,International Movies
s5097,Movie,Horror Movies
s5097,Movie,International Movies
s5097,Movie,Thrillers
s5098,Movie,Dramas
s5098,Movie,International Movies
s5099,Movie,Children & Family Movies
s5099,Movie,Comedies
s5100,Movie,Action & Adventure
s5100,Movie,Dramas
s5100,Movie,International Movies
s5101,Movie,Dramas
s5101,Movie,International Movies
s5101,Movie,Music & Musicals
s5102,TV Show,Docuseries
s5103,TV Show,TV Dramas
s5103,TV Show,TV Horror
s5103,TV Show,TV Mysteries
s5104,Movie,Documentaries
s5104,Movie,International Movies
s5104,Movie,Music & Musicals
s5105,Movie,Documentaries
s5106,Movie,Horror Movies
s5106,Movie,Independent Movies
s5106,Movie,Thrillers
s5107,Movie,Horror Movies
s5107,Movie,International Movies
s5108,Movie,Stand-Up Comedy
s5109,Movie,Comedies
s5109,Movie,Dramas
s5109,Movie,International Movies
s5110,TV Show,International TV Shows
s5110,TV Show,Romantic TV Shows
s5110,TV Show,TV Dramas
s5111,TV Show,International TV Shows
s5111,TV Show,TV Dramas
s5111,TV Show,TV Mysteries
s5112,TV Show,International TV Shows
s5112,TV Show,Reality TV
s5112,TV Show,Romantic TV Shows
s5113,Movie,Dramas
s5113,Movie,International Movies
s5114,Movie,Comedies
s5114,Movie,International Movies
s5114,Movie,Romantic Movies
s5115,Movie,Comedies
s5115,Movie,International Movies
s5115,Movie,Romantic Movies
s5116,Movie,Documentaries
s5117,Movie,Documentaries
s5118,TV Show,TV Comedies
s5119,Movie,Action & Adventure
s5119,Movie,Sci-Fi & Fantasy
s5119,Movie,Sports Movies
s5120,TV Show,International TV Shows
s5120,TV Show,Romantic TV Shows
s5120,TV Show,TV Dramas
s5121,TV Show,International TV Shows
s5121,TV Show,TV Horror
s5121,TV Show,TV Mysteries
s5122,Movie,Dramas
s5122,Movie,Romantic Movies
s5122,Movie,Thrillers
s5123,Movie,Classic Movies
s5123,Movie,Dramas
s5124,TV Show,International TV Shows
s5124,TV Show,Romantic TV Shows
s5124,TV Show,Spanish-Language TV Shows
s5125,TV Show,International TV Shows
s5125,TV Show,TV Dramas
s5126,Movie,Dramas
s5126,Movie,Thrillers
s5127,TV Show,Kids' TV
s5128,Movie,Dramas
s5129,TV Show,Crime TV Shows
s5129,TV Show,TV Dramas
s5129,TV Show,TV Mysteries
s5130,TV Show,Anime Series
s5131,TV Show,International TV Shows
s5131,TV Show,Romantic TV Shows
s5131,TV Show,TV Dramas
s5132,Movie,Documentaries
s5133,TV Show,Crime TV Shows
s5133,TV Show,TV Dramas
s5133,TV Show,TV Mysteries
s5134,Movie,Horror Movies
s5135,Movie,Action & Adventure
s5135,Movie,Cult Movies
s5136,Movie,Dramas
s5136,Movie,International Movies
s5137,Movie,Documentaries
s5137,Movie,International Movies
s5138,TV Show,TV Action & Adventure
s5138,TV Show,TV Comedies
s5138,TV Show,TV Sci-Fi & Fantasy
s5139,Movie,Action & Adventure
s5139,Movie,Dramas
s5139,Movie,International Movies
s5140,TV Show,International TV Shows
s5140,TV Show,Romantic TV Shows
s5140,TV Show,TV Comedies
s5141,Movie,Documentaries
s5142,Movie,Action & Adventure
s5142,Movie,Dramas
s5142,Movie,International Movies
s5143,Movie,Music & Musicals
s5143,Movie,Stand-Up Comedy
s5144,TV Show,British TV Shows
s5144,TV Show,Docuseries
s5144,TV Show,International TV Shows
s5145,TV Show,Docuseries
s5145,TV Show,International TV Shows
s5146,Movie,Dramas
s5146,Movie,International Movies
s5146,Movie,Romantic Movies
s5147,TV Show,TV Dramas
s5148,Movie,Documentaries
s5148,Movie,Music & Musicals
s5149,Movie,Documentaries
s5149,Movie,Music & Musicals
s5150,Movie,Documentaries
s5150,Movie,Music & Musicals
s5151,Movie,Documentaries
s5151,Movie,Music & Musicals
s5152,Movie,Documentaries
s5152,Movie,Music & Musicals
s5153,Movie,Documentaries
s5153,Movie,Music & Musicals
s5154,Movie,Documentaries
s5154,Movie,Music & Musicals
s5155,Movie,Documentaries
s5155,Movie,Music & Musicals
s5156,Movie,Documentaries
s5156,Movie,Music & Musicals
s5157,Movie,Action & Adventure
s5157,Movie,Comedies
s5157,Movie,International Movies
s5158,Movie,Action & Adventure
s5158,Movie,Dramas
s5159,Movie,Dramas
s5159,Movie,Romantic Movies
s5160,Movie,Dramas
s5160,Movie,Sci-Fi & Fantasy
s5161,Movie,Dramas
s5161,Movie,Independent Movies
s5161,Movie,International Movies
s5162,TV Show,International TV Shows
s5162,TV Show,Korean TV Shows
s5162,TV Show,Romantic TV Shows
s5163,TV Show,International TV Shows
s5163,TV Show,Korean TV Shows
s5163,TV Show,Romantic TV Shows
s5164,TV Show,International TV Shows
s5164,TV Show,Korean TV Shows
s5164,TV Show,Romantic TV Shows
s5165,TV Show,Crime TV Shows
s5165,TV Show,TV Comedies
s5165,TV Show,TV Dramas
s5166,TV Show,British TV Shows
s5166,TV Show,International TV Shows
s5166,TV Show,TV Dramas
s5167,Movie,Action & Adventure
s5167,Movie,Horror Movies
s5167,Movie,Sci-Fi & Fantasy
s5168,Movie,Documentaries
s5168,Movie,Music & Musicals
s5169,Movie,Dramas
s5169,Movie,Independent Movies
s5170,TV Show,International TV Shows
s5170,TV Show,Reality TV
s5171,Movie,Documentaries
s5172,Movie,Comedies
s5172,Movie,Independent Movies
s5173,Movie,Documentaries
s5173,Movie,Sports Movies
s5174,TV Show,International TV Shows
s5174,TV Show,TV Action & Adventure
s5174,TV Show,TV Dramas
s5175,Movie,Dramas
s5175,Movie,International Movies
s5176,TV Show,British TV Shows
s5176,TV Show,Crime TV Shows
s5176,TV Show,International TV Shows
s5177,Movie,Dramas
s5177,Movie,International Movies
s5178,Movie,Action & Adventure
s5178,Movie,Comedies
s5178,Movie,International Movies
s5179,Movie,Dramas
s5179,Movie,International Movies
s5180,TV Show,Crime TV Shows
s5180,TV Show,International TV Shows
s5180,TV Show,TV Dramas
s5181,Movie,Action & Adventure
s5181,Movie,Dramas
s5181,Movie,Independent Movies
s5182,Movie,Horror Movies
s5182,Movie,International Movies
s5183,Movie,Action & Adventure
s5183,Movie,International Movies
s5184,Movie,Documentaries
s5185,TV Show,Anime Series
s5185,TV Show,International TV Shows
s5186,Movie,Action & Adventure
s5186,Movie,Sci-Fi & Fantasy
s5187,TV Show,British TV Shows
s5187,TV Show,Kids' TV
s5188,TV Show,International TV Shows
s5188,TV Show,Korean TV Shows
s5188,TV Show,Romantic TV Shows
s5189,Movie,Dramas
s5189,Movie,Romantic Movies
s5190,Movie,Dramas
s5190,Movie,Independent Movies
s5190,Movie,International Movies
s5191,TV Show,Kids' TV
s5192,TV Show,Kids' TV
s5193,Movie,Stand-Up Comedy
s5194,TV Show,Reality TV
s5195,TV Show,International TV Shows
s5195,TV Show,Reality TV
s5195,TV Show,Spanish-Language TV Shows
s5196,Movie,Stand-Up Comedy
s5197,Movie,Stand-Up Comedy
s5198,Movie,Stand-Up Comedy
s5199,Movie,Stand-Up Comedy
s5200,Movie,Comedies
s5200,Movie,International Movies
s5200,Movie,Romantic Movies
s5201,Movie,Stand-Up Comedy
s5202,TV Show,Kids' TV
s5202,TV Show,TV Comedies
s5203,Movie,Stand-Up Comedy
s5204,Movie,Children & Family Movies
s5204,Movie,Dramas
s5204,Movie,Independent Movies
s5205,TV Show,Docuseries
s5205,TV Show,International TV Shows
s5206,Movie,Children & Family Movies
s5206,Movie,Dramas
s5206,Movie,Faith & Spirituality
s5207,Movie,Comedies
s5207,Movie,Dramas
s5207,Movie,Independent Movies
s5208,Movie,Dramas
s5208,Movie,Thrillers
s5209,TV Show,Anime Series
s5209,TV Show,International TV Shows
s5210,Movie,Action & Adventure
s5210,Movie,Independent Movies
s5210,Movie,Sci-Fi & Fantasy
s5211,TV Show,Kids' TV
s5212,Movie,Dramas
s5212,Movie,International Movies
s5213,Movie,Action & Adventure
s5214,Movie,Children & Family Movies
s5214,Movie,Dramas
s5214,Movie,Sports Movies
s5215,Movie,Dramas
s5215,Movie,International Movies
s5216,TV Show,British TV Shows
s5216,TV Show,Crime TV Shows
s5216,TV Show,TV Dramas
s5217,TV Show,Docuseries
s5218,Movie,Horror Movies
s5218,Movie,International Movies
s5219,Movie,Dramas
s5219,Movie,International Movies
s5220,TV Show,International TV Shows
s5220,TV Show,Romantic TV Shows
s5220,TV Show,TV Comedies
s5221,Movie,Dramas
s5221,Movie,International Movies
s5222,Movie,Documentaries
s5222,Movie,International Movies
s5222,Movie,Sports Movies
s5223,TV Show,International TV Shows
s5223,TV Show,TV Comedies
s5223,TV Show,TV Dramas
s5224,Movie,Dramas
s5224,Movie,Independent Movies
s5224,Movie,International Movies
s5225,Movie,Documentaries
s5225,Movie,International Movies
s5225,Movie,Sports Movies
s5226,Movie,Dramas
s5226,Movie,International Movies
s5227,TV Show,Crime TV Shows
s5227,TV Show,TV Dramas
s5227,TV Show,TV Mysteries
s5228,Movie,Documentaries
s5229,Movie,Action & Adventure
s5229,Movie,International Movies
s5230,Movie,Documentaries
s5230,Movie,International Movies
s5231,Movie,Dramas
s5231,Movie,Independent Movies
s5231,Movie,International Movies
s5232,Movie,Dramas
s5232,Movie,International Movies
s5233,Movie,Comedies
s5234,Movie,Stand-Up Comedy
s5235,Movie,Documentaries
s5235,Movie,International Movies
s5236,Movie,Action & Adventure
s5236,Movie,Independent Movies
s5236,Movie,International Movies
s5237,TV Show,Kids' TV
s5237,TV Show,Korean TV Shows
s5238,TV Show,Kids' TV
s5238,TV Show,Korean TV Shows
s5239,TV Show,Anime Series
s5240,TV Show,British TV Shows
s5240,TV Show,Kids' TV
s5241,Movie,Documentaries
s5241,Movie,International Movies
s5242,Movie,Children & Family Movies
s5242,Movie,Dramas
s5242,Movie,International Movies
s5243,Movie,Dramas
s5243,Movie,International Movies
s5243,Movie,Music & Musicals
s5244,Movie,Children & Family Movies
s5244,Movie,Comedies
s5244,Movie,LGBTQ Movies
s5245,Movie,Action & Adventure
s5245,Movie,Classic Movies
s5245,Movie,Dramas
s5246,Movie,Action & Adventure
s5246,Movie,International Movies
s5247,Movie,Dramas
s5247,Movie,Sports Movies
s5248,Movie,Dramas
s5248,Movie,Sports Movies
s5249,Movie,Dramas
s5249,Movie,Sports Movies
s5250,Movie,Dramas
s5250,Movie,Sports Movies
s5251,Movie,Stand-Up Comedy
s5252,Movie,Dramas
s5253,Movie,Action & Adventure
s5253,Movie,Sci-Fi & Fantasy
s5254,Movie,Dramas
s5254,Movie,International Movies
s5254,Movie,Thrillers
s5255,Movie,Action & Adventure
s5256,Movie,Action & Adventure
s5257,Movie,Dramas
s5257,Movie,International Movies
s5258,Movie,Documentaries
s5259,Movie,Documentaries
s5259,Movie,Sports Movies
s5260,Movie,Documentaries
s5261,Movie,Documentaries
s5261,Movie,Music & Musicals
s5262,Movie,Dramas
s5262,Movie,Independent Movies
s5262,Movie,International Movies
s5263,TV Show,Docuseries
s5264,Movie,Dramas
s5264,Movie,International Movies
s5264,Movie,Romantic Movies
s5265,TV Show,International TV Shows
s5265,TV Show,Korean TV Shows
s5265,TV Show,Romantic TV Shows
s5266,Movie,Comedies
s5266,Movie,International Movies
s5266,Movie,Romantic Movies
s5267,Movie,Comedies
s5267,Movie,International Movies
s5267,Movie,Romantic Movies
s5268,Movie,Dramas
s5268,Movie,International Movies
s5268,Movie,Thrillers
s5269,Movie,Action & Adventure
s5269,Movie,Comedies
s5269,Movie,Music & Musicals
s5270,Movie,Horror Movies
s5270,Movie,Independent Movies
s5270,Movie,International Movies
s5271,Movie,Stand-Up Comedy
s5272,Movie,Documentaries
s5273,Movie,Stand-Up Comedy
s5274,TV Show,International TV Shows
s5274,TV Show,Korean TV Shows
s5274,TV Show,Romantic TV Shows
s5275,Movie,Dramas
s5275,Movie,Independent Movies
s5276,TV Show,Crime TV Shows
s5276,TV Show,Docuseries
s5276,TV Show,International TV Shows
s5277,Movie,Comedies
s5277,Movie,Independent Movies
s5278,Movie,Children & Family Movies
s5278,Movie,Independent Movies
s5279,TV Show,International TV Shows
s5279,TV Show,Romantic TV Shows
s5279,TV Show,Teen TV Shows
s5280,Movie,Documentaries
s5280,Movie,International Movies
s5281,Movie,Documentaries
s5281,Movie,International Movies
s5281,Movie,Music & Musicals
s5282,Movie,Children & Family Movies
s5282,Movie,Dramas
s5282,Movie,Romantic Movies
s5283,Movie,Stand-Up Comedy
s5284,TV Show,Crime TV Shows
s5284,TV Show,International TV Shows
s5284,TV Show,Spanish-Language TV Shows
s5285,Movie,Comedies
s5285,Movie,Dramas
s5285,Movie,International Movies
s5286,Movie,Classic Movies
s5286,Movie,Horror Movies
s5286,Movie,Thrillers
s5287,TV Show,Classic & Cult TV
s5287,TV Show,TV Dramas
s5287,TV Show,TV Sci-Fi & Fantasy
s5288,TV Show,Docuseries
s5288,TV Show,Science & Nature TV
s5289,Movie,Dramas
s5290,Movie,Action & Adventure
s5290,Movie,Comedies
s5290,Movie,International Movies
s5291,Movie,Dramas
s5292,TV Show,TV Comedies
s5292,TV Show,TV Dramas
s5293,TV Show,International TV Shows
s5293,TV Show,Romantic TV Shows
s5293,TV Show,Spanish-Language TV Shows
s5294,Movie,Dramas
s5294,Movie,International Movies
s5295,TV Show,Crime TV Shows
s5295,TV Show,International TV Shows
s5295,TV Show,Korean TV Shows
s5296,Movie,Children & Family Movies
s5296,Movie,Comedies
s5297,Movie,Dramas
s5297,Movie,Independent Movies
s5297,Movie,International Movies
s5298,Movie,Action & Adventure
s5298,Movie,Independent Movies
s5299,Movie,Action & Adventure
s5299,Movie,Comedies
s5299,Movie,International Movies
s5300,Movie,Comedies
s5300,Movie,Romantic Movies
s5301,Movie,Action & Adventure
s5301,Movie,International Movies
s5301,Movie,Music & Musicals
s5302,TV Show,International TV Shows
s5302,TV Show,Romantic TV Shows
s5302,TV Show,TV Comedies
s5303,Movie,Comedies
s5303,Movie,Romantic Movies
s5304,Movie,Dramas
s5304,Movie,Romantic Movies
s5305,TV Show,Kids' TV
s5305,TV Show,TV Comedies
s5306,Movie,Thrillers
s5307,Movie,Comedies
s5307,Movie,International Movies
s5307,Movie,Romantic Movies
s5308,TV Show,Anime Series
s5308,TV Show,International TV Shows
s5309,Movie,Documentaries
s5309,Movie,Music & Musicals
s5310,Movie,Stand-Up Comedy
s5311,Movie,Stand-Up Comedy
s5312,Movie,Children & Family Movies
s5312,Movie,Comedies
s5312,Movie,Sports Movies
s5313,TV Show,Docuseries
s5313,TV Show,Stand-Up Comedy & Talk Shows
s5314,Movie,Stand-Up Comedy
s5315,Movie,Stand-Up Comedy
s5316,TV Show,TV Comedies
s5316,TV Show,TV Dramas
s5317,Movie,Thrillers
s5318,TV Show,International TV Shows
s5318,TV Show,Reality TV
s5319,Movie,Dramas
s5319,Movie,International Movies
s5320,Movie,Stand-Up Comedy
s5321,Movie,Documentaries
s5321,Movie,International Movies
s5322,Movie,Action & Adventure
s5322,Movie,International Movies
s5323,Movie,Action & Adventure
s5324,Movie,Comedies
s5324,Movie,International Movies
s5324,Movie,Romantic Movies
s5325,Movie,Comedies
s5325,Movie,Dramas
s5325,Movie,International Movies
s5326,Movie,Action & Adventure
s5326,Movie,International Movies
s5327,Movie,Dramas
s5327,Movie,Independent Movies
s5327,Movie,International Movies
s5328,Movie,Dramas
s5328,Movie,Independent Movies
s5328,Movie,International Movies
s5329,Movie,Dramas
s5329,Movie,Independent Movies
s5329,Movie,International Movies
s5330,TV Show,Kids' TV
s5330,TV Show,TV Comedies
s5331,Movie,Horror Movies
s5331,Movie,International Movies
s5332,TV Show,Crime TV Shows
s5332,TV Show,International TV Shows
s5332,TV Show,TV Dramas
s5333,Movie,Documentaries
s5333,Movie,International Movies
s5334,Movie,Documentaries
s5334,Movie,International Movies
s5335,Movie,Dramas
s5335,Movie,International Movies
s5335,Movie,Romantic Movies
s5336,Movie,Comedies
s5336,Movie,Sci-Fi & Fantasy
s5337,Movie,Dramas
s5337,Movie,International Movies
s5337,Movie,Romantic Movies
s5338,TV Show,International TV Shows
s5338,TV Show,Romantic TV Shows
s5338,TV Show,TV Dramas
s5339,Movie,Documentaries
s5339,Movie,International Movies
s5340,TV Show,British TV Shows
s5340,TV Show,Crime TV Shows
s5340,TV Show,International TV Shows
s5341,Movie,Comedies
s5341,Movie,Independent Movies
s5341,Movie,Romantic Movies
s5342,Movie,Children & Family Movies
s5343,Movie,Dramas
s5343,Movie,International Movies
s5344,Movie,Dramas
s5344,Movie,International Movies
s5344,Movie,Romantic Movies
s5345,TV Show,Anime Series
s5346,TV Show,Anime Series
s5346,TV Show,International TV Shows
s5347,Movie,Dramas
s5347,Movie,International Movies
s5347,Movie,Romantic Movies
s5348,Movie,International Movies
s5348,Movie,Romantic Movies
s5349,Movie,Dramas
s5349,Movie,International Movies
s5349,Movie,Music & Musicals
s5350,TV Show,Crime TV Shows
s5350,TV Show,International TV Shows
s5350,TV Show,TV Dramas
s5351,Movie,Action & Adventure
s5351,Movie,International Movies
s5351,Movie,Music & Musicals
s5352,Movie,Action & Adventure
s5352,Movie,Classic Movies
s5352,Movie,Dramas
s5353,Movie,Documentaries
s5354,Movie,Dramas
s5354,Movie,International Movies
s5355,TV Show,Docuseries
s5356,TV Show,Kids' TV
s5356,TV Show,TV Comedies
s5357,Movie,Stand-Up Comedy
s5358,Movie,Stand-Up Comedy
s5359,Movie,Stand-Up Comedy
s5360,Movie,Stand-Up Comedy
s5361,Movie,Documentaries
s5362,Movie,Dramas
s5362,Movie,International Movies
s5363,TV Show,International TV Shows
s5363,TV Show,TV Comedies
s5364,Movie,Dramas
s5364,Movie,International Movies
s5365,Movie,Dramas
s5365,Movie,Faith & Spirituality
s5366,Movie,Comedies
s5366,Movie,International Movies
s5367,TV Show,Kids' TV
s5367,TV Show,TV Comedies
s5368,Movie,Documentaries
s5368,Movie,Music & Musicals
s5369,Movie,Action & Adventure
s5369,Movie,Dramas
s5369,Movie,Faith & Spirituality
s5370,Movie,Children & Family Movies
s5371,TV Show,International TV Shows
s5371,TV Show,TV Dramas
s5372,Movie,Classic Movies
s5372,Movie,Documentaries
s5373,Movie,Comedies
s5373,Movie,Dramas
s5373,Movie,International Movies
s5374,Movie,Action & Adventure
s5374,Movie,Dramas
s5374,Movie,Independent Movies
s5375,Movie,Dramas
s5375,Movie,Independent Movies
s5375,Movie,International Movies
s5376,Movie,Comedies
s5377,Movie,Classic Movies
s5377,Movie,Dramas
s5377,Movie,International Movies
s5378,Movie,Dramas
s5378,Movie,International Movies
s5379,TV Show,Crime TV Shows
s5379,TV Show,Docuseries
s5379,TV Show,International TV Shows
s5380,Movie,Comedies
s5380,Movie,International Movies
s5381,TV Show,TV Comedies
s5381,TV Show,TV Horror
s5381,TV Show,TV Thrillers
s5382,Movie,Children & Family Movies
s5382,Movie,Comedies
s5383,Movie,Children & Family Movies
s5383,Movie,Comedies
s5383,Movie,Romantic Movies
s5384,Movie,Movies
s5385,Movie,Children & Family Movies
s5386,Movie,Action & Adventure
s5386,Movie,International Movies
s5387,Movie,Comedies
s5387,Movie,International Movies
s5387,Movie,Romantic Movies
s5388,Movie,Dramas
s5388,Movie,International Movies
s5388,Movie,Thrillers
s5389,Movie,Comedies
s5390,Movie,Stand-Up Comedy
s5391,Movie,Dramas
s5391,Movie,International Movies
s5392,Movie,Dramas
s5392,Movie,International Movies
s5393,Movie,Comedies
s5393,Movie,International Movies
s5393,Movie,Music & Musicals
s5394,Movie,Action & Adventure
s5394,Movie,Comedies
s5394,Movie,International Movies
s5395,Movie,Dramas
s5395,Movie,International Movies
s5396,Movie,Action & Adventure
s5396,Movie,Dramas
s5396,Movie,International Movies
s5397,Movie,Dramas
s5397,Movie,International Movies
s5397,Movie,Music & Musicals
s5398,Movie,Dramas
s5398,Movie,International Movies
s5398,Movie,Music & Musicals
s5399,Movie,Dramas
s5399,Movie,International Movies
s5400,Movie,Comedies
s5400,Movie,Dramas
s5400,Movie,International Movies
s5401,Movie,Dramas
s5401,Movie,Faith & Spirituality
s5401,Movie,International Movies
s5402,Movie,Documentaries
s5402,Movie,Music & Musicals
s5403,TV Show,Docuseries
s5403,TV Show,International TV Shows
s5404,Movie,Dramas
s5404,Movie,International Movies
s5404,Movie,Music & Musicals
s5405,Movie,Children & Family Movies
s5406,Movie,Comedies
s5406,Movie,Cult Movies
s5406,Movie,Dramas
s5407,TV Show,International TV Shows
s5407,TV Show,TV Dramas
s5408,Movie,Dramas
s5408,Movie,LGBTQ Movies
s5409,Movie,Dramas
s5409,Movie,International Movies
s5409,Movie,Music & Musicals
s5410,Movie,Documentaries
s5411,Movie,Action & Adventure
s5411,Movie,Independent Movies
s5412,Movie,Comedies
s5412,Movie,International Movies
s5412,Movie,Romantic Movies
s5413,TV Show,International TV Shows
s5413,TV Show,Korean TV Shows
s5413,TV Show,TV Dramas
s5414,TV Show,Reality TV
s5415,Movie,Stand-Up Comedy
s5416,Movie,Documentaries
s5417,Movie,Comedies
s5417,Movie,Dramas
s5418,Movie,Dramas
s5419,Movie,Horror Movies
s5419,Movie,International Movies
s5420,TV Show,Reality TV
s5420,TV Show,Romantic TV Shows
s5421,Movie,Comedies
s5421,Movie,Dramas
s5421,Movie,Independent Movies
s5422,Movie,Comedies
s5422,Movie,International Movies
s5423,Movie,Children & Family Movies
s5424,TV Show,Crime TV Shows
s5424,TV Show,International TV Shows
s5424,TV Show,TV Dramas
s5425,TV Show,Crime TV Shows
s5425,TV Show,TV Dramas
s5426,Movie,Classic Movies
s5426,Movie,Comedies
s5426,Movie,Independent Movies
s5427,TV Show,Reality TV
s5427,TV Show,TV Comedies
s5427,TV Show,TV Horror
s5428,Movie,Comedies
s5428,Movie,International Movies
s5429,Movie,Comedies
s5429,Movie,Horror Movies
s5430,Movie,Comedies
s5430,Movie,Horror Movies
s5431,Movie,Classic Movies
s5431,Movie,Dramas
s5432,TV Show,TV Comedies
s5433,Movie,Comedies
s5433,Movie,Dramas
s5434,Movie,Comedies
s5434,Movie,Dramas
s5434,Movie,International Movies
s5435,Movie,Comedies
s5435,Movie,International Movies
s5436,TV Show,Stand-Up Comedy & Talk Shows
s5436,TV Show,TV Comedies
s5437,TV Show,International TV Shows
s5437,TV Show,TV Action & Adventure
s5437,TV Show,TV Comedies
s5438,Movie,Children & Family Movies
s5439,TV Show,Kids' TV
s5439,TV Show,TV Comedies
s5440,Movie,Action & Adventure
s5440,Movie,Sci-Fi & Fantasy
s5441,Movie,Action & Adventure
s5441,Movie,Comedies
s5441,Movie,Cult Movies
s5442,TV Show,Crime TV Shows
s5442,TV Show,TV Horror
s5442,TV Show,TV Mysteries
s5443,Movie,Horror Movies
s5444,Movie,Horror Movies
s5445,Movie,Documentaries
s5445,Movie,Sports Movies
s5446,Movie,Comedies
s5446,Movie,International Movies
s5447,TV Show,Crime TV Shows
s5447,TV Show,International TV Shows
s5447,TV Show,Spanish-Language TV Shows
s5448,Movie,Action & Adventure
s5449,Movie,Comedies
s5450,Movie,Children & Family Movies
s5450,Movie,Classic Movies
s5450,Movie,Dramas
s5451,Movie,Documentaries
s5451,Movie,International Movies
s5451,Movie,Music & Musicals
s5452,Movie,Action & Adventure
s5452,Movie,Sci-Fi & Fantasy
s5453,Movie,Stand-Up Comedy
s5454,Movie,Stand-Up Comedy
s5455,Movie,Stand-Up Comedy
s5456,Movie,Stand-Up Comedy
s5457,TV Show,International TV Shows
s5457,TV Show,Korean TV Shows
s5457,TV Show,Romantic TV Shows
s5458,Movie,Dramas
s5458,Movie,International Movies
s5458,Movie,Music & Musicals
s5459,TV Show,International TV Shows
s5459,TV Show,Korean TV Shows
s5459,TV Show,Romantic TV Shows
s5460,TV Show,International TV Shows
s5460,TV Show,TV Dramas
s5460,TV Show,TV Mysteries
s5461,Movie,Dramas
s5461,Movie,Thrillers
s5462,Movie,Thrillers
s5463,TV Show,International TV Shows
s5463,TV Show,Romantic TV Shows
s5463,TV Show,TV Comedies
s5464,TV Show,International TV Shows
s5464,TV Show,Romantic TV Shows
s5464,TV Show,TV Dramas
s5465,Movie,Dramas
s5465,Movie,International Movies
s5465,Movie,Music & Musicals
s5466,TV Show,International TV Shows
s5466,TV Show,Romantic TV Shows
s5466,TV Show,Spanish-Language TV Shows
s5467,Movie,Comedies
s5467,Movie,Horror Movies
s5467,Movie,International Movies
s5468,Movie,Documentaries
s5468,Movie,International Movies
s5469,Movie,Documentaries
s5469,Movie,International Movies
s5470,TV Show,British TV Shows
s5470,TV Show,Docuseries
s5470,TV Show,International TV Shows
s5471,Movie,Documentaries
s5471,Movie,International Movies
s5472,Movie,Documentaries
s5472,Movie,International Movies
s5473,Movie,Documentaries
s5473,Movie,International Movies
s5474,Movie,Documentaries
s5475,Movie,Documentaries
s5476,Movie,Documentaries
s5477,Movie,Documentaries
s5478,Movie,Documentaries
s5478,Movie,International Movies
s5479,Movie,Documentaries
s5479,Movie,International Movies
s5480,Movie,Action & Adventure
s5481,TV Show,International TV Shows
s5481,TV Show,Romantic TV Shows
s5481,TV Show,TV Dramas
s5482,Movie,Dramas
s5482,Movie,Sci-Fi & Fantasy
s5482,Movie,Thrillers
s5483,Movie,Documentaries
s5484,Movie,Action & Adventure
s5484,Movie,Comedies
s5484,Movie,Dramas
s5485,TV Show,Anime Series
s5485,TV Show,Crime TV Shows
s5486,TV Show,International TV Shows
s5486,TV Show,TV Dramas
s5486,TV Show,Teen TV Shows
s5487,TV Show,TV Dramas
s5488,TV Show,TV Dramas
s5489,Movie,Sci-Fi & Fantasy
s5489,Movie,Thrillers
s5490,TV Show,Reality TV
s5491,Movie,Dramas
s5491,Movie,International Movies
s5492,Movie,Comedies
s5492,Movie,International Movies
s5493,Movie,Documentaries
s5493,Movie,International Movies
s5493,Movie,Sports Movies
s5494,TV Show,Crime TV Shows
s5494,TV Show,TV Dramas
s5494,TV Show,TV Mysteries
s5495,TV Show,TV Comedies
s5496,Movie,Comedies
s5496,Movie,Dramas
s5496,Movie,International Movies
s5497,Movie,Dramas
s5497,Movie,Thrillers
s5498,Movie,Dramas
s5498,Movie,Independent Movies
s5498,Movie,International Movies
s5499,Movie,Dramas
s5499,Movie,Independent Movies
s5500,TV Show,British TV Shows
s5500,TV Show,Crime TV Shows
s5500,TV Show,Docuseries
s5501,Movie,Comedies
s5501,Movie,Dramas
s5501,Movie,International Movies
s5502,Movie,Comedies
s5502,Movie,International Movies
s5502,Movie,Romantic Movies
s5503,TV Show,International TV Shows
s5503,TV Show,TV Comedies
s5504,Movie,Comedies
s5504,Movie,Romantic Movies
s5505,Movie,Dramas
s5505,Movie,International Movies
s5506,Movie,Action & Adventure
s5507,Movie,Stand-Up Comedy
s5508,Movie,Stand-Up Comedy
s5509,Movie,Dramas
s5509,Movie,Independent Movies
s5509,Movie,International Movies
s5510,Movie,Comedies
s5510,Movie,International Movies
s5510,Movie,Music & Musicals
s5511,Movie,Dramas
s5511,Movie,International Movies
s5511,Movie,Romantic Movies
s5512,Movie,Dramas
s5512,Movie,International Movies
s5512,Movie,Romantic Movies
s5513,Movie,Dramas
s5513,Movie,International Movies
s5513,Movie,Romantic Movies
s5514,TV Show,Kids' TV
s5515,Movie,Horror Movies
s5516,Movie,Dramas
s5516,Movie,Romantic Movies
s5517,TV Show,Crime TV Shows
s5517,TV Show,TV Dramas
s5518,Movie,Comedies
s5518,Movie,Dramas
s5518,Movie,International Movies
s5519,Movie,Comedies
s5519,Movie,Dramas
s5519,Movie,International Movies
s5520,Movie,Action & Adventure
s5520,Movie,Sci-Fi & Fantasy
s5521,Movie,Comedies
s5521,Movie,Dramas
s5521,Movie,Romantic Movies
s5522,Movie,Comedies
s5522,Movie,Dramas
s5522,Movie,Romantic Movies
s5523,Movie,Dramas
s5523,Movie,International Movies
s5523,Movie,Romantic Movies
s5524,Movie,Comedies
s5525,TV Show,British TV Shows
s5525,TV Show,International TV Shows
s5525,TV Show,TV Comedies
s5526,TV Show,Docuseries
s5526,TV Show,Science & Nature TV
s5527,Movie,Comedies
s5527,Movie,Dramas
s5527,Movie,International Movies
s5528,Movie,Comedies
s5529,TV Show,International TV Shows
s5529,TV Show,Romantic TV Shows
s5529,TV Show,TV Dramas
s5530,Movie,Dramas
s5531,Movie,Dramas
s5531,Movie,Independent Movies
s5531,Movie,International Movies
s5532,Movie,Dramas
s5532,Movie,International Movies
s5532,Movie,Romantic Movies
s5533,Movie,Action & Adventure
s5533,Movie,Dramas
s5533,Movie,International Movies
s5534,TV Show,Crime TV Shows
s5534,TV Show,Docuseries
s5534,TV Show,International TV Shows
s5535,Movie,Comedies
s5535,Movie,International Movies
s5536,Movie,Action & Adventure
s5536,Movie,Dramas
s5536,Movie,Independent Movies
s5537,TV Show,TV Dramas
s5538,Movie,Dramas
s5538,Movie,International Movies
s5538,Movie,Thrillers
s5539,TV Show,TV Comedies
s5539,TV Show,TV Dramas
s5540,Movie,Dramas
s5540,Movie,Independent Movies
s5540,Movie,International Movies
s5541,Movie,Dramas
s5541,Movie,International Movies
s5541,Movie,Romantic Movies
s5542,Movie,Comedies
s5542,Movie,International Movies
s5542,Movie,Music & Musicals
s5543,Movie,Dramas
s5543,Movie,International Movies
s5544,Movie,Horror Movies
s5545,Movie,Dramas
s5545,Movie,Thrillers
s5546,TV Show,British TV Shows
s5546,TV Show,Kids' TV
s5546,TV Show,TV Comedies
s5547,TV Show,British TV Shows
s5547,TV Show,Kids' TV
s5547,TV Show,TV Comedies
s5548,Movie,Children & Family Movies
s5548,Movie,Comedies
s5549,Movie,Dramas
s5549,Movie,International Movies
s5550,Movie,Documentaries
s5550,Movie,Music & Musicals
s5551,Movie,Music & Musicals
s5552,TV Show,Crime TV Shows
s5552,TV Show,International TV Shows
s5552,TV Show,TV Dramas
s5553,Movie,Documentaries
s5554,Movie,Comedies
s5554,Movie,International Movies
s5555,TV Show,Kids' TV
s5555,TV Show,TV Action & Adventure
s5555,TV Show,TV Sci-Fi & Fantasy
s5556,Movie,Dramas
s5556,Movie,International Movies
s5556,Movie,Romantic Movies
s5557,TV Show,Romantic TV Shows
s5557,TV Show,TV Comedies
s5557,TV Show,TV Dramas
s5558,Movie,Comedies
s5558,Movie,Romantic Movies
s5559,Movie,Dramas
s5559,Movie,International Movies
s5559,Movie,Romantic Movies
s5560,Movie,Documentaries
s5560,Movie,Sports Movies
s5561,Movie,Horror Movies
s5561,Movie,Thrillers
s5562,Movie,Dramas
s5562,Movie,International Movies
s5563,TV Show,British TV Shows
s5563,TV Show,Crime TV Shows
s5563,TV Show,International TV Shows
s5564,Movie,Action & Adventure
s5564,Movie,Comedies
s5565,Movie,Dramas
s5565,Movie,International Movies
s5565,Movie,Music & Musicals
s5566,Movie,Comedies
s5566,Movie,International Movies
s5566,Movie,Romantic Movies
s5567,Movie,Dramas
s5567,Movie,Independent Movies
s5567,Movie,Thrillers
s5568,TV Show,Docuseries
s5568,TV Show,Stand-Up Comedy & Talk Shows
s5569,Movie,Dramas
s5569,Movie,Independent Movies
s5569,Movie,International Movies
s5570,Movie,Documentaries
s5571,Movie,Action & Adventure
s5571,Movie,Dramas
s5571,Movie,International Movies
s5572,Movie,Dramas
s5572,Movie,Independent Movies
s5572,Movie,International Movies
s5573,TV Show,Crime TV Shows
s5573,TV Show,TV Action & Adventure
s5573,TV Show,TV Dramas
s5574,Movie,Action & Adventure
s5574,Movie,Dramas
s5574,Movie,International Movies
s5575,TV Show,Kids' TV
s5576,Movie,Movies
s5577,Movie,Movies
s5578,Movie,Movies
s5579,Movie,Comedies
s5579,Movie,Dramas
s5579,Movie,Independent Movies
s5580,Movie,Dramas
s5580,Movie,International Movies
s5581,Movie,Dramas
s5581,Movie,Independent Movies
s5582,Movie,Action & Adventure
s5582,Movie,Comedies
s5582,Movie,Dramas
s5583,Movie,Children & Family Movies
s5583,Movie,Comedies
s5584,Movie,Dramas
s5584,Movie,Thrillers
s5585,TV Show,Reality TV
s5586,Movie,Documentaries
s5586,Movie,Music & Musicals
s5587,TV Show,International TV Shows
s5587,TV Show,TV Comedies
s5588,Movie,Children & Family Movies
s5588,Movie,Comedies
s5588,Movie,Music & Musicals
s5589,TV Show,International TV Shows
s5589,TV Show,TV Dramas
s5590,Movie,Dramas
s5590,Movie,International Movies
s5590,Movie,Romantic Movies
s5591,Movie,Dramas
s5591,Movie,International Movies
s5591,Movie,Thrillers
s5592,Movie,Horror Movies
s5592,Movie,International Movies
s5593,Movie,Dramas
s5593,Movie,International Movies
s5594,Movie,Dramas
s5594,Movie,International Movies
s5595,Movie,Dramas
s5595,Movie,International Movies
s5595,Movie,Music & Musicals
s5596,Movie,Comedies
s5596,Movie,International Movies
s5597,Movie,Dramas
s5597,Movie,International Movies
s5597,Movie,Thrillers
s5598,TV Show,British TV Shows
s5598,TV Show,International TV Shows
s5598,TV Show,TV Comedies
s5599,TV Show,Kids' TV
s5600,Movie,Dramas
s5600,Movie,Independent Movies
s5600,Movie,International Movies
s5601,Movie,Comedies
s5601,Movie,Romantic Movies
s5602,Movie,Dramas
s5602,Movie,International Movies
s5602,Movie,Thrillers
s5603,TV Show,Crime TV Shows
s5603,TV Show,International TV Shows
s5603,TV Show,Korean TV Shows
s5604,TV Show,Crime TV Shows
s5604,TV Show,International TV Shows
s5604,TV Show,TV Dramas
s5605,Movie,Action & Adventure
s5605,Movie,Independent Movies
s5606,Movie,Children & Family Movies
s5606,Movie,Sci-Fi & Fantasy
s5607,Movie,Horror Movies
s5608,Movie,Documentaries
s5609,Movie,Comedies
s5609,Movie,Dramas
s5609,Movie,Independent Movies
s5610,TV Show,Romantic TV Shows
s5610,TV Show,Spanish-Language TV Shows
s5610,TV Show,TV Comedies
s5611,Movie,Comedies
s5611,Movie,Dramas
s5611,Movie,Independent Movies
s5612,TV Show,Crime TV Shows
s5612,TV Show,International TV Shows
s5612,TV Show,TV Action & Adventure
s5613,TV Show,Kids' TV
s5614,Movie,Stand-Up Comedy
s5615,Movie,Dramas
s5615,Movie,Independent Movies
s5615,Movie,Thrillers
s5616,Movie,Stand-Up Comedy
s5617,Movie,International Movies
s5617,Movie,Thrillers
s5618,TV Show,International TV Shows
s5618,TV Show,Spanish-Language TV Shows
s5618,TV Show,TV Dramas
s5619,TV Show,International TV Shows
s5619,TV Show,Spanish-Language TV Shows
s5619,TV Show,TV Dramas
s5620,TV Show,Docuseries
s5621,Movie,Comedies
s5621,Movie,Dramas
s5621,Movie,Independent Movies
s5622,TV Show,Reality TV
s5623,TV Show,International TV Shows
s5623,TV Show,Reality TV
s5624,TV Show,International TV Shows
s5624,TV Show,Reality TV
s5624,TV Show,Spanish-Language TV Shows
s5625,Movie,Comedies
s5625,Movie,Dramas
s5625,Movie,International Movies
s5626,TV Show,International TV Shows
s5626,TV Show,Reality TV
s5627,Movie,Action & Adventure
s5627,Movie,Dramas
s5627,Movie,International Movies
s5628,Movie,Action & Adventure
s5628,Movie,Dramas
s5628,Movie,International Movies
s5629,Movie,Comedies
s5629,Movie,International Movies
s5629,Movie,Romantic Movies
s5630,TV Show,International TV Shows
s5630,TV Show,Romantic TV Shows
s5630,TV Show,TV Dramas
s5631,TV Show,Reality TV
s5631,TV Show,Romantic TV Shows
s5632,TV Show,International TV Shows
s5632,TV Show,Romantic TV Shows
s5632,TV Show,TV Dramas
s5633,Movie,Action & Adventure
s5633,Movie,Dramas
s5633,Movie,Sci-Fi & Fantasy
s5634,Movie,Horror Movies
s5635,Movie,Horror Movies
s5635,Movie,International Movies
s5636,TV Show,Crime TV Shows
s5636,TV Show,International TV Shows
s5636,TV Show,TV Dramas
s5637,Movie,Horror Movies
s5638,TV Show,Anime Series
s5638,TV Show,International TV Shows
s5638,TV Show,TV Thrillers
s5639,Movie,Dramas
s5640,Movie,Comedies
s5640,Movie,Dramas
s5640,Movie,Romantic Movies
s5641,TV Show,TV Comedies
s5641,TV Show,Teen TV Shows
s5642,Movie,Comedies
s5642,Movie,International Movies
s5643,TV Show,International TV Shows
s5643,TV Show,TV Comedies
s5643,TV Show,TV Dramas
s5644,Movie,Children & Family Movies
s5644,Movie,Dramas
s5645,TV Show,TV Shows
s5646,Movie,Documentaries
s5646,Movie,International Movies
s5647,TV Show,Reality TV
s5648,Movie,Action & Adventure
s5649,TV Show,Reality TV
s5650,TV Show,Reality TV
s5651,Movie,Dramas
s5651,Movie,International Movies
s5652,Movie,Action & Adventure
s5652,Movie,Comedies
s5653,Movie,Documentaries
s5654,Movie,Action & Adventure
s5654,Movie,International Movies
s5655,Movie,Documentaries
s5655,Movie,International Movies
s5655,Movie,Music & Musicals
s5656,Movie,Documentaries
s5656,Movie,Sports Movies
s5657,TV Show,Kids' TV
s5657,TV Show,TV Comedies
s5658,Movie,Action & Adventure
s5658,Movie,Sci-Fi & Fantasy
s5659,TV Show,Crime TV Shows
s5659,TV Show,International TV Shows
s5659,TV Show,TV Dramas
s5660,Movie,Comedies
s5660,Movie,Dramas
s5660,Movie,International Movies
s5661,TV Show,TV Horror
s5661,TV Show,TV Mysteries
s5661,TV Show,TV Thrillers
s5662,Movie,Comedies
s5662,Movie,Dramas
s5662,Movie,Independent Movies
s5663,TV Show,Crime TV Shows
s5663,TV Show,International TV Shows
s5663,TV Show,TV Dramas
s5664,TV Show,Crime TV Shows
s5664,TV Show,International TV Shows
s5664,TV Show,TV Dramas
s5665,TV Show,International TV Shows
s5665,TV Show,TV Mysteries
s5665,TV Show,TV Thrillers
s5666,TV Show,Crime TV Shows
s5666,TV Show,International TV Shows
s5666,TV Show,TV Dramas
s5667,Movie,Comedies
s5667,Movie,Romantic Movies
s5668,Movie,Dramas
s5668,Movie,Independent Movies
s5669,Movie,Thrillers
s5670,TV Show,Reality TV
s5671,Movie,Dramas
s5671,Movie,International Movies
s5672,Movie,Action & Adventure
s5672,Movie,Dramas
s5672,Movie,International Movies
s5673,Movie,Dramas
s5673,Movie,Thrillers
s5674,Movie,Action & Adventure
s5674,Movie,Comedies
s5674,Movie,Sci-Fi & Fantasy
s5675,Movie,Thrillers
s5676,Movie,Comedies
s5676,Movie,Dramas
s5676,Movie,Independent Movies
s5677,Movie,Documentaries
s5677,Movie,Sports Movies
s5678,Movie,Dramas
s5678,Movie,International Movies
s5678,Movie,Thrillers
s5679,TV Show,Crime TV Shows
s5679,TV Show,International TV Shows
s5679,TV Show,TV Action & Adventure
s5680,Movie,Comedies
s5681,TV Show,TV Comedies
s5682,Movie,Action & Adventure
s5682,Movie,Dramas
s5683,Movie,Children & Family Movies
s5683,Movie,Comedies
s5684,Movie,Dramas
s5684,Movie,Thrillers
s5685,Movie,Action & Adventure
s5685,Movie,Cult Movies
s5685,Movie,International Movies
s5686,Movie,Comedies
s5686,Movie,International Movies
s5686,Movie,Music & Musicals
s5687,Movie,Comedies
s5687,Movie,International Movies
s5687,Movie,Romantic Movies
s5688,Movie,Documentaries
s5689,TV Show,TV Comedies
s5689,TV Show,TV Dramas
s5690,Movie,Dramas
s5690,Movie,International Movies
s5691,Movie,Stand-Up Comedy
s5692,Movie,Stand-Up Comedy
s5693,TV Show,Kids' TV
s5694,Movie,Dramas
s5694,Movie,International Movies
s5694,Movie,Romantic Movies
s5695,Movie,Action & Adventure
s5695,Movie,Anime Features
s5695,Movie,International Movies
s5696,Movie,Comedies
s5696,Movie,Dramas
s5696,Movie,International Movies
s5697,Movie,Dramas
s5697,Movie,Independent Movies
s5697,Movie,International Movies
s5698,Movie,Comedies
s5698,Movie,Independent Movies
s5698,Movie,International Movies
s5699,Movie,Action & Adventure
s5699,Movie,Children & Family Movies
s5699,Movie,Sci-Fi & Fantasy
s5700,Movie,Action & Adventure
s5700,Movie,Children & Family Movies
s5700,Movie,Sci-Fi & Fantasy
s5701,Movie,Action & Adventure
s5701,Movie,International Movies
s5701,Movie,Sci-Fi & Fantasy
s5702,TV Show,Kids' TV
s5702,TV Show,TV Comedies
s5703,Movie,Dramas
s5703,Movie,Romantic Movies
s5704,TV Show,Docuseries
s5704,TV Show,Reality TV
s5705,Movie,Comedies
s5705,Movie,Romantic Movies
s5706,TV Show,Crime TV Shows
s5706,TV Show,International TV Shows
s5706,TV Show,Spanish-Language TV Shows
s5707,TV Show,International TV Shows
s5707,TV Show,Romantic TV Shows
s5707,TV Show,TV Dramas
s5708,Movie,Comedies
s5708,Movie,Independent Movies
s5708,Movie,International Movies
s5709,TV Show,International TV Shows
s5709,TV Show,Korean TV Shows
s5709,TV Show,Romantic TV Shows
s5710,Movie,Comedies
s5710,Movie,Romantic Movies
s5711,Movie,Dramas
s5711,Movie,International Movies
s5712,TV Show,Crime TV Shows
s5712,TV Show,TV Dramas
s5712,TV Show,TV Mysteries
s5713,TV Show,International TV Shows
s5713,TV Show,Romantic TV Shows
s5713,TV Show,TV Comedies
s5714,Movie,Stand-Up Comedy
s5715,Movie,Stand-Up Comedy
s5716,Movie,Action & Adventure
s5716,Movie,Dramas
s5716,Movie,Independent Movies
s5717,Movie,Dramas
s5717,Movie,International Movies
s5717,Movie,Thrillers
s5718,TV Show,Docuseries
s5719,Movie,Dramas
s5719,Movie,Independent Movies
s5719,Movie,International Movies
s5720,TV Show,Anime Series
s5720,TV Show,Kids' TV
s5721,Movie,Documentaries
s5721,Movie,Sports Movies
s5722,TV Show,International TV Shows
s5722,TV Show,TV Dramas
s5723,Movie,Dramas
s5723,Movie,International Movies
s5723,Movie,Sports Movies
s5724,Movie,Dramas
s5724,Movie,International Movies
s5725,TV Show,International TV Shows
s5725,TV Show,Romantic TV Shows
s5725,TV Show,TV Dramas
s5726,TV Show,Anime Series
s5726,TV Show,International TV Shows
s5727,Movie,Horror Movies
s5727,Movie,International Movies
s5728,Movie,Dramas
s5728,Movie,Faith & Spirituality
s5728,Movie,Sports Movies
s5729,Movie,Horror Movies
s5729,Movie,Independent Movies
s5730,TV Show,Romantic TV Shows
s5730,TV Show,TV Dramas
s5731,Movie,Documentaries
s5732,TV Show,Reality TV
s5733,Movie,Action & Adventure
s5733,Movie,Dramas
s5733,Movie,Sci-Fi & Fantasy
s5734,TV Show,TV Comedies
s5735,TV Show,Kids' TV
s5735,TV Show,Korean TV Shows
s5735,TV Show,TV Comedies
s5736,TV Show,Kids' TV
s5737,Movie,Comedies
s5737,Movie,International Movies
s5737,Movie,Romantic Movies
s5738,TV Show,International TV Shows
s5738,TV Show,Korean TV Shows
s5738,TV Show,Romantic TV Shows
s5739,Movie,Dramas
s5739,Movie,Music & Musicals
s5740,Movie,Dramas
s5740,Movie,International Movies
s5740,Movie,Sports Movies
s5741,TV Show,Crime TV Shows
s5741,TV Show,International TV Shows
s5741,TV Show,TV Dramas
s5742,TV Show,TV Action & Adventure
s5742,TV Show,TV Dramas
s5743,TV Show,TV Comedies
s5744,Movie,Dramas
s5744,Movie,International Movies
s5744,Movie,Thrillers
s5745,Movie,Comedies
s5746,Movie,Action & Adventure
s5746,Movie,Sci-Fi & Fantasy
s5747,TV Show,International TV Shows
s5747,TV Show,TV Horror
s5747,TV Show,TV Mysteries
s5748,Movie,Comedies
s5748,Movie,Dramas
s5748,Movie,Independent Movies
s5749,Movie,Documentaries
s5749,Movie,Sports Movies
s5750,Movie,Children & Family Movies
s5750,Movie,Documentaries
s5751,Movie,Action & Adventure
s5751,Movie,Comedies
s5752,Movie,Dramas
s5752,Movie,Romantic Movies
s5752,Movie,Sports Movies
s5753,TV Show,International TV Shows
s5753,TV Show,Romantic TV Shows
s5753,TV Show,TV Dramas
s5754,Movie,Action & Adventure
s5754,Movie,Sci-Fi & Fantasy
s5755,Movie,Action & Adventure
s5755,Movie,Comedies
s5756,TV Show,TV Dramas
s5757,TV Show,Kids' TV
s5758,Movie,Children & Family Movies
s5759,TV Show,Kids' TV
s5760,Movie,Children & Family Movies
s5761,TV Show,Kids' TV
s5762,TV Show,International TV Shows
s5762,TV Show,Stand-Up Comedy & Talk Shows
s5763,Movie,Documentaries
s5764,Movie,Comedies
s5764,Movie,Independent Movies
s5765,TV Show,Kids' TV
s5766,Movie,Horror Movies
s5767,Movie,Children & Family Movies
s5768,Movie,Children & Family Movies
s5769,TV Show,Crime TV Shows
s5769,TV Show,International TV Shows
s5769,TV Show,TV Dramas
s5770,Movie,Dramas
s5770,Movie,Independent Movies
s5771,Movie,Comedies
s5771,Movie,Cult Movies
s5771,Movie,Dramas
s5772,Movie,Music & Musicals
s5773,Movie,Dramas
s5773,Movie,International Movies
s5773,Movie,Sports Movies
s5774,Movie,Children & Family Movies
s5774,Movie,Comedies
s5775,Movie,Children & Family Movies
s5775,Movie,Comedies
s5776,Movie,Children & Family Movies
s5776,Movie,Comedies
s5777,Movie,Children & Family Movies
s5777,Movie,Comedies
s5778,TV Show,Kids' TV
s5779,Movie,Action & Adventure
s5779,Movie,Comedies
s5779,Movie,International Movies
s5780,Movie,Action & Adventure
s5780,Movie,International Movies
s5781,Movie,Horror Movies
s5781,Movie,Independent Movies
s5782,Movie,Thrillers
s5783,TV Show,Stand-Up Comedy & Talk Shows
s5783,TV Show,TV Comedies
s5784,Movie,Action & Adventure
s5785,Movie,Documentaries
s5786,TV Show,Classic & Cult TV
s5786,TV Show,TV Action & Adventure
s5786,TV Show,TV Sci-Fi & Fantasy
s5787,TV Show,TV Action & Adventure
s5787,TV Show,TV Sci-Fi & Fantasy
s5788,TV Show,Classic & Cult TV
s5788,TV Show,TV Action & Adventure
s5788,TV Show,TV Sci-Fi & Fantasy
s5789,TV Show,TV Action & Adventure
s5789,TV Show,TV Sci-Fi & Fantasy
s5790,TV Show,TV Action & Adventure
s5790,TV Show,TV Sci-Fi & Fantasy
s5791,Movie,Action & Adventure
s5791,Movie,Children & Family Movies
s5791,Movie,Sci-Fi & Fantasy
s5792,TV Show,Romantic TV Shows
s5792,TV Show,TV Dramas
s5792,TV Show,TV Sci-Fi & Fantasy
s5793,TV Show,Kids' TV
s5794,Movie,Children & Family Movies
s5795,Movie,Action & Adventure
s5795,Movie,International Movies
s5795,Movie,Romantic Movies
s5796,TV Show,Classic & Cult TV
s5796,TV Show,TV Action & Adventure
s5796,TV Show,TV Sci-Fi & Fantasy
s5797,Movie,Dramas
s5797,Movie,Independent Movies
s5797,Movie,International Movies
s5798,Movie,Documentaries
s5799,Movie,Action & Adventure
s5799,Movie,Comedies
s5800,TV Show,International TV Shows
s5800,TV Show,Romantic TV Shows
s5800,TV Show,TV Comedies
s5801,Movie,Dramas
s5801,Movie,International Movies
s5801,Movie,Romantic Movies
s5802,TV Show,International TV Shows
s5802,TV Show,TV Dramas
s5803,TV Show,International TV Shows
s5803,TV Show,TV Comedies
s5803,TV Show,TV Dramas
s5804,TV Show,Reality TV
s5805,TV Show,International TV Shows
s5805,TV Show,TV Comedies
s5805,TV Show,TV Dramas
s5806,Movie,Documentaries
s5807,Movie,Documentaries
s5807,Movie,International Movies
s5808,Movie,Children & Family Movies
s5809,Movie,Action & Adventure
s5809,Movie,Dramas
s5809,Movie,International Movies
s5810,Movie,Comedies
s5811,Movie,Comedies
s5811,Movie,International Movies
s5812,Movie,Comedies
s5813,Movie,Horror Movies
s5814,Movie,International Movies
s5814,Movie,Thrillers
s5815,Movie,Dramas
s5816,Movie,Stand-Up Comedy
s5817,Movie,Dramas
s5817,Movie,International Movies
s5818,Movie,Horror Movies
s5818,Movie,International Movies
s5819,TV Show,British TV Shows
s5819,TV Show,Classic & Cult TV
s5819,TV Show,TV Comedies
s5820,Movie,Comedies
s5821,Movie,Documentaries
s5822,TV Show,Kids' TV
s5823,TV Show,Crime TV Shows
s5823,TV Show,International TV Shows
s5823,TV Show,Spanish-Language TV Shows
s5824,TV Show,Kids' TV
s5824,TV Show,Korean TV Shows
s5825,Movie,Horror Movies
s5825,Movie,Thrillers
s5826,Movie,Documentaries
s5826,Movie,International Movies
s5826,Movie,Sports Movies
s5827,TV Show,International TV Shows
s5827,TV Show,Reality TV
s5828,TV Show,International TV Shows
s5828,TV Show,TV Dramas
s5829,Movie,Comedies
s5829,Movie,International Movies
s5829,Movie,Romantic Movies
s5830,TV Show,Kids' TV
s5831,Movie,Comedies
s5831,Movie,Independent Movies
s5831,Movie,LGBTQ Movies
s5832,Movie,Dramas
s5832,Movie,Thrillers
s5833,Movie,Dramas
s5834,Movie,Dramas
s5834,Movie,Independent Movies
s5835,TV Show,Crime TV Shows
s5835,TV Show,International TV Shows
s5835,TV Show,Korean TV Shows
s5836,Movie,Comedies
s5836,Movie,Romantic Movies
s5837,TV Show,TV Horror
s5837,TV Show,TV Mysteries
s5837,TV Show,TV Sci-Fi & Fantasy
s5838,TV Show,International TV Shows
s5838,TV Show,Korean TV Shows
s5838,TV Show,TV Horror
s5839,TV Show,Kids' TV
s5840,Movie,Dramas
s5840,Movie,International Movies
s5840,Movie,Romantic Movies
s5841,Movie,Comedies
s5841,Movie,Horror Movies
s5841,Movie,Independent Movies
s5842,Movie,Dramas
s5842,Movie,International Movies
s5843,TV Show,Docuseries
s5844,TV Show,Docuseries
s5844,TV Show,Spanish-Language TV Shows
s5845,TV Show,Kids' TV
s5846,Movie,Children & Family Movies
s5847,Movie,Classic Movies
s5847,Movie,Comedies
s5847,Movie,Romantic Movies
s5848,Movie,Documentaries
s5848,Movie,International Movies
s5848,Movie,LGBTQ Movies
s5849,Movie,Classic Movies
s5849,Movie,Comedies
s5849,Movie,Cult Movies
s5850,Movie,Comedies
s5850,Movie,Dramas
s5851,TV Show,Reality TV
s5852,TV Show,Crime TV Shows
s5852,TV Show,International TV Shows
s5852,TV Show,Korean TV Shows
s5853,Movie,Documentaries
s5854,Movie,Action & Adventure
s5854,Movie,Dramas
s5854,Movie,International Movies
s5855,TV Show,International TV Shows
s5855,TV Show,Romantic TV Shows
s5855,TV Show,TV Dramas
s5856,TV Show,Docuseries
s5856,TV Show,International TV Shows
s5857,Movie,Documentaries
s5858,Movie,Children & Family Movies
s5858,Movie,Comedies
s5859,Movie,Children & Family Movies
s5859,Movie,Comedies
s5860,Movie,Comedies
s5860,Movie,Dramas
s5860,Movie,International Movies
s5861,Movie,Documentaries
s5862,Movie,Children & Family Movies
s5862,Movie,Comedies
s5862,Movie,International Movies
s5863,TV Show,British TV Shows
s5863,TV Show,International TV Shows
s5863,TV Show,Reality TV
s5864,Movie,Anime Features
s5864,Movie,Music & Musicals
s5864,Movie,Sci-Fi & Fantasy
s5865,TV Show,Reality TV
s5866,Movie,Action & Adventure
s5866,Movie,Dramas
s5867,Movie,Dramas
s5867,Movie,International Movies
s5867,Movie,Thrillers
s5868,TV Show,Crime TV Shows
s5868,TV Show,International TV Shows
s5868,TV Show,TV Dramas
s5869,Movie,Comedies
s5869,Movie,International Movies
s5869,Movie,Music & Musicals
s5870,Movie,Comedies
s5870,Movie,Dramas
s5870,Movie,International Movies
s5871,TV Show,International TV Shows
s5871,TV Show,Romantic TV Shows
s5871,TV Show,TV Dramas
s5872,Movie,Dramas
s5872,Movie,International Movies
s5873,Movie,Children & Family Movies
s5874,TV Show,Reality TV
s5875,TV Show,Reality TV
s5876,Movie,International Movies
s5876,Movie,Thrillers
s5877,Movie,Dramas
s5877,Movie,International Movies
s5877,Movie,Romantic Movies
s5878,TV Show,International TV Shows
s5878,TV Show,Korean TV Shows
s5878,TV Show,TV Comedies
s5879,Movie,Comedies
s5879,Movie,Dramas
s5879,Movie,Romantic Movies
s5880,Movie,Dramas
s5880,Movie,International Movies
s5880,Movie,Sports Movies
s5881,TV Show,International TV Shows
s5881,TV Show,Romantic TV Shows
s5881,TV Show,TV Dramas
s5882,Movie,Comedies
s5882,Movie,Dramas
s5882,Movie,Independent Movies
s5883,Movie,Dramas
s5883,Movie,Independent Movies
s5883,Movie,International Movies
s5884,TV Show,British TV Shows
s5884,TV Show,Docuseries
s5884,TV Show,International TV Shows
s5885,Movie,Documentaries
s5885,Movie,International Movies
s5886,TV Show,British TV Shows
s5886,TV Show,Kids' TV
s5886,TV Show,TV Comedies
s5887,Movie,Dramas
s5887,Movie,Independent Movies
s5887,Movie,International Movies
s5888,TV Show,Kids' TV
s5889,Movie,Children & Family Movies
s5890,Movie,Dramas
s5890,Movie,Independent Movies
s5890,Movie,Thrillers
s5891,Movie,Comedies
s5891,Movie,Dramas
s5891,Movie,International Movies
s5892,TV Show,International TV Shows
s5892,TV Show,TV Comedies
s5893,TV Show,Kids' TV
s5894,Movie,Children & Family Movies
s5895,Movie,Children & Family Movies
s5896,Movie,Children & Family Movies
s5897,TV Show,Kids' TV
s5898,TV Show,Kids' TV
s5899,Movie,Children & Family Movies
s5900,Movie,Children & Family Movies
s5901,Movie,Children & Family Movies
s5902,Movie,Children & Family Movies
s5903,Movie,Children & Family Movies
s5904,Movie,Children & Family Movies
s5905,Movie,Comedies
s5905,Movie,Dramas
s5905,Movie,International Movies
s5906,TV Show,Kids' TV
s5906,TV Show,Korean TV Shows
s5907,Movie,Comedies
s5907,Movie,Cult Movies
s5908,Movie,Action & Adventure
s5908,Movie,Classic Movies
s5908,Movie,Dramas
s5909,TV Show,TV Action & Adventure
s5909,TV Show,TV Sci-Fi & Fantasy
s5910,Movie,Action & Adventure
s5910,Movie,Comedies
s5910,Movie,International Movies
s5911,Movie,Action & Adventure
s5911,Movie,Sci-Fi & Fantasy
s5912,TV Show,Reality TV
s5913,TV Show,Classic & Cult TV
s5913,TV Show,TV Action & Adventure
s5913,TV Show,TV Horror
s5914,TV Show,British TV Shows
s5914,TV Show,Docuseries
s5914,TV Show,Science & Nature TV
s5915,Movie,Comedies
s5916,Movie,Comedies
s5916,Movie,Dramas
s5916,Movie,International Movies
s5917,Movie,Dramas
s5917,Movie,International Movies
s5918,Movie,Dramas
s5918,Movie,International Movies
s5918,Movie,Romantic Movies
s5919,Movie,Children & Family Movies
s5919,Movie,Comedies
s5919,Movie,Sports Movies
s5920,Movie,Dramas
s5920,Movie,Faith & Spirituality
s5920,Movie,International Movies
s5921,Movie,Dramas
s5921,Movie,Faith & Spirituality
s5921,Movie,International Movies
s5922,TV Show,Docuseries
s5922,TV Show,Reality TV
s5923,TV Show,Crime TV Shows
s5923,TV Show,International TV Shows
s5923,TV Show,Spanish-Language TV Shows
s5924,TV Show,Crime TV Shows
s5924,TV Show,Docuseries
s5925,TV Show,Crime TV Shows
s5925,TV Show,Docuseries
s5926,Movie,Documentaries
s5927,TV Show,Reality TV
s5928,Movie,Documentaries
s5929,Movie,Documentaries
s5929,Movie,LGBTQ Movies
s5930,Movie,Documentaries
s5931,Movie,Horror Movies
s5931,Movie,International Movies
s5932,Movie,International Movies
s5932,Movie,Thrillers
s5933,Movie,Dramas
s5933,Movie,International Movies
s5934,Movie,Dramas
s5934,Movie,Independent Movies
s5934,Movie,International Movies
s5935,TV Show,International TV Shows
s5935,TV Show,TV Dramas
s5936,Movie,Comedies
s5936,Movie,International Movies
s5937,Movie,Comedies
s5937,Movie,International Movies
s5938,Movie,Dramas
s5938,Movie,Horror Movies
s5938,Movie,Music & Musicals
s5939,TV Show,Romantic TV Shows
s5939,TV Show,TV Dramas
s5940,Movie,Dramas
s5940,Movie,Independent Movies
s5940,Movie,Thrillers
s5941,Movie,Horror Movies
s5941,Movie,Sci-Fi & Fantasy
s5941,Movie,Thrillers
s5942,Movie,Comedies
s5943,Movie,Comedies
s5943,Movie,Dramas
s5943,Movie,Independent Movies
s5944,TV Show,International TV Shows
s5944,TV Show,TV Dramas
s5944,TV Show,TV Mysteries
s5945,TV Show,Anime Series
s5945,TV Show,International TV Shows
s5946,TV Show,Anime Series
s5946,TV Show,International TV Shows
s5947,Movie,Action & Adventure
s5947,Movie,Dramas
s5947,Movie,International Movies
s5948,Movie,Action & Adventure
s5948,Movie,International Movies
s5949,Movie,Action & Adventure
s5950,TV Show,Anime Series
s5950,TV Show,International TV Shows
s5951,Movie,Dramas
s5951,Movie,International Movies
s5951,Movie,Thrillers
s5952,TV Show,Kids' TV
s5953,Movie,Dramas
s5953,Movie,Independent Movies
s5953,Movie,International Movies
s5954,Movie,Dramas
s5954,Movie,International Movies
s5954,Movie,Music & Musicals
s5955,Movie,Dramas
s5955,Movie,International Movies
s5956,TV Show,International TV Shows
s5956,TV Show,TV Dramas
s5956,TV Show,TV Mysteries
s5957,TV Show,Docuseries
s5957,TV Show,International TV Shows
s5957,TV Show,Reality TV
s5958,Movie,Dramas
s5958,Movie,International Movies
s5959,TV Show,International TV Shows
s5959,TV Show,Romantic TV Shows
s5959,TV Show,TV Comedies
s5960,Movie,Comedies
s5960,Movie,Independent Movies
s5961,Movie,Comedies
s5961,Movie,Romantic Movies
s5962,TV Show,International TV Shows
s5962,TV Show,TV Comedies
s5962,TV Show,TV Dramas
s5963,Movie,Comedies
s5964,Movie,Documentaries
s5964,Movie,International Movies
s5964,Movie,Sports Movies
s5965,Movie,Documentaries
s5966,TV Show,Crime TV Shows
s5966,TV Show,TV Action & Adventure
s5966,TV Show,TV Thrillers
s5967,Movie,Action & Adventure
s5968,TV Show,International TV Shows
s5968,TV Show,TV Dramas
s5969,Movie,Dramas
s5969,Movie,International Movies
s5969,Movie,Thrillers
s5970,Movie,Dramas
s5970,Movie,International Movies
s5970,Movie,Romantic Movies
s5971,TV Show,Docuseries
s5971,TV Show,International TV Shows
s5971,TV Show,Science & Nature TV
s5972,Movie,Cult Movies
s5972,Movie,Horror Movies
s5972,Movie,Independent Movies
s5973,TV Show,TV Dramas
s5974,TV Show,TV Dramas
s5975,TV Show,Kids' TV
s5975,TV Show,TV Comedies
s5976,Movie,Children & Family Movies
s5976,Movie,Comedies
s5976,Movie,Romantic Movies
s5977,Movie,Dramas
s5977,Movie,Independent Movies
s5978,Movie,Action & Adventure
s5978,Movie,International Movies
s5978,Movie,Romantic Movies
s5979,Movie,Dramas
s5979,Movie,International Movies
s5979,Movie,Romantic Movies
s5980,Movie,Dramas
s5980,Movie,International Movies
s5981,TV Show,International TV Shows
s5981,TV Show,Romantic TV Shows
s5981,TV Show,TV Dramas
s5982,Movie,Classic Movies
s5982,Movie,Dramas
s5982,Movie,International Movies
s5983,Movie,Comedies
s5983,Movie,Dramas
s5983,Movie,International Movies
s5984,Movie,Dramas
s5984,Movie,Independent Movies
s5984,Movie,International Movies
s5985,Movie,Comedies
s5985,Movie,International Movies
s5985,Movie,Romantic Movies
s5986,Movie,Comedies
s5986,Movie,Horror Movies
s5986,Movie,International Movies
s5987,Movie,International Movies
s5987,Movie,Thrillers
s5988,Movie,Action & Adventure
s5988,Movie,Dramas
s5988,Movie,Faith & Spirituality
s5989,Movie,Children & Family Movies
s5990,Movie,Children & Family Movies
s5991,Movie,Comedies
s5991,Movie,International Movies
s5992,Movie,Action & Adventure
s5992,Movie,Dramas
s5992,Movie,International Movies
s5993,Movie,Sci-Fi & Fantasy
s5993,Movie,Thrillers
s5994,Movie,Dramas
s5994,Movie,International Movies
s5995,Movie,Classic Movies
s5995,Movie,Dramas
s5995,Movie,Thrillers
s5996,TV Show,International TV Shows
s5996,TV Show,TV Dramas
s5997,Movie,Music & Musicals
s5998,Movie,Stand-Up Comedy
s5999,TV Show,Kids' TV
s5999,TV Show,Korean TV Shows
s6000,Movie,Children & Family Movies
s6001,Movie,Dramas
s6001,Movie,International Movies
s6001,Movie,Thrillers
s6002,Movie,Documentaries
s6003,Movie,Documentaries
s6003,Movie,Sports Movies
s6004,TV Show,Kids' TV
s6004,TV Show,TV Comedies
s6005,Movie,Action & Adventure
s6005,Movie,Dramas
s6006,TV Show,Anime Series
s6006,TV Show,International TV Shows
s6006,TV Show,Romantic TV Shows
s6007,Movie,Children & Family Movies
s6007,Movie,Dramas
s6007,Movie,International Movies
s6008,Movie,Action & Adventure
s6008,Movie,Comedies
s6008,Movie,International Movies
s6009,Movie,Dramas
s6009,Movie,Independent Movies
s6009,Movie,International Movies
s6010,TV Show,Reality TV
s6011,Movie,Dramas
s6011,Movie,International Movies
s6011,Movie,Thrillers
s6012,TV Show,Crime TV Shows
s6012,TV Show,TV Comedies
s6012,TV Show,TV Dramas
s6013,Movie,Dramas
s6013,Movie,Independent Movies
s6013,Movie,LGBTQ Movies
s6014,Movie,Children & Family Movies
s6014,Movie,Comedies
s6015,Movie,Children & Family Movies
s6015,Movie,Comedies
s6016,Movie,Action & Adventure
s6016,Movie,Comedies
s6017,Movie,Comedies
s6017,Movie,International Movies
s6017,Movie,Music & Musicals
s6018,Movie,Documentaries
s6019,Movie,Children & Family Movies
s6020,Movie,Horror Movies
s6020,Movie,Independent Movies
s6021,Movie,Dramas
s6021,Movie,International Movies
s6022,Movie,Dramas
s6022,Movie,Independent Movies
s6022,Movie,International Movies
s6023,Movie,Comedies
s6023,Movie,International Movies
s6023,Movie,Romantic Movies
s6024,TV Show,International TV Shows
s6024,TV Show,Romantic TV Shows
s6024,TV Show,Spanish-Language TV Shows
s6025,Movie,Dramas
s6025,Movie,Thrillers
s6026,Movie,Action & Adventure
s6026,Movie,Sci-Fi & Fantasy
s6027,Movie,Action & Adventure
s6027,Movie,Sci-Fi & Fantasy
s6028,Movie,Documentaries
s6028,Movie,International Movies
s6029,TV Show,International TV Shows
s6029,TV Show,Reality TV
s6030,TV Show,International TV Shows
s6030,TV Show,Reality TV
s6031,TV Show,International TV Shows
s6031,TV Show,Reality TV
s6032,TV Show,International TV Shows
s6032,TV Show,Reality TV
s6033,Movie,Horror Movies
s6033,Movie,Independent Movies
s6033,Movie,Thrillers
s6034,TV Show,Crime TV Shows
s6034,TV Show,Docuseries
s6034,TV Show,International TV Shows
s6035,Movie,Comedies
s6035,Movie,International Movies
s6035,Movie,Romantic Movies
s6036,Movie,Action & Adventure
s6036,Movie,International Movies
s6036,Movie,Music & Musicals
s6037,TV Show,Kids' TV
s6037,TV Show,TV Comedies
s6038,Movie,Action & Adventure
s6038,Movie,International Movies
s6038,Movie,Music & Musicals
s6039,TV Show,TV Shows
s6040,Movie,Dramas
s6040,Movie,International Movies
s6041,Movie,Dramas
s6041,Movie,International Movies
s6042,Movie,International Movies
s6042,Movie,Thrillers
s6043,Movie,Comedies
s6043,Movie,International Movies
s6043,Movie,Romantic Movies
s6044,TV Show,TV Comedies
s6045,Movie,Dramas
s6045,Movie,International Movies
s6045,Movie,Romantic Movies
s6046,TV Show,International TV Shows
s6046,TV Show,Korean TV Shows
s6046,TV Show,Romantic TV Shows
s6047,TV Show,International TV Shows
s6047,TV Show,TV Dramas
s6048,TV Show,TV Action & Adventure
s6048,TV Show,TV Dramas
s6048,TV Show,TV Sci-Fi & Fantasy
s6049,Movie,Comedies
s6049,Movie,International Movies
s6050,Movie,Action & Adventure
s6050,Movie,Dramas
s6050,Movie,International Movies
s6051,TV Show,Docuseries
s6052,Movie,Documentaries
s6052,Movie,Sports Movies
s6053,Movie,Action & Adventure
s6054,Movie,Horror Movies
s6054,Movie,International Movies
s6055,Movie,Horror Movies
s6055,Movie,International Movies
s6056,TV Show,Crime TV Shows
s6056,TV Show,Docuseries
s6056,TV Show,International TV Shows
s6057,TV Show,TV Dramas
s6057,TV Show,TV Mysteries
s6057,TV Show,TV Sci-Fi & Fantasy
s6058,Movie,Action & Adventure
s6058,Movie,Dramas
s6058,Movie,International Movies
s6059,Movie,International Movies
s6059,Movie,Thrillers
s6060,TV Show,British TV Shows
s6060,TV Show,International TV Shows
s6060,TV Show,TV Dramas
s6061,Movie,Action & Adventure
s6061,Movie,Comedies
s6061,Movie,International Movies
s6062,Movie,Documentaries
s6062,Movie,International Movies
s6063,Movie,Dramas
s6063,Movie,Thrillers
s6064,TV Show,International TV Shows
s6064,TV Show,TV Dramas
s6065,Movie,Children & Family Movies
s6066,TV Show,Kids' TV
s6066,TV Show,TV Comedies
s6067,TV Show,Kids' TV
s6067,TV Show,TV Comedies
s6068,Movie,Children & Family Movies
s6069,TV Show,Kids' TV
s6070,Movie,Children & Family Movies
s6071,Movie,Dramas
s6071,Movie,International Movies
s6071,Movie,Sci-Fi & Fantasy
s6072,Movie,Comedies
s6072,Movie,Dramas
s6072,Movie,International Movies
s6073,Movie,Comedies
s6073,Movie,Music & Musicals
s6074,Movie,Action & Adventure
s6074,Movie,Dramas
s6074,Movie,International Movies
s6075,TV Show,Crime TV Shows
s6075,TV Show,Docuseries
s6075,TV Show,International TV Shows
s6076,Movie,Action & Adventure
s6076,Movie,Comedies
s6076,Movie,International Movies
s6077,TV Show,Reality TV
s6078,TV Show,Reality TV
s6079,Movie,Comedies
s6079,Movie,International Movies
s6079,Movie,Romantic Movies
s6080,Movie,Documentaries
s6081,Movie,Comedies
s6081,Movie,Dramas
s6081,Movie,Romantic Movies
s6082,Movie,Horror Movies
s6083,TV Show,Classic & Cult TV
s6083,TV Show,TV Comedies
s6084,Movie,Dramas
s6084,Movie,International Movies
s6084,Movie,Thrillers
s6085,Movie,Children & Family Movies
s6085,Movie,Comedies
s6086,Movie,Documentaries
s6087,Movie,Comedies
s6087,Movie,Dramas
s6087,Movie,International Movies
s6088,TV Show,International TV Shows
s6088,TV Show,Reality TV
s6089,Movie,Comedies
s6089,Movie,Dramas
s6089,Movie,International Movies
s6090,Movie,Dramas
s6090,Movie,Independent Movies
s6090,Movie,International Movies
s6091,Movie,Children & Family Movies
s6091,Movie,Comedies
s6092,Movie,Dramas
s6092,Movie,International Movies
s6093,Movie,Dramas
s6093,Movie,International Movies
s6094,Movie,Action & Adventure
s6094,Movie,Comedies
s6094,Movie,Independent Movies
s6095,Movie,Action & Adventure
s6096,Movie,Comedies
s6096,Movie,Dramas
s6096,Movie,Independent Movies
s6097,TV Show,Crime TV Shows
s6097,TV Show,TV Dramas
s6097,TV Show,TV Thrillers
s6098,Movie,Action & Adventure
s6099,Movie,Horror Movies
s6099,Movie,Independent Movies
s6099,Movie,Thrillers
s6100,Movie,Comedies
s6100,Movie,Dramas
s6100,Movie,International Movies
s6101,Movie,Documentaries
s6102,TV Show,Kids' TV
s6102,TV Show,TV Dramas
s6103,Movie,Comedies
s6103,Movie,Horror Movies
s6104,Movie,Comedies
s6104,Movie,Horror Movies
s6105,TV Show,Reality TV
s6105,TV Show,Romantic TV Shows
s6106,TV Show,Reality TV
s6106,TV Show,Romantic TV Shows
s6107,Movie,Dramas
s6108,Movie,Dramas
s6108,Movie,Independent Movies
s6108,Movie,Thrillers
s6109,Movie,Comedies
s6110,Movie,Documentaries
s6111,Movie,Comedies
s6111,Movie,Dramas
s6112,Movie,Dramas
s6113,Movie,Comedies
s6113,Movie,Horror Movies
s6113,Movie,International Movies
s6114,Movie,Action & Adventure
s6114,Movie,International Movies
s6115,TV Show,International TV Shows
s6115,TV Show,Spanish-Language TV Shows
s6115,TV Show,TV Dramas
s6116,Movie,Horror Movies
s6116,Movie,Thrillers
s6117,Movie,Documentaries
s6117,Movie,Sports Movies
s6118,Movie,Classic Movies
s6118,Movie,Documentaries
s6119,Movie,Comedies
s6119,Movie,International Movies
s6120,Movie,Action & Adventure
s6120,Movie,International Movies
s6121,Movie,Action & Adventure
s6121,Movie,International Movies
s6122,TV Show,International TV Shows
s6122,TV Show,TV Dramas
s6123,Movie,Documentaries
s6123,Movie,International Movies
s6124,Movie,Documentaries
s6124,Movie,International Movies
s6125,TV Show,Docuseries
s6125,TV Show,International TV Shows
s6125,TV Show,Science & Nature TV
s6126,Movie,Stand-Up Comedy
s6127,TV Show,British TV Shows
s6127,TV Show,Docuseries
s6127,TV Show,Science & Nature TV
s6128,TV Show,British TV Shows
s6128,TV Show,Reality TV
s6129,TV Show,British TV Shows
s6129,TV Show,International TV Shows
s6129,TV Show,Reality TV
s6130,TV Show,British TV Shows
s6130,TV Show,International TV Shows
s6130,TV Show,Reality TV
s6131,TV Show,Kids' TV
s6131,TV Show,TV Comedies
s6132,Movie,Documentaries
s6133,Movie,Horror Movies
s6133,Movie,International Movies
s6133,Movie,Thrillers
s6134,Movie,Documentaries
s6134,Movie,International Movies
s6135,Movie,Documentaries
s6135,Movie,International Movies
s6136,Movie,Action & Adventure
s6136,Movie,Dramas
s6136,Movie,International Movies
s6137,Movie,Documentaries
s6137,Movie,Music & Musicals
s6138,Movie,Dramas
s6138,Movie,International Movies
s6139,Movie,Horror Movies
s6140,Movie,Horror Movies
s6140,Movie,Independent Movies
s6140,Movie,Thrillers
s6141,TV Show,Crime TV Shows
s6141,TV Show,TV Dramas
s6141,TV Show,TV Thrillers
s6142,Movie,Classic Movies
s6142,Movie,Dramas
s6142,Movie,International Movies
s6143,Movie,Dramas
s6143,Movie,Sports Movies
s6144,Movie,Documentaries
s6145,Movie,Dramas
s6145,Movie,Independent Movies
s6145,Movie,International Movies
s6146,Movie,Dramas
s6146,Movie,International Movies
s6147,Movie,Dramas
s6147,Movie,Independent Movies
s6148,Movie,Horror Movies
s6148,Movie,International Movies
s6148,Movie,Thrillers
s6149,TV Show,British TV Shows
s6149,TV Show,Docuseries
s6149,TV Show,International TV Shows
s6150,Movie,Children & Family Movies
s6150,Movie,Dramas
s6150,Movie,Independent Movies
s6151,Movie,International Movies
s6151,Movie,Thrillers
s6152,Movie,Dramas
s6152,Movie,Independent Movies
s6153,Movie,Documentaries
s6154,TV Show,British TV Shows
s6154,TV Show,Docuseries
s6155,TV Show,International TV Shows
s6155,TV Show,TV Dramas
s6156,Movie,Action & Adventure
s6156,Movie,Sci-Fi & Fantasy
s6157,Movie,Comedies
s6157,Movie,Independent Movies
s6157,Movie,International Movies
s6158,TV Show,TV Dramas
s6159,TV Show,Kids' TV
s6159,TV Show,TV Comedies
s6160,Movie,Children & Family Movies
s6160,Movie,Comedies
s6161,Movie,Dramas
s6161,Movie,International Movies
s6161,Movie,Romantic Movies
s6162,TV Show,Reality TV
s6163,Movie,Action & Adventure
s6163,Movie,Comedies
s6163,Movie,Romantic Movies
s6164,Movie,Sci-Fi & Fantasy
s6164,Movie,Thrillers
s6165,Movie,Horror Movies
s6165,Movie,Independent Movies
s6165,Movie,Thrillers
s6166,Movie,Dramas
s6166,Movie,Independent Movies
s6166,Movie,International Movies
s6167,Movie,Children & Family Movies
s6167,Movie,Comedies
s6168,Movie,Children & Family Movies
s6168,Movie,Dramas
s6168,Movie,Independent Movies
s6169,Movie,Dramas
s6169,Movie,LGBTQ Movies
s6170,Movie,Documentaries
s6170,Movie,LGBTQ Movies
s6171,Movie,Action & Adventure
s6171,Movie,Independent Movies
s6172,Movie,Dramas
s6172,Movie,Thrillers
s6173,Movie,Dramas
s6173,Movie,Independent Movies
s6173,Movie,Sports Movies
s6174,Movie,Children & Family Movies
s6174,Movie,Dramas
s6174,Movie,International Movies
s6175,TV Show,Crime TV Shows
s6175,TV Show,International TV Shows
s6175,TV Show,TV Dramas
s6176,TV Show,Stand-Up Comedy & Talk Shows
s6176,TV Show,TV Comedies
s6177,Movie,Comedies
s6177,Movie,Dramas
s6177,Movie,Romantic Movies
s6178,Movie,Comedies
s6178,Movie,Independent Movies
s6178,Movie,International Movies
s6179,Movie,Dramas
s6179,Movie,International Movies
s6179,Movie,Music & Musicals
s6180,TV Show,International TV Shows
s6180,TV Show,Korean TV Shows
s6180,TV Show,Romantic TV Shows
s6181,Movie,Dramas
s6181,Movie,International Movies
s6181,Movie,Romantic Movies
s6182,Movie,Horror Movies
s6182,Movie,International Movies
s6182,Movie,Thrillers
s6183,Movie,Comedies
s6183,Movie,Dramas
s6183,Movie,International Movies
s6184,Movie,Action & Adventure
s6184,Movie,Sci-Fi & Fantasy
s6185,Movie,Comedies
s6185,Movie,Dramas
s6186,Movie,Comedies
s6186,Movie,International Movies
s6187,Movie,Action & Adventure
s6187,Movie,Dramas
s6187,Movie,International Movies
s6188,Movie,Dramas
s6188,Movie,Independent Movies
s6188,Movie,International Movies
s6189,TV Show,Docuseries
s6190,Movie,Dramas
s6190,Movie,International Movies
s6190,Movie,Romantic Movies
s6191,Movie,Horror Movies
s6191,Movie,Thrillers
s6192,Movie,Independent Movies
s6192,Movie,Thrillers
s6193,Movie,Documentaries
s6194,TV Show,Reality TV
s6194,TV Show,TV Comedies
s6195,Movie,Dramas
s6195,Movie,Independent Movies
s6195,Movie,International Movies
s6196,Movie,International Movies
s6196,Movie,Thrillers
s6197,TV Show,International TV Shows
s6197,TV Show,Reality TV
s6198,Movie,Dramas
s6198,Movie,Thrillers
s6199,Movie,Cult Movies
s6199,Movie,Horror Movies
s6200,Movie,Action & Adventure
s6200,Movie,Horror Movies
s6200,Movie,Sci-Fi & Fantasy
s6201,Movie,Documentaries
s6201,Movie,Sports Movies
s6202,Movie,Dramas
s6202,Movie,Faith & Spirituality
s6203,TV Show,International TV Shows
s6203,TV Show,Reality TV
s6204,TV Show,Kids' TV
s6205,Movie,Action & Adventure
s6205,Movie,Dramas
s6205,Movie,International Movies
s6206,Movie,Dramas
s6206,Movie,International Movies
s6206,Movie,Thrillers
s6207,TV Show,Crime TV Shows
s6207,TV Show,International TV Shows
s6207,TV Show,TV Dramas
s6208,TV Show,Reality TV
s6209,TV Show,International TV Shows
s6209,TV Show,Romantic TV Shows
s6209,TV Show,TV Comedies
s6210,Movie,Horror Movies
s6210,Movie,Thrillers
s6211,TV Show,Reality TV
s6212,TV Show,Docuseries
s6213,TV Show,International TV Shows
s6213,TV Show,Reality TV
s6214,Movie,Dramas
s6214,Movie,International Movies
s6214,Movie,Music & Musicals
s6215,Movie,Dramas
s6215,Movie,International Movies
s6215,Movie,Thrillers
s6216,TV Show,International TV Shows
s6216,TV Show,TV Dramas
s6216,TV Show,TV Mysteries
s6217,Movie,Dramas
s6217,Movie,Independent Movies
s6217,Movie,International Movies
s6218,Movie,Dramas
s6218,Movie,Faith & Spirituality
s6219,Movie,Children & Family Movies
s6219,Movie,Comedies
s6220,Movie,Children & Family Movies
s6220,Movie,Comedies
s6221,Movie,Children & Family Movies
s6221,Movie,Comedies
s6222,Movie,Classic Movies
s6222,Movie,Dramas
s6223,TV Show,Reality TV
s6224,TV Show,International TV Shows
s6224,TV Show,Reality TV
s6225,TV Show,International TV Shows
s6225,TV Show,Reality TV
s6226,Movie,Comedies
s6226,Movie,Dramas
s6226,Movie,Independent Movies
s6227,Movie,Documentaries
s6228,Movie,Action & Adventure
s6228,Movie,Comedies
s6228,Movie,Dramas
s6229,Movie,Action & Adventure
s6229,Movie,Sci-Fi & Fantasy
s6230,TV Show,Crime TV Shows
s6230,TV Show,International TV Shows
s6230,TV Show,Spanish-Language TV Shows
s6231,TV Show,British TV Shows
s6231,TV Show,Docuseries
s6231,TV Show,International TV Shows
s6232,Movie,Dramas
s6232,Movie,International Movies
s6232,Movie,Thrillers
s6233,TV Show,Stand-Up Comedy & Talk Shows
s6233,TV Show,TV Comedies
s6234,Movie,Dramas
s6234,Movie,International Movies
s6234,Movie,Thrillers
s6235,Movie,Dramas
s6235,Movie,Independent Movies
s6236,Movie,Comedies
s6236,Movie,Romantic Movies
s6237,Movie,Comedies
s6238,TV Show,Crime TV Shows
s6238,TV Show,Docuseries
s6239,TV Show,Crime TV Shows
s6239,TV Show,Docuseries
s6240,Movie,Comedies
s6240,Movie,Dramas
s6240,Movie,Independent Movies
s6241,TV Show,International TV Shows
s6241,TV Show,TV Dramas
s6242,Movie,Dramas
s6242,Movie,International Movies
s6242,Movie,Sci-Fi & Fantasy
s6243,Movie,Horror Movies
s6243,Movie,Thrillers
s6244,Movie,Comedies
s6244,Movie,International Movies
s6244,Movie,Thrillers
s6245,TV Show,International TV Shows
s6245,TV Show,Romantic TV Shows
s6245,TV Show,TV Dramas
s6246,Movie,Horror Movies
s6246,Movie,Thrillers
s6247,TV Show,International TV Shows
s6247,TV Show,Korean TV Shows
s6247,TV Show,TV Comedies
s6248,Movie,Documentaries
s6249,TV Show,Docuseries
s6249,TV Show,International TV Shows
s6250,Movie,Action & Adventure
s6250,Movie,International Movies
s6251,TV Show,Crime TV Shows
s6251,TV Show,International TV Shows
s6251,TV Show,TV Dramas
s6252,Movie,Dramas
s6252,Movie,International Movies
s6253,Movie,Children & Family Movies
s6253,Movie,Comedies
s6254,Movie,Action & Adventure
s6254,Movie,Cult Movies
s6254,Movie,Sci-Fi & Fantasy
s6255,TV Show,British TV Shows
s6255,TV Show,International TV Shows
s6255,TV Show,TV Dramas
s6256,Movie,Comedies
s6256,Movie,Cult Movies
s6256,Movie,International Movies
s6257,Movie,Classic Movies
s6257,Movie,Independent Movies
s6257,Movie,Thrillers
s6258,Movie,Documentaries
s6258,Movie,International Movies
s6259,TV Show,Docuseries
s6259,TV Show,International TV Shows
s6260,TV Show,TV Comedies
s6260,TV Show,TV Mysteries
s6261,TV Show,Docuseries
s6261,TV Show,Science & Nature TV
s6262,Movie,Comedies
s6263,Movie,Thrillers
s6264,Movie,Dramas
s6264,Movie,International Movies
s6265,Movie,Dramas
s6265,Movie,International Movies
s6265,Movie,Romantic Movies
s6266,Movie,Dramas
s6266,Movie,International Movies
s6266,Movie,LGBTQ Movies
s6267,Movie,Children & Family Movies
s6268,TV Show,TV Action & Adventure
s6268,TV Show,TV Dramas
s6268,TV Show,TV Sci-Fi & Fantasy
s6269,Movie,Dramas
s6269,Movie,International Movies
s6270,Movie,Action & Adventure
s6270,Movie,Independent Movies
s6270,Movie,International Movies
s6271,Movie,Horror Movies
s6271,Movie,Thrillers
s6272,Movie,Dramas
s6273,Movie,Documentaries
s6273,Movie,Sports Movies
s6274,TV Show,Crime TV Shows
s6274,TV Show,Docuseries
s6274,TV Show,International TV Shows
s6275,TV Show,Kids' TV
s6275,TV Show,TV Comedies
s6276,Movie,Horror Movies
s6276,Movie,International Movies
s6277,TV Show,International TV Shows
s6277,TV Show,TV Dramas
s6278,Movie,Action & Adventure
s6278,Movie,International Movies
s6279,Movie,Documentaries
s6279,Movie,LGBTQ Movies
s6280,Movie,Dramas
s6280,Movie,International Movies
s6281,Movie,Comedies
s6281,Movie,Dramas
s6281,Movie,Independent Movies
s6282,Movie,Action & Adventure
s6283,Movie,Action & Adventure
s6284,Movie,Action & Adventure
s6284,Movie,International Movies
s6285,TV Show,Kids' TV
s6286,TV Show,Crime TV Shows
s6286,TV Show,International TV Shows
s6286,TV Show,TV Dramas
s6287,TV Show,Stand-Up Comedy & Talk Shows
s6287,TV Show,TV Comedies
s6288,Movie,International Movies
s6288,Movie,Thrillers
s6289,Movie,Dramas
s6289,Movie,Thrillers
s6290,Movie,Dramas
s6290,Movie,International Movies
s6291,Movie,Horror Movies
s6291,Movie,Thrillers
s6292,Movie,Dramas
s6292,Movie,Thrillers
s6293,Movie,Documentaries
s6293,Movie,Horror Movies
s6294,Movie,Horror Movies
s6294,Movie,Thrillers
s6295,TV Show,Anime Series
s6296,TV Show,Crime TV Shows
s6296,TV Show,Docuseries
s6297,TV Show,International TV Shows
s6297,TV Show,Romantic TV Shows
s6297,TV Show,TV Mysteries
s6298,Movie,Documentaries
s6299,Movie,Dramas
s6299,Movie,International Movies
s6300,Movie,Horror Movies
s6300,Movie,Sci-Fi & Fantasy
s6300,Movie,Thrillers
s6301,Movie,Comedies
s6301,Movie,Dramas
s6301,Movie,Music & Musicals
s6302,TV Show,Crime TV Shows
s6302,TV Show,Docuseries
s6303,Movie,Comedies
s6303,Movie,Dramas
s6304,TV Show,Anime Series
s6304,TV Show,International TV Shows
s6304,TV Show,Teen TV Shows
s6305,TV Show,Anime Series
s6305,TV Show,International TV Shows
s6306,Movie,Dramas
s6306,Movie,Independent Movies
s6306,Movie,Romantic Movies
s6307,Movie,Comedies
s6307,Movie,Dramas
s6307,Movie,International Movies
s6308,Movie,Action & Adventure
s6308,Movie,Comedies
s6309,Movie,Horror Movies
s6309,Movie,International Movies
s6310,Movie,Horror Movies
s6310,Movie,International Movies
s6311,TV Show,Kids' TV
s6311,TV Show,TV Action & Adventure
s6311,TV Show,TV Sci-Fi & Fantasy
s6312,TV Show,International TV Shows
s6312,TV Show,Romantic TV Shows
s6312,TV Show,TV Dramas
s6313,TV Show,International TV Shows
s6313,TV Show,TV Dramas
s6314,Movie,Dramas
s6314,Movie,International Movies
s6315,Movie,Thrillers
s6316,Movie,Dramas
s6316,Movie,International Movies
s6316,Movie,Thrillers
s6317,TV Show,International TV Shows
s6317,TV Show,TV Comedies
s6318,TV Show,British TV Shows
s6318,TV Show,International TV Shows
s6318,TV Show,TV Comedies
s6319,Movie,Dramas
s6320,Movie,Action & Adventure
s6320,Movie,Comedies
s6321,Movie,Action & Adventure
s6321,Movie,Comedies
s6322,TV Show,Crime TV Shows
s6322,TV Show,International TV Shows
s6322,TV Show,TV Action & Adventure
s6323,TV Show,International TV Shows
s6323,TV Show,TV Dramas
s6324,Movie,Documentaries
s6324,Movie,International Movies
s6325,Movie,Comedies
s6325,Movie,Dramas
s6326,Movie,Dramas
s6326,Movie,International Movies
s6327,TV Show,Docuseries
s6328,Movie,Dramas
s6328,Movie,International Movies
s6329,Movie,Action & Adventure
s6329,Movie,Comedies
s6329,Movie,International Movies
s6330,Movie,Action & Adventure
s6330,Movie,Anime Features
s6330,Movie,International Movies
s6331,TV Show,British TV Shows
s6331,TV Show,International TV Shows
s6331,TV Show,TV Comedies
s6332,Movie,Dramas
s6332,Movie,Independent Movies
s6333,Movie,Independent Movies
s6333,Movie,Sci-Fi & Fantasy
s6333,Movie,Thrillers
s6334,Movie,Dramas
s6334,Movie,Independent Movies
s6334,Movie,International Movies
s6335,TV Show,British TV Shows
s6335,TV Show,International TV Shows
s6335,TV Show,TV Dramas
s6336,TV Show,Kids' TV
s6336,TV Show,TV Comedies
s6337,TV Show,Kids' TV
s6337,TV Show,TV Action & Adventure
s6337,TV Show,TV Comedies
s6338,Movie,Classic Movies
s6338,Movie,Cult Movies
s6338,Movie,Horror Movies
s6339,Movie,Dramas
s6339,Movie,Romantic Movies
s6340,TV Show,Kids' TV
s6340,TV Show,TV Comedies
s6340,TV Show,Teen TV Shows
s6341,Movie,Horror Movies
s6341,Movie,Independent Movies
s6342,Movie,Comedies
s6343,Movie,Action & Adventure
s6343,Movie,Comedies
s6344,TV Show,International TV Shows
s6344,TV Show,TV Dramas
s6345,TV Show,British TV Shows
s6345,TV Show,Crime TV Shows
s6345,TV Show,TV Dramas
s6346,Movie,Documentaries
s6346,Movie,International Movies
s6347,Movie,Comedies
s6347,Movie,Independent Movies
s6347,Movie,LGBTQ Movies
s6348,TV Show,International TV Shows
s6348,TV Show,Romantic TV Shows
s6348,TV Show,TV Dramas
s6349,Movie,Dramas
s6349,Movie,Sports Movies
s6350,Movie,Horror Movies
s6350,Movie,International Movies
s6350,Movie,Thrillers
s6351,Movie,Horror Movies
s6352,TV Show,Reality TV
s6353,Movie,Dramas
s6353,Movie,International Movies
s6354,Movie,Dramas
s6354,Movie,Independent Movies
s6355,Movie,Comedies
s6355,Movie,International Movies
s6356,Movie,Comedies
s6357,TV Show,British TV Shows
s6357,TV Show,Crime TV Shows
s6357,TV Show,TV Dramas
s6358,Movie,Action & Adventure
s6358,Movie,Cult Movies
s6358,Movie,International Movies
s6359,TV Show,TV Comedies
s6360,TV Show,Crime TV Shows
s6360,TV Show,TV Action & Adventure
s6360,TV Show,TV Sci-Fi & Fantasy
s6361,Movie,Children & Family Movies
s6361,Movie,Comedies
s6362,Movie,Children & Family Movies
s6362,Movie,Comedies
s6362,Movie,Romantic Movies
s6363,Movie,Dramas
s6363,Movie,Independent Movies
s6364,Movie,Action & Adventure
s6364,Movie,Dramas
s6364,Movie,International Movies
s6365,Movie,Action & Adventure
s6365,Movie,Sci-Fi & Fantasy
s6366,Movie,Documentaries
s6367,Movie,Action & Adventure
s6367,Movie,International Movies
s6368,Movie,Horror Movies
s6368,Movie,Independent Movies
s6369,Movie,Dramas
s6369,Movie,International Movies
s6369,Movie,Thrillers
s6370,TV Show,Crime TV Shows
s6370,TV Show,International TV Shows
s6370,TV Show,TV Dramas
s6371,Movie,Horror Movies
s6372,Movie,Comedies
s6372,Movie,Dramas
s6372,Movie,Independent Movies
s6373,TV Show,TV Dramas
s6374,Movie,Dramas
s6375,TV Show,British TV Shows
s6375,TV Show,Crime TV Shows
s6375,TV Show,International TV Shows
s6376,Movie,Documentaries
s6376,Movie,Sports Movies
s6377,TV Show,Crime TV Shows
s6377,TV Show,International TV Shows
s6377,TV Show,TV Dramas
s6378,Movie,Dramas
s6378,Movie,Thrillers
s6379,Movie,Comedies
s6379,Movie,Dramas
s6379,Movie,Independent Movies
s6380,TV Show,British TV Shows
s6380,TV Show,Kids' TV
s6381,Movie,International Movies
s6381,Movie,Thrillers
s6382,TV Show,Docuseries
s6382,TV Show,International TV Shows
s6382,TV Show,Science & Nature TV
s6383,TV Show,Romantic TV Shows
s6383,TV Show,TV Comedies
s6383,TV Show,TV Dramas
s6384,Movie,Documentaries
s6384,Movie,Sports Movies
s6385,Movie,Anime Features
s6385,Movie,International Movies
s6385,Movie,Romantic Movies
s6386,TV Show,Kids' TV
s6386,TV Show,TV Comedies
s6387,Movie,Comedies
s6387,Movie,Dramas
s6387,Movie,International Movies
s6388,Movie,Documentaries
s6388,Movie,Sports Movies
s6389,TV Show,TV Dramas
s6390,Movie,Comedies
s6390,Movie,International Movies
s6391,TV Show,International TV Shows
s6391,TV Show,TV Dramas
s6391,TV Show,TV Mysteries
s6392,Movie,Dramas
s6392,Movie,Independent Movies
s6392,Movie,Thrillers
s6393,Movie,Dramas
s6393,Movie,International Movies
s6394,TV Show,International TV Shows
s6394,TV Show,TV Dramas
s6394,TV Show,TV Mysteries
s6395,Movie,International Movies
s6395,Movie,Romantic Movies
s6396,Movie,Dramas
s6396,Movie,Independent Movies
s6396,Movie,International Movies
s6397,Movie,Dramas
s6397,Movie,Thrillers
s6398,TV Show,International TV Shows
s6398,TV Show,TV Dramas
s6399,TV Show,Docuseries
s6399,TV Show,International TV Shows
s6400,Movie,Horror Movies
s6400,Movie,Independent Movies
s6400,Movie,International Movies
s6401,TV Show,Crime TV Shows
s6401,TV Show,International TV Shows
s6401,TV Show,Spanish-Language TV Shows
s6402,Movie,Comedies
s6402,Movie,Dramas
s6402,Movie,Romantic Movies
s6403,TV Show,Crime TV Shows
s6403,TV Show,TV Comedies
s6403,TV Show,TV Dramas
s6404,TV Show,Crime TV Shows
s6404,TV Show,International TV Shows
s6404,TV Show,TV Dramas
s6405,Movie,Dramas
s6405,Movie,Independent Movies
s6405,Movie,Thrillers
s6406,TV Show,TV Comedies
s6407,Movie,Comedies
s6408,TV Show,Reality TV
s6409,Movie,Dramas
s6409,Movie,Faith & Spirituality
s6410,Movie,Dramas
s6410,Movie,Faith & Spirituality
s6411,Movie,Dramas
s6411,Movie,Faith & Spirituality
s6412,Movie,Dramas
s6412,Movie,Faith & Spirituality
s6413,TV Show,International TV Shows
s6413,TV Show,TV Dramas
s6414,Movie,Action & Adventure
s6414,Movie,Dramas
s6414,Movie,International Movies
s6415,Movie,Action & Adventure
s6415,Movie,Dramas
s6415,Movie,International Movies
s6416,TV Show,British TV Shows
s6416,TV Show,Reality TV
s6417,TV Show,British TV Shows
s6417,TV Show,Reality TV
s6418,TV Show,British TV Shows
s6418,TV Show,Reality TV
s6419,TV Show,British TV Shows
s6419,TV Show,Reality TV
s6420,Movie,Action & Adventure
s6420,Movie,Classic Movies
s6420,Movie,Cult Movies
s6421,Movie,Documentaries
s6422,TV Show,Crime TV Shows
s6422,TV Show,International TV Shows
s6422,TV Show,Spanish-Language TV Shows
s6423,Movie,Action & Adventure
s6423,Movie,Comedies
s6423,Movie,Dramas
s6424,Movie,Action & Adventure
s6424,Movie,Dramas
s6425,TV Show,British TV Shows
s6425,TV Show,Crime TV Shows
s6425,TV Show,International TV Shows
s6426,Movie,Action & Adventure
s6426,Movie,Comedies
s6427,Movie,Horror Movies
s6427,Movie,Independent Movies
s6428,Movie,Children & Family Movies
s6428,Movie,Comedies
s6429,Movie,Dramas
s6429,Movie,Romantic Movies
s6430,TV Show,International TV Shows
s6430,TV Show,TV Horror
s6430,TV Show,TV Mysteries
s6431,TV Show,TV Comedies
s6432,Movie,Comedies
s6432,Movie,Dramas
s6432,Movie,LGBTQ Movies
s6433,Movie,Action & Adventure
s6433,Movie,Comedies
s6434,Movie,Action & Adventure
s6435,Movie,Action & Adventure
s6435,Movie,Thrillers
s6436,TV Show,TV Shows
s6437,Movie,Dramas
s6437,Movie,International Movies
s6437,Movie,Thrillers
s6438,Movie,Horror Movies
s6439,TV Show,Kids' TV
s6439,TV Show,TV Comedies
s6439,TV Show,TV Sci-Fi & Fantasy
s6440,TV Show,TV Dramas
s6440,TV Show,TV Horror
s6440,TV Show,TV Mysteries
s6441,TV Show,TV Dramas
s6441,TV Show,TV Horror
s6441,TV Show,TV Mysteries
s6442,Movie,Horror Movies
s6442,Movie,Thrillers
s6443,Movie,Children & Family Movies
s6443,Movie,Dramas
s6443,Movie,Faith & Spirituality
s6444,TV Show,Kids' TV
s6444,TV Show,TV Comedies
s6444,TV Show,TV Dramas
s6445,Movie,Comedies
s6445,Movie,Dramas
s6445,Movie,International Movies
s6446,Movie,Comedies
s6446,Movie,Romantic Movies
s6447,Movie,Documentaries
s6448,Movie,Dramas
s6449,Movie,Horror Movies
s6450,Movie,Dramas
s6450,Movie,International Movies
s6451,Movie,Dramas
s6451,Movie,Independent Movies
s6452,Movie,Dramas
s6453,Movie,Action & Adventure
s6453,Movie,Comedies
s6453,Movie,Independent Movies
s6454,TV Show,International TV Shows
s6454,TV Show,TV Comedies
s6454,TV Show,TV Dramas
s6455,Movie,Dramas
s6455,Movie,Romantic Movies
s6456,TV Show,Docuseries
s6457,TV Show,Kids' TV
s6457,TV Show,TV Thrillers
s6458,Movie,Action & Adventure
s6459,TV Show,Stand-Up Comedy & Talk Shows
s6460,Movie,Comedies
s6460,Movie,Faith & Spirituality
s6460,Movie,International Movies
s6461,TV Show,International TV Shows
s6461,TV Show,Korean TV Shows
s6461,TV Show,Reality TV
s6462,TV Show,Stand-Up Comedy & Talk Shows
s6462,TV Show,TV Comedies
s6463,TV Show,International TV Shows
s6463,TV Show,Romantic TV Shows
s6463,TV Show,TV Comedies
s6464,Movie,Horror Movies
s6464,Movie,International Movies
s6464,Movie,Thrillers
s6465,TV Show,International TV Shows
s6465,TV Show,Spanish-Language TV Shows
s6465,TV Show,TV Comedies
s6466,Movie,Movies
s6467,Movie,Documentaries
s6468,TV Show,International TV Shows
s6468,TV Show,Reality TV
s6469,Movie,Dramas
s6469,Movie,International Movies
s6469,Movie,Romantic Movies
s6470,Movie,Documentaries
s6470,Movie,International Movies
s6470,Movie,Music & Musicals
s6471,Movie,Action & Adventure
s6471,Movie,Sci-Fi & Fantasy
s6472,Movie,Dramas
s6472,Movie,Independent Movies
s6473,Movie,Comedies
s6473,Movie,Dramas
s6474,TV Show,British TV Shows
s6474,TV Show,Docuseries
s6474,TV Show,Science & Nature TV
s6475,Movie,Action & Adventure
s6476,Movie,Documentaries
s6476,Movie,Sports Movies
s6477,TV Show,TV Action & Adventure
s6477,TV Show,TV Dramas
s6477,TV Show,TV Sci-Fi & Fantasy
s6478,TV Show,Anime Series
s6478,TV Show,International TV Shows
s6478,TV Show,Spanish-Language TV Shows
s6479,TV Show,TV Comedies
s6480,Movie,Action & Adventure
s6480,Movie,Sci-Fi & Fantasy
s6481,Movie,Dramas
s6482,TV Show,International TV Shows
s6482,TV Show,TV Dramas
s6483,TV Show,Kids' TV
s6483,TV Show,TV Comedies
s6484,TV Show,British TV Shows
s6484,TV Show,TV Comedies
s6485,Movie,International Movies
s6485,Movie,Sci-Fi & Fantasy
s6485,Movie,Thrillers
s6486,Movie,Comedies
s6486,Movie,Independent Movies
s6486,Movie,Romantic Movies
s6487,Movie,Children & Family Movies
s6488,Movie,Children & Family Movies
s6488,Movie,Comedies
s6489,TV Show,Crime TV Shows
s6489,TV Show,International TV Shows
s6489,TV Show,TV Comedies
s6490,Movie,Children & Family Movies
s6490,Movie,Dramas
s6491,Movie,Horror Movies
s6491,Movie,International Movies
s6492,Movie,Comedies
s6492,Movie,Dramas
s6493,TV Show,Crime TV Shows
s6493,TV Show,International TV Shows
s6493,TV Show,Spanish-Language TV Shows
s6494,TV Show,Crime TV Shows
s6494,TV Show,Docuseries
s6495,TV Show,Crime TV Shows
s6495,TV Show,Docuseries
s6496,TV Show,British TV Shows
s6496,TV Show,International TV Shows
s6496,TV Show,Romantic TV Shows
s6497,Movie,Dramas
s6497,Movie,International Movies
s6497,Movie,Thrillers
s6498,Movie,Dramas
s6498,Movie,International Movies
s6499,Movie,Dramas
s6499,Movie,International Movies
s6499,Movie,Sports Movies
s6500,Movie,Cult Movies
s6500,Movie,Dramas
s6500,Movie,Thrillers
s6501,Movie,Comedies
s6501,Movie,Dramas
s6501,Movie,International Movies
s6502,Movie,Comedies
s6502,Movie,Romantic Movies
s6503,TV Show,British TV Shows
s6503,TV Show,Crime TV Shows
s6503,TV Show,Docuseries
s6504,Movie,International Movies
s6504,Movie,Thrillers
s6505,Movie,International Movies
s6505,Movie,Thrillers
s6506,Movie,Horror Movies
s6506,Movie,Independent Movies
s6506,Movie,Thrillers
s6507,TV Show,Crime TV Shows
s6507,TV Show,Docuseries
s6508,Movie,Dramas
s6509,Movie,Documentaries
s6510,Movie,Dramas
s6510,Movie,International Movies
s6511,TV Show,Anime Series
s6511,TV Show,International TV Shows
s6511,TV Show,Teen TV Shows
s6512,Movie,Dramas
s6512,Movie,International Movies
s6512,Movie,Thrillers
s6513,TV Show,British TV Shows
s6513,TV Show,Classic & Cult TV
s6513,TV Show,International TV Shows
s6514,Movie,Documentaries
s6515,Movie,Documentaries
s6515,Movie,International Movies
s6516,TV Show,Docuseries
s6516,TV Show,International TV Shows
s6516,TV Show,Spanish-Language TV Shows
s6517,Movie,Comedies
s6517,Movie,Dramas
s6517,Movie,Romantic Movies
s6518,TV Show,Stand-Up Comedy & Talk Shows
s6518,TV Show,TV Comedies
s6519,Movie,Dramas
s6520,TV Show,Crime TV Shows
s6520,TV Show,International TV Shows
s6520,TV Show,TV Dramas
s6521,TV Show,Kids' TV
s6522,Movie,Dramas
s6522,Movie,International Movies
s6523,TV Show,International TV Shows
s6523,TV Show,Korean TV Shows
s6523,TV Show,Romantic TV Shows
s6524,Movie,Children & Family Movies
s6524,Movie,Dramas
s6525,TV Show,Crime TV Shows
s6525,TV Show,Docuseries
s6525,TV Show,TV Mysteries
s6526,Movie,Dramas
s6526,Movie,Thrillers
s6527,Movie,Action & Adventure
s6527,Movie,International Movies
s6528,Movie,Dramas
s6528,Movie,Independent Movies
s6528,Movie,Thrillers
s6529,Movie,Dramas
s6529,Movie,Independent Movies
s6530,TV Show,Reality TV
s6531,Movie,Dramas
s6532,TV Show,Crime TV Shows
s6532,TV Show,International TV Shows
s6532,TV Show,Korean TV Shows
s6533,TV Show,International TV Shows
s6533,TV Show,TV Action & Adventure
s6533,TV Show,TV Dramas
s6534,Movie,Dramas
s6534,Movie,International Movies
s6535,TV Show,International TV Shows
s6535,TV Show,Spanish-Language TV Shows
s6535,TV Show,TV Horror
s6536,Movie,Comedies
s6536,Movie,Romantic Movies
s6537,Movie,Comedies
s6537,Movie,Romantic Movies
s6538,Movie,Dramas
s6538,Movie,International Movies
s6538,Movie,Romantic Movies
s6539,Movie,Children & Family Movies
s6539,Movie,Comedies
s6539,Movie,Romantic Movies
s6540,TV Show,TV Comedies
s6540,TV Show,TV Dramas
s6541,TV Show,Romantic TV Shows
s6541,TV Show,TV Dramas
s6542,TV Show,International TV Shows
s6542,TV Show,Korean TV Shows
s6542,TV Show,TV Dramas
s6543,Movie,Dramas
s6543,Movie,Romantic Movies
s6543,Movie,Sci-Fi & Fantasy
s6544,Movie,Children & Family Movies
s6544,Movie,Faith & Spirituality
s6545,Movie,Classic Movies
s6545,Movie,Dramas
s6545,Movie,International Movies
s6546,Movie,Dramas
s6546,Movie,Independent Movies
s6546,Movie,International Movies
s6547,TV Show,International TV Shows
s6547,TV Show,TV Comedies
s6547,TV Show,TV Sci-Fi & Fantasy
s6548,Movie,Comedies
s6548,Movie,Dramas
s6548,Movie,Independent Movies
s6549,Movie,Documentaries
s6549,Movie,International Movies
s6550,Movie,Children & Family Movies
s6550,Movie,Comedies
s6551,Movie,Action & Adventure
s6551,Movie,Children & Family Movies
s6551,Movie,Sci-Fi & Fantasy
s6552,Movie,Dramas
s6552,Movie,Independent Movies
s6552,Movie,International Movies
s6553,Movie,Action & Adventure
s6553,Movie,Comedies
s6554,TV Show,Docuseries
s6554,TV Show,TV Dramas
s6555,TV Show,Docuseries
s6556,Movie,Action & Adventure
s6556,Movie,Dramas
s6556,Movie,Independent Movies
s6557,Movie,Classic Movies
s6557,Movie,Dramas
s6558,Movie,Horror Movies
s6558,Movie,Independent Movies
s6558,Movie,Thrillers
s6559,Movie,Dramas
s6560,Movie,Comedies
s6560,Movie,International Movies
s6561,Movie,Dramas
s6561,Movie,International Movies
s6562,TV Show,Kids' TV
s6562,TV Show,TV Comedies
s6563,TV Show,British TV Shows
s6563,TV Show,International TV Shows
s6563,TV Show,TV Action & Adventure
s6564,Movie,Comedies
s6564,Movie,Dramas
s6565,Movie,Documentaries
s6566,TV Show,TV Comedies
s6567,TV Show,International TV Shows
s6567,TV Show,TV Comedies
s6568,Movie,Documentaries
s6569,Movie,Action & Adventure
s6569,Movie,International Movies
s6570,Movie,Documentaries
s6570,Movie,International Movies
s6571,Movie,Comedies
s6571,Movie,Romantic Movies
s6572,Movie,Dramas
s6572,Movie,Thrillers
s6573,Movie,Dramas
s6573,Movie,Sports Movies
s6574,TV Show,International TV Shows
s6574,TV Show,TV Comedies
s6574,TV Show,TV Dramas
s6575,Movie,Comedies
s6576,Movie,Comedies
s6576,Movie,Dramas
s6577,Movie,Comedies
s6577,Movie,International Movies
s6577,Movie,Romantic Movies
s6578,TV Show,Docuseries
s6578,TV Show,International TV Shows
s6578,TV Show,Spanish-Language TV Shows
s6579,Movie,Action & Adventure
s6579,Movie,Comedies
s6579,Movie,Dramas
s6580,Movie,International Movies
s6580,Movie,Thrillers
s6581,Movie,Documentaries
s6582,Movie,Dramas
s6582,Movie,International Movies
s6583,TV Show,International TV Shows
s6583,TV Show,TV Action & Adventure
s6583,TV Show,TV Dramas
s6584,Movie,Documentaries
s6585,TV Show,Kids' TV
s6585,TV Show,TV Action & Adventure
s6585,TV Show,TV Sci-Fi & Fantasy
s6586,Movie,Comedies
s6586,Movie,Dramas
s6586,Movie,International Movies
s6587,TV Show,International TV Shows
s6587,TV Show,Romantic TV Shows
s6587,TV Show,TV Dramas
s6588,TV Show,International TV Shows
s6588,TV Show,TV Comedies
s6588,TV Show,TV Dramas
s6589,TV Show,British TV Shows
s6589,TV Show,International TV Shows
s6589,TV Show,TV Action & Adventure
s6590,Movie,Dramas
s6590,Movie,International Movies
s6591,TV Show,Crime TV Shows
s6591,TV Show,International TV Shows
s6591,TV Show,TV Dramas
s6592,TV Show,International TV Shows
s6592,TV Show,Korean TV Shows
s6592,TV Show,Romantic TV Shows
s6593,TV Show,TV Action & Adventure
s6593,TV Show,TV Dramas
s6594,TV Show,Crime TV Shows
s6594,TV Show,International TV Shows
s6594,TV Show,Korean TV Shows
s6595,Movie,Dramas
s6595,Movie,International Movies
s6596,Movie,Dramas
s6596,Movie,Independent Movies
s6596,Movie,International Movies
s6597,Movie,Dramas
s6597,Movie,International Movies
s6597,Movie,Romantic Movies
s6598,Movie,Dramas
s6598,Movie,International Movies
s6598,Movie,Romantic Movies
s6599,Movie,Dramas
s6599,Movie,International Movies
s6600,Movie,Comedies
s6600,Movie,Independent Movies
s6601,Movie,Children & Family Movies
s6601,Movie,Dramas
s6602,TV Show,International TV Shows
s6602,TV Show,TV Dramas
s6603,Movie,Children & Family Movies
s6604,Movie,Comedies
s6604,Movie,International Movies
s6605,Movie,Children & Family Movies
s6606,Movie,Dramas
s6606,Movie,International Movies
s6607,Movie,Dramas
s6607,Movie,International Movies
s6607,Movie,Thrillers
s6608,TV Show,Crime TV Shows
s6608,TV Show,TV Dramas
s6608,TV Show,TV Thrillers
s6609,Movie,Comedies
s6609,Movie,International Movies
s6609,Movie,Romantic Movies
s6610,Movie,Horror Movies
s6610,Movie,International Movies
s6611,Movie,Comedies
s6611,Movie,Music & Musicals
s6611,Movie,Sports Movies
s6612,Movie,Comedies
s6612,Movie,Independent Movies
s6613,Movie,Documentaries
s6613,Movie,Faith & Spirituality
s6614,Movie,Classic Movies
s6614,Movie,Comedies
s6614,Movie,Sports Movies
s6615,Movie,Comedies
s6615,Movie,Dramas
s6615,Movie,Sports Movies
s6616,Movie,Documentaries
s6616,Movie,International Movies
s6617,Movie,Action & Adventure
s6617,Movie,Sci-Fi & Fantasy
s6618,Movie,Action & Adventure
s6618,Movie,Sci-Fi & Fantasy
s6619,Movie,Dramas
s6619,Movie,International Movies
s6620,Movie,Dramas
s6620,Movie,Romantic Movies
s6621,Movie,Comedies
s6621,Movie,Dramas
s6621,Movie,Independent Movies
s6622,Movie,Dramas
s6622,Movie,International Movies
s6622,Movie,Romantic Movies
s6623,Movie,Comedies
s6623,Movie,Sports Movies
s6624,Movie,Action & Adventure
s6624,Movie,Comedies
s6624,Movie,Romantic Movies
s6625,Movie,Comedies
s6625,Movie,Dramas
s6625,Movie,Independent Movies
s6626,Movie,Documentaries
s6626,Movie,International Movies
s6627,Movie,Dramas
s6627,Movie,International Movies
s6628,Movie,Comedies
s6628,Movie,International Movies
s6628,Movie,Sci-Fi & Fantasy
s6629,Movie,Documentaries
s6630,TV Show,Kids' TV
s6631,TV Show,Kids' TV
s6632,Movie,Children & Family Movies
s6633,Movie,Children & Family Movies
s6634,Movie,Children & Family Movies
s6635,TV Show,TV Dramas
s6635,TV Show,TV Sci-Fi & Fantasy
s6636,Movie,Children & Family Movies
s6636,Movie,Comedies
s6636,Movie,Sports Movies
s6637,TV Show,British TV Shows
s6637,TV Show,Docuseries
s6637,TV Show,Science & Nature TV
s6638,Movie,Action & Adventure
s6638,Movie,Comedies
s6638,Movie,International Movies
s6639,Movie,Documentaries
s6639,Movie,Music & Musicals
s6640,Movie,Dramas
s6640,Movie,International Movies
s6641,Movie,Comedies
s6641,Movie,Horror Movies
s6641,Movie,International Movies
s6642,TV Show,International TV Shows
s6642,TV Show,Romantic TV Shows
s6642,TV Show,TV Dramas
s6643,Movie,Comedies
s6643,Movie,International Movies
s6643,Movie,Romantic Movies
s6644,Movie,Children & Family Movies
s6644,Movie,Documentaries
s6645,Movie,Action & Adventure
s6645,Movie,Romantic Movies
s6646,Movie,Children & Family Movies
s6646,Movie,Comedies
s6647,Movie,Dramas
s6647,Movie,Independent Movies
s6648,Movie,Dramas
s6648,Movie,International Movies
s6648,Movie,Sports Movies
s6649,Movie,Action & Adventure
s6649,Movie,Sci-Fi & Fantasy
s6650,Movie,Action & Adventure
s6650,Movie,Sci-Fi & Fantasy
s6651,Movie,Action & Adventure
s6651,Movie,Sci-Fi & Fantasy
s6652,Movie,Horror Movies
s6652,Movie,Independent Movies
s6652,Movie,International Movies
s6653,Movie,Documentaries
s6654,Movie,Dramas
s6654,Movie,International Movies
s6655,Movie,Documentaries
s6656,TV Show,Crime TV Shows
s6656,TV Show,International TV Shows
s6656,TV Show,TV Dramas
s6657,Movie,Dramas
s6657,Movie,International Movies
s6658,Movie,Classic Movies
s6658,Movie,Documentaries
s6659,Movie,Comedies
s6660,TV Show,International TV Shows
s6660,TV Show,Spanish-Language TV Shows
s6660,TV Show,TV Dramas
s6661,TV Show,TV Dramas
s6661,TV Show,TV Mysteries
s6661,TV Show,TV Sci-Fi & Fantasy
s6662,TV Show,Crime TV Shows
s6662,TV Show,International TV Shows
s6662,TV Show,TV Dramas
s6663,Movie,Comedies
s6663,Movie,Dramas
s6663,Movie,Independent Movies
s6664,Movie,Comedies
s6664,Movie,International Movies
s6665,TV Show,TV Comedies
s6666,Movie,Dramas
s6667,Movie,Documentaries
s6667,Movie,International Movies
s6668,Movie,Comedies
s6668,Movie,International Movies
s6669,TV Show,Docuseries
s6670,TV Show,Docuseries
s6670,TV Show,Science & Nature TV
s6671,Movie,Documentaries
s6672,TV Show,Kids' TV
s6672,TV Show,TV Comedies
s6673,TV Show,Crime TV Shows
s6673,TV Show,International TV Shows
s6673,TV Show,Spanish-Language TV Shows
s6674,TV Show,International TV Shows
s6674,TV Show,Spanish-Language TV Shows
s6674,TV Show,TV Action & Adventure
s6675,TV Show,International TV Shows
s6675,TV Show,Korean TV Shows
s6675,TV Show,TV Dramas
s6676,TV Show,Crime TV Shows
s6676,TV Show,International TV Shows
s6676,TV Show,TV Dramas
s6677,Movie,Action & Adventure
s6677,Movie,Dramas
s6677,Movie,International Movies
s6678,TV Show,International TV Shows
s6678,TV Show,TV Dramas
s6679,TV Show,TV Dramas
s6679,TV Show,TV Horror
s6679,TV Show,TV Mysteries
s6680,Movie,Dramas
s6680,Movie,International Movies
s6680,Movie,Romantic Movies
s6681,Movie,Documentaries
s6682,Movie,Dramas
s6682,Movie,Independent Movies
s6682,Movie,International Movies
s6683,Movie,Horror Movies
s6683,Movie,Independent Movies
s6684,Movie,Dramas
s6685,TV Show,Docuseries
s6686,Movie,Dramas
s6686,Movie,International Movies
s6686,Movie,Thrillers
s6687,TV Show,International TV Shows
s6687,TV Show,TV Comedies
s6687,TV Show,TV Dramas
s6688,Movie,Dramas
s6689,Movie,Documentaries
s6690,Movie,Comedies
s6690,Movie,Dramas
s6690,Movie,International Movies
s6691,TV Show,Docuseries
s6692,TV Show,Kids' TV
s6692,TV Show,TV Comedies
s6693,Movie,Children & Family Movies
s6693,Movie,Comedies
s6694,TV Show,British TV Shows
s6694,TV Show,Crime TV Shows
s6694,TV Show,Docuseries
s6695,Movie,Dramas
s6695,Movie,International Movies
s6695,Movie,Music & Musicals
s6696,TV Show,International TV Shows
s6696,TV Show,TV Dramas
s6697,Movie,Comedies
s6698,Movie,Comedies
s6698,Movie,Cult Movies
s6699,Movie,Classic Movies
s6699,Movie,Dramas
s6699,Movie,Sports Movies
s6700,Movie,Classic Movies
s6700,Movie,Documentaries
s6701,TV Show,International TV Shows
s6701,TV Show,Spanish-Language TV Shows
s6701,TV Show,TV Comedies
s6702,TV Show,Stand-Up Comedy & Talk Shows
s6702,TV Show,TV Comedies
s6703,Movie,Comedies
s6704,TV Show,Kids' TV
s6704,TV Show,TV Action & Adventure
s6704,TV Show,TV Sci-Fi & Fantasy
s6705,Movie,Comedies
s6705,Movie,Independent Movies
s6705,Movie,Romantic Movies
s6706,Movie,Action & Adventure
s6706,Movie,Dramas
s6706,Movie,Sports Movies
s6707,Movie,Dramas
s6707,Movie,International Movies
s6708,TV Show,Kids' TV
s6708,TV Show,Reality TV
s6708,TV Show,TV Dramas
s6709,Movie,Dramas
s6709,Movie,Independent Movies
s6710,Movie,Action & Adventure
s6710,Movie,International Movies
s6711,TV Show,TV Dramas
s6712,TV Show,Docuseries
s6713,Movie,Documentaries
s6713,Movie,International Movies
s6714,Movie,Children & Family Movies
s6714,Movie,Comedies
s6715,Movie,Children & Family Movies
s6716,TV Show,TV Dramas
s6716,TV Show,TV Mysteries
s6716,TV Show,TV Sci-Fi & Fantasy
s6717,TV Show,International TV Shows
s6717,TV Show,Romantic TV Shows
s6717,TV Show,TV Dramas
s6718,Movie,Independent Movies
s6718,Movie,International Movies
s6718,Movie,Thrillers
s6719,TV Show,TV Comedies
s6720,Movie,Action & Adventure
s6721,Movie,Documentaries
s6721,Movie,International Movies
s6722,TV Show,Kids' TV
s6723,Movie,Comedies
s6723,Movie,Dramas
s6723,Movie,Independent Movies
s6724,Movie,Comedies
s6724,Movie,International Movies
s6725,Movie,Horror Movies
s6725,Movie,Thrillers
s6726,TV Show,International TV Shows
s6726,TV Show,TV Dramas
s6726,TV Show,TV Horror
s6727,Movie,Stand-Up Comedy
s6728,TV Show,TV Dramas
s6728,TV Show,TV Horror
s6728,TV Show,TV Mysteries
s6729,Movie,Dramas
s6729,Movie,International Movies
s6729,Movie,Romantic Movies
s6730,Movie,Action & Adventure
s6730,Movie,Comedies
s6731,Movie,Documentaries
s6731,Movie,Music & Musicals
s6732,Movie,Classic Movies
s6732,Movie,Dramas
s6732,Movie,Independent Movies
s6733,Movie,Dramas
s6733,Movie,Romantic Movies
s6734,Movie,Comedies
s6735,Movie,Action & Adventure
s6735,Movie,Dramas
s6736,Movie,Movies
s6737,TV Show,Crime TV Shows
s6737,TV Show,International TV Shows
s6737,TV Show,Romantic TV Shows
s6738,Movie,Comedies
s6739,Movie,Comedies
s6739,Movie,International Movies
s6739,Movie,LGBTQ Movies
s6740,TV Show,International TV Shows
s6740,TV Show,TV Dramas
s6741,Movie,Dramas
s6741,Movie,International Movies
s6741,Movie,Thrillers
s6742,TV Show,TV Comedies
s6743,Movie,Action & Adventure
s6743,Movie,Comedies
s6744,Movie,Dramas
s6744,Movie,Independent Movies
s6744,Movie,LGBTQ Movies
s6745,Movie,Action & Adventure
s6746,Movie,Dramas
s6746,Movie,Thrillers
s6747,Movie,Comedies
s6747,Movie,Romantic Movies
s6748,Movie,Documentaries
s6748,Movie,International Movies
s6748,Movie,Sports Movies
s6749,Movie,Comedies
s6749,Movie,Dramas
s6749,Movie,International Movies
s6750,TV Show,International TV Shows
s6750,TV Show,Romantic TV Shows
s6750,TV Show,TV Comedies
s6751,Movie,Comedies
s6751,Movie,Dramas
s6751,Movie,International Movies
s6752,Movie,Horror Movies
s6752,Movie,LGBTQ Movies
s6752,Movie,Music & Musicals
s6753,Movie,Comedies
s6753,Movie,Dramas
s6754,Movie,Dramas
s6754,Movie,Music & Musicals
s6754,Movie,Romantic Movies
s6755,TV Show,Crime TV Shows
s6755,TV Show,Docuseries
s6756,Movie,Dramas
s6756,Movie,International Movies
s6757,Movie,Action & Adventure
s6757,Movie,Dramas
s6757,Movie,International Movies
s6758,Movie,Children & Family Movies
s6758,Movie,Comedies
s6759,Movie,Children & Family Movies
s6760,Movie,Dramas
s6761,Movie,Children & Family Movies
s6761,Movie,Comedies
s6762,Movie,Documentaries
s6763,Movie,Dramas
s6763,Movie,Independent Movies
s6764,Movie,International Movies
s6764,Movie,Thrillers
s6765,Movie,Dramas
s6765,Movie,International Movies
s6765,Movie,Thrillers
s6766,TV Show,International TV Shows
s6766,TV Show,TV Dramas
s6767,TV Show,Docuseries
s6768,Movie,Comedies
s6768,Movie,International Movies
s6769,Movie,Comedies
s6769,Movie,International Movies
s6770,Movie,Children & Family Movies
s6771,TV Show,TV Comedies
s6771,TV Show,TV Dramas
s6771,TV Show,Teen TV Shows
s6772,Movie,Comedies
s6772,Movie,Independent Movies
s6773,Movie,Documentaries
s6774,Movie,Comedies
s6774,Movie,Dramas
s6774,Movie,International Movies
s6775,Movie,Dramas
s6775,Movie,International Movies
s6776,Movie,Action & Adventure
s6777,Movie,Comedies
s6777,Movie,Romantic Movies
s6778,TV Show,International TV Shows
s6778,TV Show,TV Dramas
s6778,TV Show,Teen TV Shows
s6779,TV Show,International TV Shows
s6779,TV Show,Romantic TV Shows
s6779,TV Show,TV Comedies
s6780,Movie,Children & Family Movies
s6781,Movie,Children & Family Movies
s6781,Movie,Dramas
s6781,Movie,Romantic Movies
s6782,Movie,Children & Family Movies
s6782,Movie,Dramas
s6782,Movie,Romantic Movies
s6783,TV Show,International TV Shows
s6783,TV Show,Romantic TV Shows
s6783,TV Show,TV Dramas
s6784,Movie,Action & Adventure
s6784,Movie,Dramas
s6784,Movie,International Movies
s6785,Movie,Dramas
s6785,Movie,Independent Movies
s6786,Movie,Comedies
s6786,Movie,LGBTQ Movies
s6786,Movie,Music & Musicals
s6787,Movie,Dramas
s6788,TV Show,Anime Series
s6788,TV Show,International TV Shows
s6788,TV Show,TV Thrillers
s6789,TV Show,International TV Shows
s6789,TV Show,Romantic TV Shows
s6789,TV Show,TV Action & Adventure
s6790,Movie,Documentaries
s6791,Movie,Dramas
s6792,Movie,Documentaries
s6792,Movie,Sports Movies
s6793,TV Show,Docuseries
s6793,TV Show,Science & Nature TV
s6794,Movie,Cult Movies
s6794,Movie,Documentaries
s6794,Movie,LGBTQ Movies
s6795,TV Show,International TV Shows
s6795,TV Show,Spanish-Language TV Shows
s6795,TV Show,TV Dramas
s6796,TV Show,Crime TV Shows
s6796,TV Show,International TV Shows
s6796,TV Show,Spanish-Language TV Shows
s6797,TV Show,TV Dramas
s6798,Movie,Documentaries
s6799,TV Show,International TV Shows
s6799,TV Show,TV Dramas
s6799,TV Show,TV Mysteries
s6800,Movie,Children & Family Movies
s6800,Movie,Dramas
s6800,Movie,International Movies
s6801,Movie,Dramas
s6801,Movie,Thrillers
s6802,TV Show,TV Comedies
s6802,TV Show,TV Dramas
s6803,TV Show,Reality TV
s6804,Movie,Documentaries
s6804,Movie,International Movies
s6805,TV Show,British TV Shows
s6805,TV Show,Docuseries
s6805,TV Show,International TV Shows
s6806,Movie,Documentaries
s6806,Movie,Sports Movies
s6807,Movie,Documentaries
s6807,Movie,Sports Movies
s6808,Movie,Dramas
s6808,Movie,International Movies
s6808,Movie,Romantic Movies
s6809,Movie,Dramas
s6809,Movie,Thrillers
s6810,Movie,Documentaries
s6810,Movie,Sports Movies
s6811,Movie,Dramas
s6811,Movie,Independent Movies
s6811,Movie,International Movies
s6812,Movie,Dramas
s6812,Movie,Faith & Spirituality
s6813,Movie,Documentaries
s6813,Movie,Music & Musicals
s6814,TV Show,British TV Shows
s6814,TV Show,Reality TV
s6815,Movie,Dramas
s6815,Movie,International Movies
s6816,Movie,Documentaries
s6816,Movie,International Movies
s6817,Movie,Dramas
s6817,Movie,International Movies
s6818,TV Show,International TV Shows
s6818,TV Show,TV Dramas
s6818,TV Show,TV Horror
s6819,Movie,Horror Movies
s6819,Movie,International Movies
s6820,Movie,Action & Adventure
s6820,Movie,Comedies
s6821,Movie,Horror Movies
s6821,Movie,Independent Movies
s6821,Movie,Sci-Fi & Fantasy
s6822,Movie,Dramas
s6822,Movie,International Movies
s6822,Movie,Romantic Movies
s6823,Movie,Horror Movies
s6823,Movie,Thrillers
s6824,Movie,Dramas
s6824,Movie,International Movies
s6825,TV Show,British TV Shows
s6825,TV Show,Crime TV Shows
s6825,TV Show,Docuseries
s6826,TV Show,International TV Shows
s6826,TV Show,Romantic TV Shows
s6826,TV Show,TV Action & Adventure
s6827,Movie,Horror Movies
s6827,Movie,International Movies
s6827,Movie,Thrillers
s6828,Movie,Dramas
s6828,Movie,Independent Movies
s6829,Movie,Action & Adventure
s6830,TV Show,International TV Shows
s6830,TV Show,TV Dramas
s6831,Movie,Documentaries
s6831,Movie,International Movies
s6832,TV Show,International TV Shows
s6832,TV Show,Romantic TV Shows
s6832,TV Show,Spanish-Language TV Shows
s6833,Movie,Documentaries
s6833,Movie,International Movies
s6833,Movie,Music & Musicals
s6834,Movie,Thrillers
s6835,Movie,Horror Movies
s6835,Movie,International Movies
s6836,Movie,International Movies
s6836,Movie,Thrillers
s6837,Movie,Dramas
s6837,Movie,International Movies
s6837,Movie,Thrillers
s6838,Movie,Comedies
s6838,Movie,International Movies
s6838,Movie,Romantic Movies
s6839,TV Show,British TV Shows
s6839,TV Show,Docuseries
s6839,TV Show,International TV Shows
s6840,Movie,Children & Family Movies
s6840,Movie,Comedies
s6841,Movie,Comedies
s6841,Movie,Dramas
s6842,Movie,Dramas
s6842,Movie,Independent Movies
s6842,Movie,Music & Musicals
s6843,Movie,Dramas
s6843,Movie,Independent Movies
s6844,Movie,Documentaries
s6845,Movie,Dramas
s6845,Movie,International Movies
s6846,Movie,Dramas
s6847,Movie,Action & Adventure
s6848,Movie,Dramas
s6848,Movie,Independent Movies
s6848,Movie,International Movies
s6849,Movie,Comedies
s6849,Movie,Dramas
s6849,Movie,Independent Movies
s6850,TV Show,International TV Shows
s6850,TV Show,TV Dramas
s6850,TV Show,TV Mysteries
s6851,Movie,Comedies
s6851,Movie,Dramas
s6851,Movie,International Movies
s6852,Movie,Dramas
s6852,Movie,Thrillers
s6853,Movie,Dramas
s6854,TV Show,Crime TV Shows
s6854,TV Show,International TV Shows
s6854,TV Show,Spanish-Language TV Shows
s6855,Movie,Documentaries
s6856,Movie,Horror Movies
s6856,Movie,International Movies
s6857,Movie,Children & Family Movies
s6857,Movie,Comedies
s6858,Movie,Dramas
s6858,Movie,International Movies
s6859,TV Show,Anime Series
s6859,TV Show,International TV Shows
s6860,Movie,Action & Adventure
s6860,Movie,Anime Features
s6860,Movie,International Movies
s6861,Movie,Documentaries
s6862,TV Show,Docuseries
s6863,TV Show,TV Action & Adventure
s6863,TV Show,TV Dramas
s6863,TV Show,TV Sci-Fi & Fantasy
s6864,Movie,Comedies
s6864,Movie,International Movies
s6864,Movie,Music & Musicals
s6865,Movie,Children & Family Movies
s6865,Movie,Documentaries
s6865,Movie,Sports Movies
s6866,Movie,Dramas
s6867,Movie,Documentaries
s6867,Movie,Music & Musicals
s6868,Movie,Action & Adventure
s6868,Movie,Dramas
s6868,Movie,International Movies
s6869,Movie,Classic Movies
s6869,Movie,Comedies
s6869,Movie,Independent Movies
s6870,Movie,Sci-Fi & Fantasy
s6870,Movie,Thrillers
s6871,Movie,Horror Movies
s6871,Movie,Thrillers
s6872,Movie,Documentaries
s6872,Movie,International Movies
s6873,Movie,International Movies
s6873,Movie,Thrillers
s6874,Movie,Dramas
s6874,Movie,International Movies
s6874,Movie,Thrillers
s6875,Movie,Horror Movies
s6875,Movie,Independent Movies
s6875,Movie,International Movies
s6876,Movie,Dramas
s6876,Movie,International Movies
s6876,Movie,Romantic Movies
s6877,TV Show,Crime TV Shows
s6877,TV Show,TV Dramas
s6877,TV Show,TV Mysteries
s6878,Movie,Dramas
s6878,Movie,Independent Movies
s6878,Movie,International Movies
s6879,Movie,Dramas
s6879,Movie,International Movies
s6880,Movie,Action & Adventure
s6880,Movie,Children & Family Movies
s6880,Movie,Comedies
s6881,Movie,Children & Family Movies
s6881,Movie,Comedies
s6882,Movie,Children & Family Movies
s6882,Movie,Comedies
s6883,TV Show,Crime TV Shows
s6883,TV Show,International TV Shows
s6883,TV Show,TV Dramas
s6884,Movie,Documentaries
s6885,Movie,Dramas
s6886,TV Show,TV Dramas
s6886,TV Show,Teen TV Shows
s6887,Movie,Dramas
s6887,Movie,Independent Movies
s6887,Movie,International Movies
s6888,TV Show,International TV Shows
s6888,TV Show,Korean TV Shows
s6888,TV Show,TV Comedies
s6889,TV Show,International TV Shows
s6889,TV Show,Korean TV Shows
s6889,TV Show,TV Comedies
s6890,Movie,Action & Adventure
s6890,Movie,Romantic Movies
s6890,Movie,Sci-Fi & Fantasy
s6891,Movie,Dramas
s6891,Movie,Independent Movies
s6891,Movie,Romantic Movies
s6892,Movie,Documentaries
s6893,Movie,Children & Family Movies
s6894,Movie,Dramas
s6894,Movie,Independent Movies
s6894,Movie,International Movies
s6895,Movie,Children & Family Movies
s6895,Movie,Comedies
s6896,TV Show,International TV Shows
s6896,TV Show,TV Dramas
s6896,TV Show,TV Thrillers
s6897,Movie,Action & Adventure
s6897,Movie,Children & Family Movies
s6897,Movie,Comedies
s6898,Movie,Documentaries
s6898,Movie,International Movies
s6899,Movie,Documentaries
s6899,Movie,International Movies
s6900,Movie,Comedies
s6900,Movie,Dramas
s6900,Movie,Independent Movies
s6901,TV Show,Crime TV Shows
s6901,TV Show,Docuseries
s6901,TV Show,TV Mysteries
s6902,Movie,Dramas
s6902,Movie,Independent Movies
s6902,Movie,Thrillers
s6903,TV Show,Stand-Up Comedy & Talk Shows
s6903,TV Show,TV Comedies
s6904,Movie,Dramas
s6904,Movie,Independent Movies
s6904,Movie,Thrillers
s6905,Movie,Dramas
s6906,TV Show,Docuseries
s6907,TV Show,Docuseries
s6908,TV Show,International TV Shows
s6908,TV Show,TV Action & Adventure
s6908,TV Show,TV Dramas
s6909,TV Show,Crime TV Shows
s6909,TV Show,TV Dramas
s6909,TV Show,TV Mysteries
s6910,Movie,Thrillers
s6911,Movie,Action & Adventure
s6911,Movie,Comedies
s6911,Movie,International Movies
s6912,Movie,Action & Adventure
s6912,Movie,Comedies
s6912,Movie,International Movies
s6913,Movie,Documentaries
s6913,Movie,International Movies
s6914,Movie,Horror Movies
s6915,TV Show,Kids' TV
s6916,Movie,Action & Adventure
s6916,Movie,Comedies
s6916,Movie,International Movies
s6917,TV Show,Docuseries
s6917,TV Show,Science & Nature TV
s6918,Movie,Documentaries
s6919,Movie,Action & Adventure
s6919,Movie,International Movies
s6920,Movie,Action & Adventure
s6921,Movie,Dramas
s6921,Movie,Thrillers
s6922,Movie,Dramas
s6922,Movie,International Movies
s6923,TV Show,International TV Shows
s6923,TV Show,TV Dramas
s6924,Movie,Cult Movies
s6924,Movie,Horror Movies
s6924,Movie,Independent Movies
s6925,Movie,Dramas
s6925,Movie,Romantic Movies
s6926,Movie,Dramas
s6926,Movie,International Movies
s6927,Movie,Comedies
s6927,Movie,Dramas
s6927,Movie,International Movies
s6928,Movie,Documentaries
s6928,Movie,International Movies
s6929,Movie,Comedies
s6929,Movie,Dramas
s6929,Movie,Independent Movies
s6930,Movie,Documentaries
s6931,Movie,Action & Adventure
s6931,Movie,Sci-Fi & Fantasy
s6932,Movie,Dramas
s6932,Movie,Romantic Movies
s6932,Movie,Sci-Fi & Fantasy
s6933,Movie,Dramas
s6933,Movie,Sci-Fi & Fantasy
s6933,Movie,Thrillers
s6934,Movie,Action & Adventure
s6934,Movie,Romantic Movies
s6935,TV Show,Docuseries
s6935,TV Show,Reality TV
s6936,Movie,Documentaries
s6936,Movie,International Movies
s6937,TV Show,Crime TV Shows
s6937,TV Show,Docuseries
s6938,Movie,Comedies
s6939,Movie,Dramas
s6939,Movie,Independent Movies
s6939,Movie,International Movies
s6940,TV Show,Crime TV Shows
s6940,TV Show,International TV Shows
s6940,TV Show,TV Dramas
s6941,Movie,Dramas
s6942,TV Show,Crime TV Shows
s6942,TV Show,Docuseries
s6943,Movie,Comedies
s6943,Movie,International Movies
s6944,Movie,Dramas
s6944,Movie,Independent Movies
s6944,Movie,Sports Movies
s6945,Movie,Thrillers
s6946,Movie,Comedies
s6947,Movie,Thrillers
s6948,TV Show,Crime TV Shows
s6948,TV Show,International TV Shows
s6948,TV Show,TV Action & Adventure
s6949,Movie,Documentaries
s6949,Movie,International Movies
s6950,TV Show,Crime TV Shows
s6950,TV Show,International TV Shows
s6950,TV Show,TV Dramas
s6951,TV Show,TV Dramas
s6952,Movie,Action & Adventure
s6952,Movie,Comedies
s6953,TV Show,Crime TV Shows
s6953,TV Show,International TV Shows
s6953,TV Show,TV Dramas
s6954,TV Show,Classic & Cult TV
s6954,TV Show,TV Sci-Fi & Fantasy
s6955,Movie,Action & Adventure
s6955,Movie,Comedies
s6955,Movie,International Movies
s6956,Movie,Dramas
s6957,Movie,Comedies
s6957,Movie,Romantic Movies
s6958,TV Show,International TV Shows
s6958,TV Show,TV Dramas
s6959,TV Show,TV Action & Adventure
s6959,TV Show,TV Mysteries
s6959,TV Show,TV Sci-Fi & Fantasy
s6960,Movie,Horror Movies
s6960,Movie,International Movies
s6961,TV Show,International TV Shows
s6961,TV Show,TV Action & Adventure
s6961,TV Show,TV Dramas
s6962,TV Show,International TV Shows
s6962,TV Show,TV Dramas
s6962,TV Show,Teen TV Shows
s6963,TV Show,International TV Shows
s6963,TV Show,TV Dramas
s6963,TV Show,Teen TV Shows
s6964,TV Show,TV Comedies
s6964,TV Show,TV Dramas
s6965,TV Show,Docuseries
s6965,TV Show,Science & Nature TV
s6966,TV Show,Docuseries
s6966,TV Show,Science & Nature TV
s6967,Movie,Dramas
s6967,Movie,International Movies
s6968,Movie,Documentaries
s6969,TV Show,Kids' TV
s6969,TV Show,TV Thrillers
s6970,Movie,Dramas
s6970,Movie,International Movies
s6970,Movie,Romantic Movies
s6971,TV Show,International TV Shows
s6971,TV Show,Spanish-Language TV Shows
s6971,TV Show,TV Comedies
s6972,TV Show,International TV Shows
s6972,TV Show,TV Action & Adventure
s6972,TV Show,TV Mysteries
s6973,Movie,Documentaries
s6973,Movie,LGBTQ Movies
s6974,TV Show,Crime TV Shows
s6974,TV Show,International TV Shows
s6974,TV Show,TV Dramas
s6975,TV Show,TV Dramas
s6975,TV Show,TV Mysteries
s6975,TV Show,TV Sci-Fi & Fantasy
s6976,Movie,Thrillers
s6977,Movie,Horror Movies
s6977,Movie,Thrillers
s6978,Movie,Horror Movies
s6978,Movie,Thrillers
s6979,Movie,Comedies
s6979,Movie,International Movies
s6980,TV Show,Crime TV Shows
s6980,TV Show,International TV Shows
s6980,TV Show,TV Dramas
s6981,TV Show,Docuseries
s6982,Movie,Dramas
s6982,Movie,Independent Movies
s6982,Movie,International Movies
s6983,Movie,Dramas
s6983,Movie,Independent Movies
s6983,Movie,International Movies
s6984,TV Show,Classic & Cult TV
s6984,TV Show,TV Action & Adventure
s6984,TV Show,TV Dramas
s6985,Movie,Action & Adventure
s6985,Movie,Dramas
s6985,Movie,International Movies
s6986,Movie,International Movies
s6986,Movie,Sci-Fi & Fantasy
s6987,TV Show,Docuseries
s6988,Movie,International Movies
s6988,Movie,Thrillers
s6989,Movie,Dramas
s6989,Movie,International Movies
s6990,Movie,Children & Family Movies
s6991,Movie,Comedies
s6991,Movie,Sports Movies
s6992,Movie,Horror Movies
s6992,Movie,International Movies
s6993,Movie,Comedies
s6993,Movie,Dramas
s6993,Movie,International Movies
s6994,Movie,Comedies
s6994,Movie,International Movies
s6994,Movie,Romantic Movies
s6995,Movie,Dramas
s6995,Movie,International Movies
s6995,Movie,Romantic Movies
s6996,Movie,Comedies
s6997,TV Show,TV Dramas
s6998,Movie,Documentaries
s6999,TV Show,Kids' TV
s6999,TV Show,TV Comedies
s7000,TV Show,Kids' TV
s7001,Movie,Children & Family Movies
s7001,Movie,Comedies
s7002,TV Show,British TV Shows
s7002,TV Show,International TV Shows
s7002,TV Show,TV Comedies
s7003,Movie,Children & Family Movies
s7003,Movie,Dramas
s7003,Movie,Music & Musicals
s7004,Movie,Horror Movies
s7004,Movie,Independent Movies
s7005,Movie,Horror Movies
s7005,Movie,Thrillers
s7006,Movie,Action & Adventure
s7006,Movie,International Movies
s7006,Movie,Sci-Fi & Fantasy
s7007,TV Show,TV Action & Adventure
s7007,TV Show,TV Dramas
s7007,TV Show,TV Mysteries
s7008,TV Show,Docuseries
s7008,TV Show,TV Sci-Fi & Fantasy
s7009,Movie,Comedies
s7009,Movie,International Movies
s7010,Movie,Dramas
s7010,Movie,International Movies
s7010,Movie,Thrillers
s7011,TV Show,International TV Shows
s7011,TV Show,Romantic TV Shows
s7011,TV Show,TV Comedies
s7012,Movie,Documentaries
s7012,Movie,International Movies
s7013,Movie,Comedies
s7013,Movie,Dramas
s7013,Movie,Faith & Spirituality
s7014,TV Show,Crime TV Shows
s7014,TV Show,International TV Shows
s7014,TV Show,TV Dramas
s7015,Movie,Dramas
s7015,Movie,International Movies
s7016,Movie,Action & Adventure
s7017,Movie,Action & Adventure
s7017,Movie,Comedies
s7017,Movie,International Movies
s7018,Movie,Dramas
s7018,Movie,Romantic Movies
s7019,TV Show,British TV Shows
s7019,TV Show,Docuseries
s7019,TV Show,International TV Shows
s7020,Movie,Documentaries
s7021,TV Show,British TV Shows
s7021,TV Show,Kids' TV
s7022,Movie,International Movies
s7022,Movie,Sci-Fi & Fantasy
s7022,Movie,Thrillers
s7023,TV Show,Crime TV Shows
s7023,TV Show,International TV Shows
s7023,TV Show,TV Dramas
s7024,Movie,Thrillers
s7025,Movie,Comedies
s7025,Movie,Romantic Movies
s7026,TV Show,Crime TV Shows
s7026,TV Show,International TV Shows
s7026,TV Show,TV Dramas
s7027,TV Show,International TV Shows
s7027,TV Show,Romantic TV Shows
s7027,TV Show,TV Comedies
s7028,Movie,Dramas
s7028,Movie,Faith & Spirituality
s7029,Movie,Comedies
s7029,Movie,International Movies
s7030,Movie,Action & Adventure
s7030,Movie,Comedies
s7030,Movie,International Movies
s7031,Movie,Comedies
s7031,Movie,Dramas
s7031,Movie,International Movies
s7032,Movie,Documentaries
s7033,Movie,Dramas
s7033,Movie,International Movies
s7033,Movie,Romantic Movies
s7034,Movie,Comedies
s7034,Movie,International Movies
s7034,Movie,Music & Musicals
s7035,Movie,Documentaries
s7035,Movie,Music & Musicals
s7036,Movie,Comedies
s7036,Movie,Dramas
s7036,Movie,Independent Movies
s7037,Movie,Stand-Up Comedy
s7038,Movie,Documentaries
s7039,Movie,Dramas
s7039,Movie,Independent Movies
s7040,Movie,Documentaries
s7040,Movie,International Movies
s7041,Movie,Comedies
s7041,Movie,International Movies
s7042,TV Show,British TV Shows
s7042,TV Show,Docuseries
s7043,Movie,Documentaries
s7044,Movie,Comedies
s7044,Movie,Dramas
s7044,Movie,International Movies
s7045,Movie,Stand-Up Comedy
s7046,TV Show,International TV Shows
s7046,TV Show,TV Action & Adventure
s7046,TV Show,TV Dramas
s7047,TV Show,International TV Shows
s7047,TV Show,TV Horror
s7047,TV Show,TV Mysteries
s7048,Movie,Dramas
s7048,Movie,International Movies
s7049,TV Show,International TV Shows
s7049,TV Show,TV Dramas
s7050,TV Show,International TV Shows
s7050,TV Show,Korean TV Shows
s7050,TV Show,Romantic TV Shows
s7051,Movie,Comedies
s7051,Movie,International Movies
s7051,Movie,Romantic Movies
s7052,Movie,Documentaries
s7052,Movie,International Movies
s7052,Movie,Music & Musicals
s7053,Movie,Dramas
s7053,Movie,Independent Movies
s7053,Movie,International Movies
s7054,Movie,Children & Family Movies
s7055,Movie,Children & Family Movies
s7056,Movie,Children & Family Movies
s7057,TV Show,British TV Shows
s7057,TV Show,Classic & Cult TV
s7057,TV Show,Kids' TV
s7058,Movie,Action & Adventure
s7058,Movie,International Movies
s7058,Movie,Sports Movies
s7059,Movie,Action & Adventure
s7059,Movie,Comedies
s7059,Movie,Sci-Fi & Fantasy
s7060,Movie,Children & Family Movies
s7061,Movie,Dramas
s7061,Movie,International Movies
s7062,Movie,Dramas
s7062,Movie,International Movies
s7063,Movie,Comedies
s7063,Movie,Dramas
s7063,Movie,International Movies
s7064,Movie,Action & Adventure
s7064,Movie,International Movies
s7065,TV Show,International TV Shows
s7065,TV Show,Spanish-Language TV Shows
s7065,TV Show,TV Dramas
s7066,TV Show,British TV Shows
s7066,TV Show,International TV Shows
s7066,TV Show,Reality TV
s7067,Movie,Comedies
s7067,Movie,Dramas
s7067,Movie,International Movies
s7068,Movie,Comedies
s7068,Movie,Dramas
s7068,Movie,International Movies
s7069,Movie,Horror Movies
s7070,Movie,Documentaries
s7070,Movie,Sports Movies
s7071,Movie,Comedies
s7071,Movie,Dramas
s7071,Movie,International Movies
s7072,Movie,Dramas
s7072,Movie,Thrillers
s7073,Movie,Classic Movies
s7073,Movie,Documentaries
s7074,TV Show,Crime TV Shows
s7074,TV Show,International TV Shows
s7074,TV Show,TV Dramas
s7075,TV Show,Reality TV
s7076,TV Show,International TV Shows
s7076,TV Show,Romantic TV Shows
s7076,TV Show,Spanish-Language TV Shows
s7077,TV Show,Crime TV Shows
s7077,TV Show,International TV Shows
s7077,TV Show,TV Dramas
s7078,TV Show,Stand-Up Comedy & Talk Shows
s7078,TV Show,TV Comedies
s7079,Movie,Stand-Up Comedy
s7080,Movie,Stand-Up Comedy
s7081,Movie,Documentaries
s7081,Movie,Stand-Up Comedy
s7082,Movie,Stand-Up Comedy
s7083,Movie,Action & Adventure
s7083,Movie,Dramas
s7083,Movie,International Movies
s7084,TV Show,Crime TV Shows
s7084,TV Show,Docuseries
s7085,Movie,Dramas
s7086,TV Show,Crime TV Shows
s7086,TV Show,International TV Shows
s7086,TV Show,Spanish-Language TV Shows
s7087,Movie,Dramas
s7087,Movie,International Movies
s7087,Movie,Thrillers
s7088,Movie,Dramas
s7088,Movie,International Movies
s7089,TV Show,International TV Shows
s7089,TV Show,TV Dramas
s7089,TV Show,TV Thrillers
s7090,Movie,Stand-Up Comedy
s7091,Movie,Stand-Up Comedy
s7092,Movie,Music & Musicals
s7092,Movie,Stand-Up Comedy
s7093,Movie,Music & Musicals
s7093,Movie,Stand-Up Comedy
s7094,Movie,Dramas
s7094,Movie,Independent Movies
s7094,Movie,International Movies
s7095,Movie,Comedies
s7095,Movie,Dramas
s7095,Movie,International Movies
s7096,Movie,Dramas
s7096,Movie,Independent Movies
s7096,Movie,International Movies
s7097,Movie,International Movies
s7097,Movie,Thrillers
s7098,Movie,Action & Adventure
s7098,Movie,Sci-Fi & Fantasy
s7099,TV Show,Docuseries
s7100,TV Show,International TV Shows
s7100,TV Show,TV Dramas
s7101,TV Show,Crime TV Shows
s7101,TV Show,Docuseries
s7101,TV Show,International TV Shows
s7102,TV Show,British TV Shows
s7102,TV Show,Kids' TV
s7103,Movie,Children & Family Movies
s7103,Movie,Music & Musicals
s7104,Movie,Children & Family Movies
s7105,Movie,Dramas
s7105,Movie,Independent Movies
s7105,Movie,Sci-Fi & Fantasy
s7106,TV Show,Docuseries
s7106,TV Show,Science & Nature TV
s7106,TV Show,TV Action & Adventure
s7107,TV Show,Reality TV
s7108,TV Show,TV Dramas
s7108,TV Show,TV Mysteries
s7108,TV Show,TV Thrillers
s7109,TV Show,Kids' TV
s7110,TV Show,Kids' TV
s7110,TV Show,Korean TV Shows
s7111,TV Show,International TV Shows
s7111,TV Show,TV Dramas
s7112,Movie,Comedies
s7112,Movie,International Movies
s7112,Movie,Romantic Movies
s7113,Movie,Comedies
s7113,Movie,Romantic Movies
s7114,Movie,Dramas
s7114,Movie,Independent Movies
s7114,Movie,Thrillers
s7115,Movie,Documentaries
s7116,Movie,Documentaries
s7117,Movie,Comedies
s7117,Movie,International Movies
s7117,Movie,LGBTQ Movies
s7118,Movie,Dramas
s7118,Movie,Independent Movies
s7119,TV Show,International TV Shows
s7119,TV Show,TV Dramas
s7119,TV Show,TV Mysteries
s7120,Movie,Comedies
s7120,Movie,Cult Movies
s7120,Movie,LGBTQ Movies
s7121,TV Show,British TV Shows
s7121,TV Show,Classic & Cult TV
s7121,TV Show,TV Comedies
s7122,TV Show,Kids' TV
s7122,TV Show,Korean TV Shows
s7123,Movie,Comedies
s7123,Movie,International Movies
s7124,Movie,Stand-Up Comedy
s7125,Movie,Stand-Up Comedy
s7126,Movie,Stand-Up Comedy
s7127,Movie,Stand-Up Comedy
s7128,Movie,Documentaries
s7128,Movie,International Movies
s7129,TV Show,International TV Shows
s7129,TV Show,TV Dramas
s7130,Movie,Dramas
s7130,Movie,International Movies
s7130,Movie,Music & Musicals
s7131,Movie,Comedies
s7131,Movie,Dramas
s7131,Movie,International Movies
s7132,Movie,Documentaries
s7132,Movie,International Movies
s7132,Movie,Music & Musicals
s7133,TV Show,International TV Shows
s7133,TV Show,TV Dramas
s7134,Movie,Dramas
s7134,Movie,Independent Movies
s7134,Movie,International Movies
s7135,Movie,Children & Family Movies
s7135,Movie,Comedies
s7136,Movie,Stand-Up Comedy
s7137,Movie,Stand-Up Comedy
s7138,Movie,Stand-Up Comedy
s7139,Movie,Stand-Up Comedy
s7140,Movie,Stand-Up Comedy
s7141,Movie,Stand-Up Comedy
s7142,Movie,Stand-Up Comedy
s7143,Movie,Action & Adventure
s7144,TV Show,International TV Shows
s7144,TV Show,Korean TV Shows
s7144,TV Show,Romantic TV Shows
s7145,TV Show,International TV Shows
s7145,TV Show,Korean TV Shows
s7145,TV Show,TV Action & Adventure
s7146,Movie,Documentaries
s7146,Movie,International Movies
s7146,Movie,Sports Movies
s7147,Movie,Documentaries
s7148,Movie,Comedies
s7148,Movie,Dramas
s7148,Movie,International Movies
s7149,TV Show,Reality TV
s7149,TV Show,Romantic TV Shows
s7150,Movie,Dramas
s7151,TV Show,International TV Shows
s7151,TV Show,TV Comedies
s7152,Movie,Comedies
s7152,Movie,International Movies
s7152,Movie,LGBTQ Movies
s7153,TV Show,British TV Shows
s7153,TV Show,Docuseries
s7153,TV Show,Science & Nature TV
s7154,TV Show,British TV Shows
s7154,TV Show,Crime TV Shows
s7154,TV Show,International TV Shows
s7155,TV Show,Reality TV
s7156,Movie,Dramas
s7156,Movie,Independent Movies
s7156,Movie,International Movies
s7157,TV Show,Anime Series
s7157,TV Show,International TV Shows
s7157,TV Show,Romantic TV Shows
s7158,Movie,Dramas
s7158,Movie,International Movies
s7158,Movie,Sports Movies
s7159,Movie,Dramas
s7159,Movie,International Movies
s7159,Movie,Thrillers
s7160,Movie,Comedies
s7160,Movie,Dramas
s7160,Movie,Romantic Movies
s7161,TV Show,Kids' TV
s7161,TV Show,TV Comedies
s7162,Movie,Comedies
s7163,Movie,Action & Adventure
s7163,Movie,Sci-Fi & Fantasy
s7164,Movie,Dramas
s7164,Movie,Independent Movies
s7164,Movie,International Movies
s7165,TV Show,International TV Shows
s7165,TV Show,Reality TV
s7166,TV Show,Crime TV Shows
s7166,TV Show,International TV Shows
s7166,TV Show,Spanish-Language TV Shows
s7167,Movie,Action & Adventure
s7168,Movie,Stand-Up Comedy
s7169,Movie,Dramas
s7169,Movie,Independent Movies
s7169,Movie,International Movies
s7170,TV Show,Classic & Cult TV
s7170,TV Show,Crime TV Shows
s7170,TV Show,International TV Shows
s7171,Movie,Movies
s7172,Movie,Movies
s7173,Movie,Comedies
s7173,Movie,Cult Movies
s7174,Movie,Comedies
s7174,Movie,International Movies
s7175,TV Show,International TV Shows
s7175,TV Show,TV Comedies
s7176,TV Show,International TV Shows
s7176,TV Show,TV Comedies
s7177,Movie,Comedies
s7177,Movie,Cult Movies
s7178,TV Show,TV Comedies
s7179,Movie,Comedies
s7179,Movie,Cult Movies
s7180,Movie,Movies
s7181,Movie,Horror Movies
s7181,Movie,International Movies
s7182,Movie,Action & Adventure
s7182,Movie,Horror Movies
s7182,Movie,International Movies
s7183,Movie,Comedies
s7183,Movie,Cult Movies
s7183,Movie,Dramas
s7184,Movie,Dramas
s7184,Movie,Thrillers
s7185,TV Show,British TV Shows
s7185,TV Show,International TV Shows
s7185,TV Show,TV Dramas
s7186,Movie,Dramas
s7186,Movie,Independent Movies
s7186,Movie,Romantic Movies
s7187,Movie,Sci-Fi & Fantasy
s7187,Movie,Thrillers
s7188,TV Show,Crime TV Shows
s7188,TV Show,International TV Shows
s7188,TV Show,TV Sci-Fi & Fantasy
s7189,Movie,Documentaries
s7189,Movie,LGBTQ Movies
s7190,TV Show,Kids' TV
s7191,TV Show,Kids' TV
s7192,TV Show,Kids' TV
s7193,TV Show,Kids' TV
s7194,TV Show,Kids' TV
s7195,TV Show,Anime Series
s7196,TV Show,Anime Series
s7197,Movie,Dramas
s7197,Movie,Independent Movies
s7197,Movie,Thrillers
s7198,Movie,Comedies
s7198,Movie,Dramas
s7198,Movie,Independent Movies
s7199,TV Show,Kids' TV
s7200,Movie,Comedies
s7200,Movie,International Movies
s7201,TV Show,Crime TV Shows
s7201,TV Show,International TV Shows
s7201,TV Show,TV Dramas
s7202,Movie,Documentaries
s7202,Movie,Music & Musicals
s7203,Movie,Documentaries
s7204,Movie,Documentaries
s7204,Movie,Dramas
s7204,Movie,International Movies
s7205,TV Show,Kids' TV
s7206,Movie,Documentaries
s7207,TV Show,Kids' TV
s7207,TV Show,TV Thrillers
s7208,Movie,Comedies
s7208,Movie,Cult Movies
s7208,Movie,Horror Movies
s7209,Movie,Comedies
s7209,Movie,Horror Movies
s7209,Movie,Sci-Fi & Fantasy
s7210,Movie,Comedies
s7210,Movie,Horror Movies
s7210,Movie,Sci-Fi & Fantasy
s7211,Movie,Comedies
s7211,Movie,Horror Movies
s7211,Movie,Sci-Fi & Fantasy
s7212,Movie,Comedies
s7212,Movie,Horror Movies
s7212,Movie,Sci-Fi & Fantasy
s7213,Movie,Action & Adventure
s7213,Movie,Comedies
s7213,Movie,Horror Movies
s7214,Movie,Action & Adventure
s7214,Movie,Horror Movies
s7215,Movie,Dramas
s7216,Movie,Stand-Up Comedy
s7217,Movie,Stand-Up Comedy
s7218,TV Show,Crime TV Shows
s7218,TV Show,International TV Shows
s7218,TV Show,Romantic TV Shows
s7219,TV Show,Crime TV Shows
s7219,TV Show,Docuseries
s7220,TV Show,Crime TV Shows
s7220,TV Show,Docuseries
s7221,Movie,Dramas
s7221,Movie,International Movies
s7222,TV Show,Docuseries
s7222,TV Show,Stand-Up Comedy & Talk Shows
s7223,Movie,Comedies
s7223,Movie,Dramas
s7223,Movie,Independent Movies
s7224,Movie,Action & Adventure
s7224,Movie,Dramas
s7224,Movie,International Movies
s7225,TV Show,TV Dramas
s7225,TV Show,Teen TV Shows
s7226,TV Show,International TV Shows
s7226,TV Show,Romantic TV Shows
s7226,TV Show,TV Comedies
s7227,Movie,International Movies
s7227,Movie,Thrillers
s7228,Movie,Dramas
s7228,Movie,Thrillers
s7229,Movie,Action & Adventure
s7230,Movie,Action & Adventure
s7230,Movie,International Movies
s7231,Movie,Dramas
s7231,Movie,Sports Movies
s7232,Movie,Documentaries
s7232,Movie,Music & Musicals
s7233,TV Show,Kids' TV
s7233,TV Show,TV Action & Adventure
s7233,TV Show,TV Sci-Fi & Fantasy
s7234,Movie,Children & Family Movies
s7234,Movie,Comedies
s7234,Movie,Music & Musicals
s7235,TV Show,Kids' TV
s7235,TV Show,TV Comedies
s7236,Movie,Documentaries
s7236,Movie,International Movies
s7237,TV Show,Kids' TV
s7238,TV Show,International TV Shows
s7238,TV Show,TV Dramas
s7239,TV Show,British TV Shows
s7239,TV Show,International TV Shows
s7239,TV Show,Romantic TV Shows
s7240,Movie,Action & Adventure
s7241,Movie,Comedies
s7241,Movie,Dramas
s7241,Movie,International Movies
s7242,TV Show,Kids' TV
s7243,Movie,Classic Movies
s7243,Movie,Dramas
s7244,Movie,Action & Adventure
s7244,Movie,Comedies
s7245,Movie,Dramas
s7246,TV Show,Kids' TV
s7247,Movie,Children & Family Movies
s7248,Movie,Children & Family Movies
s7249,Movie,Children & Family Movies
s7250,TV Show,Kids' TV
s7251,Movie,Movies
s7252,TV Show,Kids' TV
s7253,Movie,Children & Family Movies
s7254,Movie,Children & Family Movies
s7255,TV Show,Kids' TV
s7256,Movie,Children & Family Movies
s7257,Movie,Dramas
s7257,Movie,Independent Movies
s7258,TV Show,Docuseries
s7259,Movie,Horror Movies
s7260,Movie,Comedies
s7260,Movie,Independent Movies
s7260,Movie,International Movies
s7261,TV Show,TV Comedies
s7262,Movie,Comedies
s7262,Movie,Horror Movies
s7262,Movie,Independent Movies
s7263,Movie,Dramas
s7263,Movie,Faith & Spirituality
s7263,Movie,International Movies
s7264,Movie,Comedies
s7264,Movie,Dramas
s7264,Movie,International Movies
s7265,Movie,Stand-Up Comedy
s7266,Movie,Dramas
s7266,Movie,International Movies
s7267,TV Show,International TV Shows
s7267,TV Show,Romantic TV Shows
s7267,TV Show,TV Comedies
s7268,Movie,Dramas
s7268,Movie,International Movies
s7268,Movie,Romantic Movies
s7269,Movie,Classic Movies
s7269,Movie,Documentaries
s7270,TV Show,Crime TV Shows
s7270,TV Show,International TV Shows
s7270,TV Show,TV Dramas
s7271,Movie,Children & Family Movies
s7271,Movie,Comedies
s7272,TV Show,Kids' TV
s7273,Movie,Comedies
s7273,Movie,International Movies
s7273,Movie,Romantic Movies
s7274,TV Show,British TV Shows
s7274,TV Show,International TV Shows
s7274,TV Show,TV Comedies
s7275,TV Show,TV Dramas
s7276,Movie,Horror Movies
s7277,TV Show,Kids' TV
s7278,Movie,Documentaries
s7278,Movie,International Movies
s7279,TV Show,International TV Shows
s7279,TV Show,Romantic TV Shows
s7279,TV Show,TV Dramas
s7280,Movie,International Movies
s7280,Movie,Thrillers
s7281,TV Show,Classic & Cult TV
s7281,TV Show,Crime TV Shows
s7281,TV Show,TV Dramas
s7282,Movie,Action & Adventure
s7282,Movie,International Movies
s7283,Movie,Horror Movies
s7283,Movie,Independent Movies
s7283,Movie,Thrillers
s7284,TV Show,British TV Shows
s7284,TV Show,Kids' TV
s7285,Movie,Dramas
s7285,Movie,International Movies
s7286,Movie,Documentaries
s7286,Movie,International Movies
s7287,TV Show,International TV Shows
s7287,TV Show,Romantic TV Shows
s7287,TV Show,TV Comedies
s7288,Movie,Thrillers
s7289,Movie,Dramas
s7289,Movie,Independent Movies
s7289,Movie,Romantic Movies
s7290,TV Show,TV Horror
s7290,TV Show,Teen TV Shows
s7291,TV Show,International TV Shows
s7291,TV Show,Korean TV Shows
s7291,TV Show,Reality TV
s7292,Movie,Documentaries
s7292,Movie,International Movies
s7293,TV Show,International TV Shows
s7293,TV Show,TV Horror
s7293,TV Show,TV Mysteries
s7294,Movie,Documentaries
s7294,Movie,Sports Movies
s7295,Movie,International Movies
s7295,Movie,Thrillers
s7296,Movie,Horror Movies
s7296,Movie,International Movies
s7297,Movie,Dramas
s7297,Movie,Independent Movies
s7297,Movie,International Movies
s7298,Movie,Dramas
s7298,Movie,International Movies
s7299,Movie,Dramas
s7299,Movie,International Movies
s7299,Movie,Thrillers
s7300,Movie,Comedies
s7300,Movie,International Movies
s7300,Movie,Romantic Movies
s7301,TV Show,Docuseries
s7302,TV Show,International TV Shows
s7302,TV Show,Romantic TV Shows
s7302,TV Show,TV Dramas
s7303,Movie,Dramas
s7303,Movie,International Movies
s7304,TV Show,Reality TV
s7305,TV Show,Reality TV
s7305,TV Show,Spanish-Language TV Shows
s7306,TV Show,Anime Series
s7306,TV Show,International TV Shows
s7307,TV Show,Anime Series
s7307,TV Show,International TV Shows
s7308,Movie,Dramas
s7308,Movie,International Movies
s7308,Movie,Sports Movies
s7309,TV Show,Crime TV Shows
s7309,TV Show,International TV Shows
s7309,TV Show,TV Dramas
s7310,Movie,Comedies
s7310,Movie,Dramas
s7310,Movie,Independent Movies
s7311,Movie,Dramas
s7311,Movie,Independent Movies
s7311,Movie,International Movies
s7312,Movie,Comedies
s7312,Movie,Dramas
s7312,Movie,International Movies
s7313,Movie,Dramas
s7313,Movie,International Movies
s7314,TV Show,Crime TV Shows
s7314,TV Show,Docuseries
s7315,Movie,Children & Family Movies
s7315,Movie,Comedies
s7316,Movie,Documentaries
s7317,TV Show,Crime TV Shows
s7317,TV Show,International TV Shows
s7317,TV Show,Spanish-Language TV Shows
s7318,TV Show,Crime TV Shows
s7318,TV Show,TV Dramas
s7319,TV Show,TV Comedies
s7320,Movie,Comedies
s7321,Movie,International Movies
s7321,Movie,Thrillers
s7322,Movie,Documentaries
s7322,Movie,International Movies
s7323,Movie,Dramas
s7323,Movie,International Movies
s7324,TV Show,International TV Shows
s7324,TV Show,TV Dramas
s7324,TV Show,TV Sci-Fi & Fantasy
s7325,Movie,Documentaries
s7325,Movie,Sports Movies
s7326,Movie,Comedies
s7326,Movie,International Movies
s7327,Movie,Dramas
s7327,Movie,Independent Movies
s7328,Movie,Dramas
s7328,Movie,International Movies
s7329,Movie,Dramas
s7329,Movie,Thrillers
s7330,Movie,Documentaries
s7330,Movie,Sports Movies
s7331,Movie,Action & Adventure
s7331,Movie,Documentaries
s7331,Movie,Sports Movies
s7332,TV Show,Crime TV Shows
s7332,TV Show,Docuseries
s7332,TV Show,International TV Shows
s7333,TV Show,International TV Shows
s7333,TV Show,Korean TV Shows
s7333,TV Show,TV Dramas
s7334,Movie,Dramas
s7334,Movie,Independent Movies
s7334,Movie,International Movies
s7335,Movie,Comedies
s7335,Movie,Independent Movies
s7335,Movie,Romantic Movies
s7336,Movie,Comedies
s7336,Movie,International Movies
s7336,Movie,Romantic Movies
s7337,Movie,Horror Movies
s7337,Movie,International Movies
s7337,Movie,Thrillers
s7338,Movie,Dramas
s7338,Movie,Independent Movies
s7338,Movie,International Movies
s7339,TV Show,Crime TV Shows
s7339,TV Show,International TV Shows
s7339,TV Show,TV Action & Adventure
s7340,Movie,Comedies
s7341,Movie,Action & Adventure
s7341,Movie,Children & Family Movies
s7341,Movie,Comedies
s7342,TV Show,Crime TV Shows
s7342,TV Show,International TV Shows
s7342,TV Show,Spanish-Language TV Shows
s7343,Movie,Classic Movies
s7343,Movie,Documentaries
s7344,Movie,Children & Family Movies
s7344,Movie,Sports Movies
s7345,Movie,Comedies
s7345,Movie,International Movies
s7345,Movie,Romantic Movies
s7346,Movie,Comedies
s7346,Movie,Dramas
s7346,Movie,Independent Movies
s7347,Movie,Horror Movies
s7347,Movie,Thrillers
s7348,Movie,Comedies
s7348,Movie,Dramas
s7348,Movie,International Movies
s7349,Movie,Comedies
s7349,Movie,Dramas
s7349,Movie,Independent Movies
s7350,Movie,Dramas
s7350,Movie,Independent Movies
s7350,Movie,International Movies
s7351,TV Show,Crime TV Shows
s7351,TV Show,International TV Shows
s7351,TV Show,TV Dramas
s7352,Movie,Action & Adventure
s7352,Movie,Thrillers
s7353,Movie,International Movies
s7353,Movie,Thrillers
s7354,TV Show,International TV Shows
s7354,TV Show,Romantic TV Shows
s7354,TV Show,TV Comedies
s7355,TV Show,Docuseries
s7355,TV Show,Science & Nature TV
s7356,TV Show,International TV Shows
s7356,TV Show,TV Dramas
s7357,TV Show,International TV Shows
s7357,TV Show,Romantic TV Shows
s7357,TV Show,TV Dramas
s7358,Movie,Documentaries
s7359,TV Show,Crime TV Shows
s7359,TV Show,International TV Shows
s7359,TV Show,TV Dramas
s7360,Movie,International Movies
s7360,Movie,Thrillers
s7361,TV Show,Crime TV Shows
s7361,TV Show,TV Dramas
s7362,TV Show,Crime TV Shows
s7362,TV Show,Docuseries
s7363,Movie,Dramas
s7364,TV Show,International TV Shows
s7364,TV Show,Spanish-Language TV Shows
s7364,TV Show,TV Dramas
s7365,Movie,Children & Family Movies
s7365,Movie,Documentaries
s7365,Movie,International Movies
s7366,TV Show,International TV Shows
s7366,TV Show,Reality TV
s7366,TV Show,TV Comedies
s7367,Movie,Dramas
s7367,Movie,International Movies
s7367,Movie,Sci-Fi & Fantasy
s7368,Movie,Comedies
s7368,Movie,Dramas
s7368,Movie,Romantic Movies
s7369,Movie,Dramas
s7369,Movie,International Movies
s7370,TV Show,Kids' TV
s7371,Movie,Documentaries
s7371,Movie,Sports Movies
s7372,Movie,Comedies
s7372,Movie,Dramas
s7372,Movie,International Movies
s7373,Movie,Dramas
s7373,Movie,International Movies
s7374,Movie,Dramas
s7374,Movie,Independent Movies
s7374,Movie,International Movies
s7375,Movie,Stand-Up Comedy
s7376,Movie,Dramas
s7376,Movie,International Movies
s7376,Movie,Romantic Movies
s7377,Movie,Action & Adventure
s7377,Movie,Comedies
s7377,Movie,International Movies
s7378,Movie,Action & Adventure
s7379,Movie,Dramas
s7379,Movie,International Movies
s7380,Movie,Action & Adventure
s7380,Movie,Dramas
s7380,Movie,Sci-Fi & Fantasy
s7381,TV Show,TV Action & Adventure
s7381,TV Show,TV Dramas
s7381,TV Show,TV Horror
s7382,TV Show,Kids' TV
s7383,TV Show,International TV Shows
s7383,TV Show,Korean TV Shows
s7383,TV Show,TV Action & Adventure
s7384,TV Show,Docuseries
s7384,TV Show,International TV Shows
s7384,TV Show,Reality TV
s7385,TV Show,International TV Shows
s7385,TV Show,TV Comedies
s7385,TV Show,TV Dramas
s7386,TV Show,International TV Shows
s7386,TV Show,Romantic TV Shows
s7386,TV Show,Spanish-Language TV Shows
s7387,TV Show,TV Action & Adventure
s7387,TV Show,TV Dramas
s7388,TV Show,Anime Series
s7388,TV Show,International TV Shows
s7388,TV Show,Romantic TV Shows
s7389,TV Show,International TV Shows
s7389,TV Show,TV Dramas
s7389,TV Show,TV Horror
s7390,Movie,Comedies
s7390,Movie,Horror Movies
s7391,TV Show,International TV Shows
s7391,TV Show,TV Action & Adventure
s7391,TV Show,TV Dramas
s7392,Movie,Dramas
s7392,Movie,International Movies
s7392,Movie,Thrillers
s7393,Movie,Action & Adventure
s7394,Movie,Comedies
s7394,Movie,Dramas
s7394,Movie,International Movies
s7395,Movie,Dramas
s7395,Movie,Independent Movies
s7395,Movie,International Movies
s7396,Movie,Action & Adventure
s7396,Movie,Dramas
s7396,Movie,International Movies
s7397,Movie,Comedies
s7397,Movie,Dramas
s7397,Movie,International Movies
s7398,Movie,Documentaries
s7399,TV Show,Kids' TV
s7400,TV Show,Kids' TV
s7401,TV Show,International TV Shows
s7401,TV Show,Romantic TV Shows
s7401,TV Show,Spanish-Language TV Shows
s7402,Movie,Dramas
s7402,Movie,Thrillers
s7403,TV Show,International TV Shows
s7403,TV Show,Romantic TV Shows
s7403,TV Show,Spanish-Language TV Shows
s7404,Movie,Dramas
s7404,Movie,International Movies
s7404,Movie,Romantic Movies
s7405,Movie,Dramas
s7405,Movie,Independent Movies
s7405,Movie,International Movies
s7406,Movie,Horror Movies
s7406,Movie,International Movies
s7406,Movie,Thrillers
s7407,TV Show,International TV Shows
s7407,TV Show,TV Dramas
s7408,Movie,Dramas
s7408,Movie,International Movies
s7408,Movie,Romantic Movies
s7409,Movie,Dramas
s7409,Movie,Faith & Spirituality
s7409,Movie,International Movies
s7410,Movie,Comedies
s7410,Movie,Dramas
s7410,Movie,International Movies
s7411,Movie,Action & Adventure
s7411,Movie,International Movies
s7411,Movie,Music & Musicals
s7412,TV Show,British TV Shows
s7412,TV Show,Crime TV Shows
s7412,TV Show,International TV Shows
s7413,Movie,Dramas
s7414,TV Show,International TV Shows
s7414,TV Show,Spanish-Language TV Shows
s7414,TV Show,TV Action & Adventure
s7415,Movie,Dramas
s7415,Movie,Thrillers
s7416,Movie,Dramas
s7417,TV Show,Kids' TV
s7417,TV Show,TV Comedies
s7418,TV Show,International TV Shows
s7418,TV Show,Spanish-Language TV Shows
s7418,TV Show,TV Dramas
s7419,Movie,Action & Adventure
s7419,Movie,Sci-Fi & Fantasy
s7420,Movie,Documentaries
s7421,Movie,Dramas
s7422,Movie,International Movies
s7422,Movie,Romantic Movies
s7423,Movie,Dramas
s7423,Movie,Thrillers
s7424,TV Show,Anime Series
s7424,TV Show,International TV Shows
s7424,TV Show,Romantic TV Shows
s7425,Movie,Anime Features
s7425,Movie,International Movies
s7425,Movie,Sci-Fi & Fantasy
s7426,TV Show,Anime Series
s7426,TV Show,International TV Shows
s7426,TV Show,Romantic TV Shows
s7427,Movie,Stand-Up Comedy
s7428,Movie,Stand-Up Comedy
s7429,Movie,Stand-Up Comedy
s7430,Movie,Stand-Up Comedy
s7431,TV Show,Kids' TV
s7432,TV Show,Romantic TV Shows
s7432,TV Show,TV Dramas
s7433,Movie,Dramas
s7433,Movie,International Movies
s7433,Movie,Music & Musicals
s7434,Movie,Documentaries
s7434,Movie,International Movies
s7435,Movie,Documentaries
s7436,Movie,Dramas
s7436,Movie,International Movies
s7437,Movie,Dramas
s7437,Movie,International Movies
s7438,Movie,Dramas
s7438,Movie,International Movies
s7438,Movie,Romantic Movies
s7439,Movie,Comedies
s7439,Movie,Dramas
s7439,Movie,International Movies
s7440,Movie,Comedies
s7440,Movie,Dramas
s7440,Movie,International Movies
s7441,Movie,Dramas
s7441,Movie,International Movies
s7441,Movie,Thrillers
s7442,TV Show,Crime TV Shows
s7442,TV Show,International TV Shows
s7442,TV Show,Korean TV Shows
s7443,TV Show,Docuseries
s7443,TV Show,Reality TV
s7444,TV Show,Kids' TV
s7445,Movie,Documentaries
s7445,Movie,International Movies
s7446,Movie,Documentaries
s7447,TV Show,Kids' TV
s7447,TV Show,Korean TV Shows
s7448,Movie,Dramas
s7449,Movie,Stand-Up Comedy
s7450,Movie,Dramas
s7450,Movie,Romantic Movies
s7451,TV Show,TV Comedies
s7452,Movie,Dramas
s7452,Movie,International Movies
s7452,Movie,Thrillers
s7453,TV Show,British TV Shows
s7453,TV Show,TV Comedies
s7454,Movie,Action & Adventure
s7454,Movie,International Movies
s7455,Movie,Action & Adventure
s7455,Movie,International Movies
s7455,Movie,Sci-Fi & Fantasy
s7456,TV Show,International TV Shows
s7456,TV Show,TV Dramas
s7457,Movie,Dramas
s7457,Movie,International Movies
s7457,Movie,Sports Movies
s7458,TV Show,International TV Shows
s7458,TV Show,Romantic TV Shows
s7458,TV Show,Teen TV Shows
s7459,Movie,Dramas
s7459,Movie,International Movies
s7460,Movie,Documentaries
s7461,Movie,Comedies
s7461,Movie,Independent Movies
s7462,TV Show,International TV Shows
s7462,TV Show,TV Dramas
s7463,Movie,Comedies
s7463,Movie,International Movies
s7463,Movie,Romantic Movies
s7464,Movie,Dramas
s7465,TV Show,Kids' TV
s7466,TV Show,Kids' TV
s7467,Movie,Dramas
s7467,Movie,Romantic Movies
s7468,Movie,Documentaries
s7469,Movie,Children & Family Movies
s7469,Movie,Dramas
s7470,Movie,Dramas
s7470,Movie,Independent Movies
s7470,Movie,Thrillers
s7471,Movie,Children & Family Movies
s7472,Movie,Stand-Up Comedy
s7473,Movie,Documentaries
s7473,Movie,International Movies
s7473,Movie,Music & Musicals
s7474,TV Show,British TV Shows
s7474,TV Show,International TV Shows
s7474,TV Show,Romantic TV Shows
s7475,TV Show,Crime TV Shows
s7475,TV Show,International TV Shows
s7475,TV Show,TV Dramas
s7476,Movie,Action & Adventure
s7477,Movie,Documentaries
s7477,Movie,International Movies
s7478,Movie,Comedies
s7478,Movie,Dramas
s7478,Movie,International Movies
s7479,Movie,Dramas
s7480,Movie,Comedies
s7480,Movie,Dramas
s7481,Movie,Action & Adventure
s7481,Movie,Comedies
s7482,Movie,Horror Movies
s7482,Movie,Independent Movies
s7482,Movie,International Movies
s7483,Movie,Comedies
s7483,Movie,Dramas
s7483,Movie,International Movies
s7484,TV Show,Crime TV Shows
s7484,TV Show,International TV Shows
s7484,TV Show,TV Dramas
s7485,TV Show,TV Action & Adventure
s7485,TV Show,TV Mysteries
s7485,TV Show,TV Sci-Fi & Fantasy
s7486,TV Show,Docuseries
s7486,TV Show,International TV Shows
s7487,TV Show,International TV Shows
s7487,TV Show,Korean TV Shows
s7487,TV Show,Romantic TV Shows
s7488,Movie,Dramas
s7488,Movie,International Movies
s7488,Movie,Thrillers
s7489,TV Show,International TV Shows
s7489,TV Show,Korean TV Shows
s7489,TV Show,Reality TV
s7490,Movie,Comedies
s7490,Movie,Dramas
s7490,Movie,International Movies
s7491,Movie,Documentaries
s7492,Movie,Documentaries
s7493,TV Show,British TV Shows
s7493,TV Show,International TV Shows
s7493,TV Show,TV Action & Adventure
s7494,TV Show,International TV Shows
s7494,TV Show,Romantic TV Shows
s7494,TV Show,TV Comedies
s7495,Movie,Dramas
s7495,Movie,International Movies
s7495,Movie,Thrillers
s7496,Movie,Documentaries
s7496,Movie,International Movies
s7497,Movie,Dramas
s7497,Movie,International Movies
s7498,Movie,Action & Adventure
s7498,Movie,International Movies
s7498,Movie,Sports Movies
s7499,Movie,Documentaries
s7499,Movie,International Movies
s7499,Movie,Music & Musicals
s7500,TV Show,Docuseries
s7500,TV Show,Reality TV
s7501,TV Show,International TV Shows
s7501,TV Show,TV Dramas
s7501,TV Show,TV Mysteries
s7502,Movie,Dramas
s7502,Movie,International Movies
s7503,Movie,Dramas
s7503,Movie,Independent Movies
s7503,Movie,Music & Musicals
s7504,TV Show,Kids' TV
s7504,TV Show,TV Comedies
s7505,Movie,Thrillers
s7506,Movie,Children & Family Movies
s7506,Movie,Comedies
s7507,Movie,Dramas
s7507,Movie,Thrillers
s7508,Movie,Comedies
s7508,Movie,International Movies
s7508,Movie,Romantic Movies
s7509,TV Show,Docuseries
s7510,Movie,Horror Movies
s7510,Movie,Thrillers
s7511,Movie,Dramas
s7511,Movie,Independent Movies
s7512,Movie,Documentaries
s7512,Movie,International Movies
s7513,Movie,Action & Adventure
s7513,Movie,Comedies
s7513,Movie,International Movies
s7514,TV Show,Kids' TV
s7514,TV Show,TV Comedies
s7515,Movie,Comedies
s7515,Movie,Dramas
s7515,Movie,Independent Movies
s7516,Movie,Documentaries
s7516,Movie,International Movies
s7517,Movie,Dramas
s7517,Movie,International Movies
s7518,Movie,Comedies
s7518,Movie,International Movies
s7518,Movie,Romantic Movies
s7519,Movie,Comedies
s7519,Movie,Dramas
s7519,Movie,International Movies
s7520,Movie,Documentaries
s7521,TV Show,TV Comedies
s7521,TV Show,TV Dramas
s7522,Movie,Dramas
s7522,Movie,Independent Movies
s7522,Movie,International Movies
s7523,TV Show,British TV Shows
s7523,TV Show,Docuseries
s7523,TV Show,Science & Nature TV
s7524,Movie,Comedies
s7524,Movie,International Movies
s7524,Movie,Music & Musicals
s7525,Movie,Comedies
s7525,Movie,International Movies
s7526,Movie,Comedies
s7526,Movie,International Movies
s7527,Movie,Children & Family Movies
s7528,Movie,Dramas
s7528,Movie,Independent Movies
s7529,Movie,Comedies
s7529,Movie,Dramas
s7529,Movie,International Movies
s7530,Movie,Action & Adventure
s7531,TV Show,International TV Shows
s7531,TV Show,TV Comedies
s7531,TV Show,TV Dramas
s7532,Movie,Comedies
s7532,Movie,Horror Movies
s7532,Movie,Independent Movies
s7533,Movie,Comedies
s7533,Movie,International Movies
s7534,TV Show,International TV Shows
s7534,TV Show,Romantic TV Shows
s7534,TV Show,TV Comedies
s7535,TV Show,Crime TV Shows
s7535,TV Show,TV Dramas
s7536,Movie,Dramas
s7536,Movie,International Movies
s7537,Movie,Comedies
s7537,Movie,Dramas
s7537,Movie,International Movies
s7538,TV Show,Docuseries
s7538,TV Show,Reality TV
s7539,Movie,Classic Movies
s7539,Movie,Dramas
s7539,Movie,International Movies
s7540,TV Show,Reality TV
s7541,TV Show,International TV Shows
s7541,TV Show,Romantic TV Shows
s7541,TV Show,TV Action & Adventure
s7542,Movie,Documentaries
s7542,Movie,Sports Movies
s7543,TV Show,TV Comedies
s7544,TV Show,TV Comedies
s7545,TV Show,TV Dramas
s7545,TV Show,TV Thrillers
s7546,Movie,Children & Family Movies
s7546,Movie,Comedies
s7547,Movie,Comedies
s7547,Movie,Dramas
s7547,Movie,International Movies
s7548,Movie,Comedies
s7548,Movie,Dramas
s7548,Movie,Independent Movies
s7549,Movie,Comedies
s7549,Movie,International Movies
s7549,Movie,Romantic Movies
s7550,Movie,Dramas
s7550,Movie,Independent Movies
s7551,Movie,Action & Adventure
s7551,Movie,Sci-Fi & Fantasy
s7552,Movie,Comedies
s7552,Movie,International Movies
s7553,Movie,Documentaries
s7553,Movie,Music & Musicals
s7554,TV Show,International TV Shows
s7554,TV Show,TV Comedies
s7554,TV Show,TV Dramas
s7555,TV Show,International TV Shows
s7555,TV Show,TV Dramas
s7556,TV Show,International TV Shows
s7556,TV Show,Korean TV Shows
s7556,TV Show,Romantic TV Shows
s7557,TV Show,International TV Shows
s7557,TV Show,Romantic TV Shows
s7557,TV Show,TV Comedies
s7558,Movie,LGBTQ Movies
s7558,Movie,Thrillers
s7559,Movie,Horror Movies
s7559,Movie,Thrillers
s7560,Movie,Documentaries
s7561,TV Show,International TV Shows
s7561,TV Show,TV Dramas
s7562,Movie,Dramas
s7562,Movie,Thrillers
s7563,Movie,Documentaries
s7563,Movie,International Movies
s7564,Movie,Comedies
s7564,Movie,International Movies
s7565,Movie,Documentaries
s7566,Movie,Comedies
s7566,Movie,International Movies
s7566,Movie,Romantic Movies
s7567,TV Show,International TV Shows
s7567,TV Show,Reality TV
s7567,TV Show,Romantic TV Shows
s7568,Movie,Documentaries
s7568,Movie,Music & Musicals
s7569,Movie,Dramas
s7569,Movie,International Movies
s7570,Movie,Documentaries
s7571,Movie,Classic Movies
s7571,Movie,Dramas
s7571,Movie,Independent Movies
s7572,TV Show,Kids' TV
s7572,TV Show,TV Comedies
s7573,Movie,Dramas
s7573,Movie,International Movies
s7573,Movie,Romantic Movies
s7574,Movie,Comedies
s7574,Movie,Dramas
s7574,Movie,International Movies
s7575,Movie,Comedies
s7575,Movie,International Movies
s7575,Movie,Music & Musicals
s7576,Movie,Action & Adventure
s7577,Movie,Comedies
s7577,Movie,Sports Movies
s7578,Movie,Dramas
s7578,Movie,International Movies
s7578,Movie,Thrillers
s7579,TV Show,TV Dramas
s7580,Movie,Documentaries
s7580,Movie,International Movies
s7581,TV Show,International TV Shows
s7581,TV Show,TV Action & Adventure
s7581,TV Show,TV Dramas
s7582,TV Show,International TV Shows
s7582,TV Show,Romantic TV Shows
s7582,TV Show,TV Comedies
s7583,Movie,International Movies
s7583,Movie,Romantic Movies
s7584,TV Show,International TV Shows
s7584,TV Show,Korean TV Shows
s7584,TV Show,Romantic TV Shows
s7585,TV Show,Crime TV Shows
s7585,TV Show,TV Dramas
s7586,Movie,Documentaries
s7586,Movie,International Movies
s7587,Movie,Comedies
s7587,Movie,Romantic Movies
s7588,Movie,Action & Adventure
s7588,Movie,Comedies
s7588,Movie,Dramas
s7589,Movie,Comedies
s7590,Movie,Comedies
s7590,Movie,Dramas
s7590,Movie,Independent Movies
s7591,Movie,Stand-Up Comedy
s7592,Movie,Comedies
s7592,Movie,International Movies
s7592,Movie,Romantic Movies
s7593,Movie,Comedies
s7593,Movie,Dramas
s7593,Movie,International Movies
s7594,Movie,Documentaries
s7594,Movie,International Movies
s7595,Movie,Sci-Fi & Fantasy
s7595,Movie,Thrillers
s7596,Movie,Children & Family Movies
s7596,Movie,Classic Movies
s7596,Movie,Comedies
s7597,Movie,Children & Family Movies
s7597,Movie,Dramas
s7598,Movie,Dramas
s7598,Movie,Independent Movies
s7599,TV Show,British TV Shows
s7599,TV Show,International TV Shows
s7599,TV Show,TV Comedies
s7600,Movie,Comedies
s7600,Movie,Independent Movies
s7600,Movie,Thrillers
s7601,TV Show,British TV Shows
s7601,TV Show,Crime TV Shows
s7601,TV Show,International TV Shows
s7602,TV Show,International TV Shows
s7602,TV Show,Korean TV Shows
s7602,TV Show,TV Dramas
s7603,TV Show,Docuseries
s7603,TV Show,International TV Shows
s7603,TV Show,Reality TV
s7604,Movie,Stand-Up Comedy
s7605,Movie,Stand-Up Comedy
s7606,TV Show,Crime TV Shows
s7606,TV Show,Docuseries
s7606,TV Show,International TV Shows
s7607,TV Show,Crime TV Shows
s7607,TV Show,Docuseries
s7608,Movie,Documentaries
s7608,Movie,LGBTQ Movies
s7608,Movie,Music & Musicals
s7609,Movie,Dramas
s7609,Movie,International Movies
s7610,Movie,Classic Movies
s7610,Movie,Dramas
s7610,Movie,Independent Movies
s7611,TV Show,International TV Shows
s7611,TV Show,Romantic TV Shows
s7611,TV Show,TV Comedies
s7612,Movie,Documentaries
s7613,TV Show,Docuseries
s7614,Movie,Documentaries
s7615,Movie,Documentaries
s7616,Movie,Dramas
s7616,Movie,International Movies
s7616,Movie,Thrillers
s7617,Movie,Documentaries
s7618,TV Show,British TV Shows
s7618,TV Show,Docuseries
s7618,TV Show,Science & Nature TV
s7619,TV Show,British TV Shows
s7619,TV Show,Docuseries
s7619,TV Show,Science & Nature TV
s7620,Movie,Comedies
s7620,Movie,Romantic Movies
s7621,TV Show,Crime TV Shows
s7621,TV Show,International TV Shows
s7621,TV Show,Spanish-Language TV Shows
s7622,Movie,Comedies
s7623,TV Show,Crime TV Shows
s7623,TV Show,Docuseries
s7624,Movie,Action & Adventure
s7624,Movie,Comedies
s7624,Movie,Sci-Fi & Fantasy
s7625,Movie,Dramas
s7625,Movie,Independent Movies
s7626,Movie,Horror Movies
s7626,Movie,Independent Movies
s7626,Movie,Sci-Fi & Fantasy
s7627,Movie,Documentaries
s7627,Movie,International Movies
s7627,Movie,Sports Movies
s7628,Movie,Children & Family Movies
s7629,Movie,Children & Family Movies
s7629,Movie,Classic Movies
s7629,Movie,Comedies
s7630,Movie,Comedies
s7630,Movie,Independent Movies
s7630,Movie,Romantic Movies
s7631,TV Show,British TV Shows
s7631,TV Show,International TV Shows
s7631,TV Show,Reality TV
s7632,Movie,Horror Movies
s7632,Movie,Sci-Fi & Fantasy
s7633,Movie,Comedies
s7634,Movie,Documentaries
s7634,Movie,International Movies
s7635,TV Show,Reality TV
s7636,Movie,Classic Movies
s7636,Movie,Dramas
s7637,Movie,Documentaries
s7637,Movie,International Movies
s7638,TV Show,International TV Shows
s7638,TV Show,TV Dramas
s7638,TV Show,TV Thrillers
s7639,Movie,Dramas
s7639,Movie,Independent Movies
s7640,TV Show,Kids' TV
s7641,Movie,Action & Adventure
s7641,Movie,Dramas
s7641,Movie,International Movies
s7642,Movie,Comedies
s7642,Movie,Dramas
s7642,Movie,Independent Movies
s7643,Movie,Children & Family Movies
s7643,Movie,Dramas
s7644,Movie,Children & Family Movies
s7645,Movie,Dramas
s7645,Movie,International Movies
s7645,Movie,LGBTQ Movies
s7646,TV Show,British TV Shows
s7646,TV Show,Crime TV Shows
s7646,TV Show,Docuseries
s7647,Movie,Dramas
s7647,Movie,Independent Movies
s7648,Movie,Documentaries
s7649,Movie,Comedies
s7649,Movie,Dramas
s7649,Movie,International Movies
s7650,Movie,Comedies
s7650,Movie,Dramas
s7650,Movie,International Movies
s7651,TV Show,Kids' TV
s7651,TV Show,TV Action & Adventure
s7651,TV Show,TV Sci-Fi & Fantasy
s7652,TV Show,International TV Shows
s7652,TV Show,TV Action & Adventure
s7652,TV Show,TV Dramas
s7653,Movie,Dramas
s7653,Movie,Independent Movies
s7653,Movie,Sports Movies
s7654,TV Show,Crime TV Shows
s7654,TV Show,Docuseries
s7655,Movie,Action & Adventure
s7655,Movie,Dramas
s7655,Movie,International Movies
s7656,TV Show,Crime TV Shows
s7656,TV Show,International TV Shows
s7656,TV Show,TV Dramas
s7657,Movie,Stand-Up Comedy
s7658,Movie,Dramas
s7658,Movie,Independent Movies
s7658,Movie,Thrillers
s7659,Movie,Documentaries
s7659,Movie,Music & Musicals
s7660,Movie,Children & Family Movies
s7660,Movie,Comedies
s7661,TV Show,Kids' TV
s7662,TV Show,Kids' TV
s7663,Movie,Comedies
s7664,TV Show,International TV Shows
s7664,TV Show,TV Comedies
s7665,TV Show,International TV Shows
s7665,TV Show,TV Dramas
s7666,Movie,Dramas
s7666,Movie,International Movies
s7666,Movie,Romantic Movies
s7667,TV Show,Kids' TV
s7668,Movie,Action & Adventure
s7668,Movie,Dramas
s7669,TV Show,British TV Shows
s7669,TV Show,Docuseries
s7669,TV Show,International TV Shows
s7670,TV Show,British TV Shows
s7670,TV Show,Docuseries
s7671,TV Show,Crime TV Shows
s7671,TV Show,Docuseries
s7671,TV Show,International TV Shows
s7672,Movie,Movies
s7673,TV Show,Crime TV Shows
s7673,TV Show,Docuseries
s7674,Movie,Horror Movies
s7674,Movie,Independent Movies
s7674,Movie,Thrillers
s7675,TV Show,TV Comedies
s7675,TV Show,TV Dramas
s7676,Movie,Comedies
s7676,Movie,International Movies
s7676,Movie,Romantic Movies
s7677,Movie,Dramas
s7677,Movie,International Movies
s7678,TV Show,TV Action & Adventure
s7678,TV Show,TV Sci-Fi & Fantasy
s7679,TV Show,Docuseries
s7680,Movie,Documentaries
s7681,Movie,Stand-Up Comedy
s7682,Movie,Action & Adventure
s7683,TV Show,International TV Shows
s7683,TV Show,TV Action & Adventure
s7683,TV Show,TV Dramas
s7684,Movie,Comedies
s7684,Movie,International Movies
s7684,Movie,Romantic Movies
s7685,Movie,Dramas
s7685,Movie,Independent Movies
s7685,Movie,International Movies
s7686,Movie,Dramas
s7686,Movie,Music & Musicals
s7687,Movie,Documentaries
s7687,Movie,Sports Movies
s7688,Movie,Horror Movies
s7689,Movie,Action & Adventure
s7689,Movie,Sports Movies
s7690,Movie,Action & Adventure
s7691,Movie,Dramas
s7691,Movie,Independent Movies
s7691,Movie,International Movies
s7692,Movie,Dramas
s7692,Movie,Independent Movies
s7692,Movie,International Movies
s7693,Movie,Documentaries
s7694,Movie,Dramas
s7694,Movie,International Movies
s7694,Movie,Romantic Movies
s7695,Movie,Dramas
s7695,Movie,International Movies
s7696,Movie,Dramas
s7696,Movie,International Movies
s7696,Movie,Music & Musicals
s7697,Movie,Action & Adventure
s7697,Movie,Comedies
s7697,Movie,International Movies
s7698,Movie,Comedies
s7698,Movie,Dramas
s7698,Movie,International Movies
s7699,TV Show,Crime TV Shows
s7699,TV Show,International TV Shows
s7699,TV Show,Spanish-Language TV Shows
s7700,TV Show,International TV Shows
s7700,TV Show,TV Dramas
s7701,Movie,Dramas
s7701,Movie,Independent Movies
s7701,Movie,International Movies
s7702,Movie,Dramas
s7702,Movie,International Movies
s7703,Movie,Comedies
s7703,Movie,Dramas
s7703,Movie,Independent Movies
s7704,TV Show,International TV Shows
s7704,TV Show,TV Comedies
s7705,Movie,Children & Family Movies
s7705,Movie,Comedies
s7706,Movie,Comedies
s7706,Movie,Romantic Movies
s7707,Movie,International Movies
s7707,Movie,LGBTQ Movies
s7707,Movie,Romantic Movies
s7708,Movie,International Movies
s7708,Movie,LGBTQ Movies
s7708,Movie,Romantic Movies
s7709,Movie,International Movies
s7709,Movie,LGBTQ Movies
s7709,Movie,Romantic Movies
s7710,TV Show,International TV Shows
s7710,TV Show,TV Dramas
s7711,Movie,Comedies
s7711,Movie,Dramas
s7711,Movie,Independent Movies
s7712,TV Show,International TV Shows
s7712,TV Show,Korean TV Shows
s7712,TV Show,TV Comedies
s7713,TV Show,Anime Series
s7713,TV Show,Kids' TV
s7714,Movie,Anime Features
s7714,Movie,Children & Family Movies
s7715,Movie,Comedies
s7715,Movie,Horror Movies
s7715,Movie,Independent Movies
s7716,TV Show,Kids' TV
s7717,Movie,Children & Family Movies
s7718,TV Show,Kids' TV
s7719,Movie,Stand-Up Comedy
s7720,Movie,Stand-Up Comedy
s7721,TV Show,Kids' TV
s7721,TV Show,Korean TV Shows
s7722,TV Show,Crime TV Shows
s7722,TV Show,Romantic TV Shows
s7722,TV Show,TV Dramas
s7723,Movie,Children & Family Movies
s7723,Movie,Dramas
s7724,Movie,Children & Family Movies
s7725,Movie,Comedies
s7725,Movie,Romantic Movies
s7726,TV Show,Crime TV Shows
s7726,TV Show,International TV Shows
s7726,TV Show,Spanish-Language TV Shows
s7727,Movie,Dramas
s7727,Movie,International Movies
s7728,Movie,Comedies
s7728,Movie,Dramas
s7728,Movie,International Movies
s7729,Movie,Action & Adventure
s7729,Movie,Comedies
s7730,Movie,Dramas
s7730,Movie,Thrillers
s7731,TV Show,Kids' TV
s7731,TV Show,Reality TV
s7731,TV Show,Science & Nature TV
s7732,Movie,Comedies
s7732,Movie,Dramas
s7732,Movie,Independent Movies
s7733,Movie,Comedies
s7733,Movie,International Movies
s7733,Movie,Romantic Movies
s7734,TV Show,International TV Shows
s7734,TV Show,Romantic TV Shows
s7734,TV Show,TV Comedies
s7735,Movie,Comedies
s7735,Movie,International Movies
s7735,Movie,Romantic Movies
s7736,TV Show,TV Comedies
s7737,Movie,Comedies
s7737,Movie,Dramas
s7737,Movie,Independent Movies
s7738,Movie,Action & Adventure
s7738,Movie,International Movies
s7739,TV Show,Crime TV Shows
s7739,TV Show,International TV Shows
s7739,TV Show,TV Dramas
s7740,Movie,Comedies
s7740,Movie,International Movies
s7741,TV Show,Anime Series
s7741,TV Show,International TV Shows
s7741,TV Show,Romantic TV Shows
s7742,Movie,Dramas
s7742,Movie,International Movies
s7742,Movie,LGBTQ Movies
s7743,Movie,Dramas
s7743,Movie,International Movies
s7743,Movie,Thrillers
s7744,TV Show,International TV Shows
s7744,TV Show,Romantic TV Shows
s7744,TV Show,TV Comedies
s7745,Movie,Stand-Up Comedy
s7746,Movie,Children & Family Movies
s7746,Movie,Comedies
s7747,TV Show,International TV Shows
s7747,TV Show,TV Dramas
s7748,Movie,Dramas
s7748,Movie,Independent Movies
s7748,Movie,International Movies
s7749,Movie,Comedies
s7749,Movie,Dramas
s7749,Movie,International Movies
s7750,TV Show,Anime Series
s7750,TV Show,Kids' TV
s7751,TV Show,Anime Series
s7751,TV Show,Kids' TV
s7752,Movie,Comedies
s7752,Movie,International Movies
s7753,TV Show,International TV Shows
s7753,TV Show,Reality TV
s7754,TV Show,International TV Shows
s7754,TV Show,TV Dramas
s7755,Movie,Dramas
s7755,Movie,International Movies
s7756,TV Show,TV Action & Adventure
s7756,TV Show,TV Comedies
s7756,TV Show,TV Horror
s7757,TV Show,Kids' TV
s7758,Movie,Stand-Up Comedy
s7759,Movie,Comedies
s7759,Movie,Independent Movies
s7759,Movie,Romantic Movies
s7760,TV Show,Kids' TV
s7761,Movie,Comedies
s7761,Movie,International Movies
s7761,Movie,Romantic Movies
s7762,Movie,Children & Family Movies
s7762,Movie,Comedies
s7763,Movie,Comedies
s7763,Movie,Dramas
s7763,Movie,International Movies
s7764,Movie,Dramas
s7764,Movie,International Movies
s7765,Movie,Comedies
s7765,Movie,Dramas
s7765,Movie,International Movies
s7766,Movie,International Movies
s7766,Movie,Thrillers
s7767,TV Show,Kids' TV
s7767,TV Show,TV Comedies
s7768,TV Show,International TV Shows
s7768,TV Show,Romantic TV Shows
s7768,TV Show,TV Dramas
s7769,Movie,Dramas
s7769,Movie,International Movies
s7769,Movie,Romantic Movies
s7770,Movie,Comedies
s7770,Movie,Dramas
s7770,Movie,International Movies
s7771,Movie,Dramas
s7771,Movie,International Movies
s7771,Movie,Thrillers
s7772,Movie,Documentaries
s7772,Movie,Sports Movies
s7773,Movie,Children & Family Movies
s7773,Movie,Comedies
s7774,Movie,Documentaries
s7774,Movie,International Movies
s7774,Movie,Music & Musicals
s7775,Movie,Cult Movies
s7775,Movie,Dramas
s7775,Movie,Thrillers
s7776,TV Show,Anime Series
s7776,TV Show,Kids' TV
s7777,Movie,Children & Family Movies
s7777,Movie,Dramas
s7778,TV Show,Kids' TV
s7778,TV Show,Korean TV Shows
s7778,TV Show,TV Comedies
s7779,Movie,Comedies
s7779,Movie,Horror Movies
s7780,TV Show,International TV Shows
s7780,TV Show,Spanish-Language TV Shows
s7780,TV Show,Stand-Up Comedy & Talk Shows
s7781,Movie,Dramas
s7781,Movie,Independent Movies
s7781,Movie,International Movies
s7782,Movie,Children & Family Movies
s7782,Movie,Comedies
s7783,Movie,Dramas
s7783,Movie,International Movies
s7784,Movie,Dramas
s7784,Movie,International Movies
s7784,Movie,Music & Musicals
s7785,Movie,Documentaries
s7785,Movie,International Movies
s7785,Movie,Music & Musicals
s7786,TV Show,International TV Shows
s7786,TV Show,Reality TV
s7787,Movie,Documentaries
s7787,Movie,Music & Musicals
